raceId,driverId,year,constructorId,grid,position,win,pole,pit_stop_count,pit_stop_binary
841,1,2011,1,2,2,0,0,2,0
841,2,2011,4,18,12,0,0,2,0
841,3,2011,131,7,17,0,0,1,0
841,4,2011,6,5,4,0,0,3,1
841,5,2011,205,19,18,0,0,1,0
841,10,2011,166,21,15,0,0,1,0
841,13,2011,6,8,7,0,0,3,1
841,15,2011,205,20,13,0,0,2,0
841,16,2011,10,16,9,0,0,2,0
841,17,2011,9,3,5,0,0,3,1
841,18,2011,1,4,6,0,0,3,1
841,20,2011,9,1,1,1,1,2,0
841,22,2011,3,17,16,0,0,4,1
841,24,2011,164,23,23,0,0,0,0
841,30,2011,131,11,19,0,0,2,0
841,39,2011,164,24,24,0,0,0,0
841,67,2011,5,10,8,0,0,2,0
841,153,2011,5,12,11,0,0,3,1
841,155,2011,15,9,21,0,0,2,0
841,808,2011,4,6,3,0,0,2,0
841,813,2011,3,15,20,0,0,0,0
841,814,2011,10,14,10,0,0,2,0
841,815,2011,15,13,22,0,0,1,0
841,816,2011,166,22,14,0,0,2,0
842,1,2011,1,2,8,0,0,4,1
842,2,2011,4,6,3,0,0,3,1
842,3,2011,131,9,12,0,0,3,1
842,4,2011,6,5,6,0,0,4,1
842,5,2011,205,19,15,0,0,2,0
842,10,2011,166,21,16,0,0,2,0
842,13,2011,6,7,5,0,0,3,1
842,15,2011,205,20,20,0,0,1,0
842,16,2011,10,17,11,0,0,3,1
842,17,2011,9,3,4,0,0,4,1
842,18,2011,1,4,2,0,0,3,1
842,20,2011,9,1,1,1,1,3,1
842,22,2011,3,15,22,0,0,2,0
842,24,2011,164,23,18,0,0,3,1
842,30,2011,131,11,9,0,0,3,1
842,39,2011,164,24,23,0,0,0,0
842,67,2011,5,12,13,0,0,3,1
842,153,2011,5,13,14,0,0,2,0
842,155,2011,15,10,7,0,0,2,0
842,808,2011,4,8,17,0,0,3,1
842,813,2011,3,18,24,0,0,0,0
842,814,2011,10,14,10,0,0,3,1
842,815,2011,15,16,21,0,0,1,0
842,816,2011,166,22,19,0,0,2,0
843,1,2011,1,3,1,1,0,3,1
843,2,2011,4,16,12,0,0,2,0
843,3,2011,131,4,5,0,0,3,1
843,4,2011,6,5,7,0,0,2,0
843,5,2011,205,19,16,0,0,2,0
843,10,2011,166,22,21,0,0,3,1
843,13,2011,6,6,6,0,0,2,0
843,15,2011,205,20,19,0,0,2,0
843,16,2011,10,11,15,0,0,3,1
843,17,2011,9,18,3,0,0,3,1
843,18,2011,1,2,4,0,0,3,1
843,20,2011,9,1,2,0,1,2,0
843,22,2011,3,15,13,0,0,2,0
843,24,2011,164,23,22,0,0,3,1
843,30,2011,131,14,8,0,0,3,1
843,39,2011,164,24,23,0,0,1,0
843,67,2011,5,9,14,0,0,3,1
843,153,2011,5,7,24,0,0,1,0
843,155,2011,15,13,10,0,0,2,0
843,808,2011,4,10,9,0,0,2,0
843,813,2011,3,17,18,0,0,3,1
843,814,2011,10,8,11,0,0,2,0
843,815,2011,15,12,17,0,0,4,1
843,816,2011,166,21,20,0,0,2,0
844,1,2011,1,4,4,0,0,4,1
844,2,2011,4,9,7,0,0,4,1
844,3,2011,131,3,5,0,0,4,1
844,4,2011,6,5,3,0,0,4,1
844,5,2011,205,18,19,0,0,3,1
844,10,2011,166,22,24,0,0,0,0
844,13,2011,6,10,11,0,0,4,1
844,15,2011,205,19,18,0,0,3,1
844,16,2011,10,12,13,0,0,3,1
844,17,2011,9,2,2,0,0,4,1
844,18,2011,1,6,6,0,0,3,1
844,20,2011,9,1,1,1,1,4,1
844,22,2011,3,11,15,0,0,3,1
844,24,2011,164,21,22,0,0,4,1
844,30,2011,131,8,12,0,0,4,1
844,39,2011,164,23,21,0,0,3,1
844,67,2011,5,16,9,0,0,3,1
844,153,2011,5,17,16,0,0,4,1
844,808,2011,4,7,8,0,0,4,1
844,813,2011,3,14,17,0,0,4,1
844,814,2011,10,13,23,0,0,4,1
844,815,2011,15,15,14,0,0,4,1
844,816,2011,166,20,20,0,0,2,0
845,1,2011,1,3,2,0,0,4,1
845,3,2011,131,7,7,0,0,3,1
845,4,2011,6,4,5,0,0,4,1
845,5,2011,205,15,23,0,0,3,1
845,10,2011,166,20,19,0,0,3,1
845,13,2011,6,8,22,0,0,3,1
845,15,2011,205,18,18,0,0,3,1
845,16,2011,10,17,13,0,0,3,1
845,17,2011,9,1,4,0,1,4,1
845,18,2011,1,5,3,0,0,3,1
845,20,2011,9,2,1,1,0,4,1
845,22,2011,3,19,17,0,0,4,1
845,24,2011,164,21,24,0,0,1,0
845,30,2011,131,10,6,0,0,3,1
845,39,2011,164,22,21,0,0,3,1
845,67,2011,5,11,14,0,0,3,1
845,153,2011,5,13,16,0,0,4,1
845,155,2011,15,14,10,0,0,3,1
845,808,2011,4,6,11,0,0,3,1
845,813,2011,3,9,15,0,0,4,1
845,814,2011,10,16,12,0,0,3,1
845,815,2011,15,12,9,0,0,3,1
845,816,2011,166,23,20,0,0,3,1
846,1,2011,1,7,6,0,0,3,1
846,2,2011,4,16,8,0,0,2,0
846,3,2011,131,8,11,0,0,3,1
846,4,2011,6,4,2,0,0,2,0
846,5,2011,205,18,14,0,0,2,0
846,10,2011,166,21,23,0,0,1,0
846,13,2011,6,6,21,0,0,1,0
846,15,2011,205,19,13,0,0,2,0
846,16,2011,10,15,7,0,0,2,0
846,17,2011,9,3,4,0,0,2,0
846,18,2011,1,2,3,0,0,3,1
846,20,2011,9,1,1,1,1,1,0
846,22,2011,3,12,9,0,0,2,0
846,24,2011,164,24,16,0,0,1,0
846,30,2011,131,5,22,0,0,1,0
846,39,2011,164,23,17,0,0,2,0
846,67,2011,5,17,10,0,0,2,0
846,153,2011,5,20,20,0,0,2,0
846,155,2011,15,13,5,0,0,1,0
846,808,2011,4,11,19,0,0,1,0
846,813,2011,3,9,18,0,0,2,0
846,814,2011,10,14,12,0,0,3,1
846,815,2011,15,10,24,0,0,0,0
846,816,2011,166,22,15,0,0,2,0
847,1,2011,1,5,24,0,0,0,0
847,2,2011,4,9,20,0,0,2,0
847,3,2011,131,6,11,0,0,4,1
847,4,2011,6,2,22,0,0,3,1
847,5,2011,205,20,23,0,0,1,0
847,10,2011,166,22,16,0,0,2,0
847,13,2011,6,3,6,0,0,4,1
847,15,2011,205,19,17,0,0,3,1
847,16,2011,10,14,21,0,0,4,1
847,17,2011,9,4,3,0,0,3,1
847,18,2011,1,7,1,1,0,6,1
847,20,2011,9,1,2,0,1,3,1
847,22,2011,3,16,9,0,0,4,1
847,24,2011,164,21,13,0,0,3,1
847,30,2011,131,8,4,0,0,4,1
847,37,2011,15,17,12,0,0,2,0
847,39,2011,164,23,14,0,0,2,0
847,67,2011,5,15,10,0,0,4,1
847,153,2011,5,18,8,0,0,3,1
847,155,2011,15,13,7,0,0,2,0
847,808,2011,4,10,5,0,0,2,0
847,813,2011,3,12,19,0,0,5,1
847,814,2011,10,11,18,0,0,4,1
847,816,2011,166,24,15,0,0,5,1
848,1,2011,1,3,4,0,0,3,1
848,2,2011,4,9,10,0,0,3,1
848,3,2011,131,7,7,0,0,3,1
848,4,2011,6,4,2,0,0,3,1
848,5,2011,205,19,19,0,0,3,1
848,10,2011,166,21,21,0,0,2,0
848,13,2011,6,5,5,0,0,3,1
848,15,2011,205,20,20,0,0,2,0
848,16,2011,10,10,9,0,0,3,1
848,17,2011,9,2,3,0,0,3,1
848,18,2011,1,6,6,0,0,3,1
848,20,2011,9,1,1,1,1,3,1
848,22,2011,3,13,12,0,0,3,1
848,24,2011,164,22,23,0,0,3,1
848,30,2011,131,8,17,0,0,3,1
848,39,2011,164,24,24,0,0,3,1
848,67,2011,5,17,13,0,0,3,1
848,153,2011,5,18,8,0,0,2,0
848,155,2011,15,14,16,0,0,2,0
848,808,2011,4,11,15,0,0,3,1
848,813,2011,3,15,18,0,0,3,1
848,814,2011,10,12,14,0,0,3,1
848,815,2011,15,16,11,0,0,1,0
848,816,2011,166,23,22,0,0,2,0
849,1,2011,1,10,4,0,0,3,1
849,2,2011,4,16,8,0,0,2,0
849,3,2011,131,9,6,0,0,2,0
849,4,2011,6,3,1,1,0,3,1
849,5,2011,205,17,24,0,0,0,0
849,10,2011,166,20,16,0,0,2,0
849,13,2011,6,4,5,0,0,3,1
849,15,2011,205,21,23,0,0,0,0
849,16,2011,10,11,11,0,0,3,1
849,17,2011,9,1,3,0,1,3,1
849,18,2011,1,5,20,0,0,3,1
849,20,2011,9,2,2,0,0,3,1
849,22,2011,3,15,13,0,0,2,0
849,24,2011,164,23,18,0,0,2,0
849,30,2011,131,13,9,0,0,3,1
849,67,2011,5,19,21,0,0,2,0
849,153,2011,5,18,10,0,0,2,0
849,155,2011,15,8,22,0,0,2,0
849,808,2011,4,14,12,0,0,2,0
849,813,2011,3,7,14,0,0,3,1
849,814,2011,10,6,15,0,0,3,1
849,815,2011,15,12,7,0,0,2,0
849,816,2011,166,22,17,0,0,2,0
849,817,2011,164,24,19,0,0,2,0
850,1,2011,1,2,1,1,0,3,1
850,2,2011,4,11,24,0,0,0,0
850,3,2011,131,6,7,0,0,3,1
850,4,2011,6,4,2,0,0,3,1
850,5,2011,205,19,16,0,0,2,0
850,10,2011,166,20,17,0,0,2,0
850,13,2011,6,5,5,0,0,3,1
850,16,2011,10,8,6,0,0,2,0
850,17,2011,9,1,3,0,1,3,1
850,18,2011,1,7,22,0,0,1,0
850,20,2011,9,3,4,0,0,3,1
850,22,2011,3,14,23,0,0,0,0
850,24,2011,164,23,21,0,0,1,0
850,30,2011,131,10,8,0,0,3,1
850,67,2011,5,16,15,0,0,2,0
850,153,2011,5,17,12,0,0,2,0
850,155,2011,15,18,9,0,0,2,0
850,808,2011,4,9,10,0,0,2,0
850,812,2011,205,21,20,0,0,3,1
850,813,2011,3,13,14,0,0,2,0
850,814,2011,10,12,13,0,0,2,0
850,815,2011,15,15,11,0,0,2,0
850,816,2011,166,22,18,0,0,2,0
850,817,2011,164,24,19,0,0,2,0
851,1,2011,1,2,4,0,0,6,1
851,2,2011,4,14,23,0,0,2,0
851,3,2011,131,7,9,0,0,4,1
851,4,2011,6,5,3,0,0,4,1
851,5,2011,205,19,21,0,0,5,1
851,10,2011,166,21,17,0,0,3,1
851,13,2011,6,4,6,0,0,4,1
851,15,2011,205,20,24,0,0,1,0
851,16,2011,10,8,14,0,0,4,1
851,17,2011,9,6,5,0,0,5,1
851,18,2011,1,3,1,1,0,3,1
851,20,2011,9,1,2,0,1,3,1
851,22,2011,3,15,13,0,0,5,1
851,24,2011,164,22,20,0,0,5,1
851,30,2011,131,9,22,0,0,2,0
851,67,2011,5,18,8,0,0,3,1
851,153,2011,5,16,10,0,0,3,1
851,155,2011,15,13,11,0,0,3,1
851,808,2011,4,12,12,0,0,4,1
851,813,2011,3,17,16,0,0,5,1
851,814,2011,10,11,7,0,0,3,1
851,815,2011,15,10,15,0,0,4,1
851,816,2011,166,24,19,0,0,4,1
851,817,2011,164,23,18,0,0,3,1
852,1,2011,1,2,22,0,0,1,0
852,3,2011,131,5,6,0,0,2,0
852,4,2011,6,8,4,0,0,2,0
852,5,2011,205,17,15,0,0,3,1
852,10,2011,166,20,18,0,0,4,1
852,13,2011,6,4,8,0,0,3,1
852,15,2011,205,19,14,0,0,2,0
852,16,2011,10,15,7,0,0,2,0
852,17,2011,9,3,2,0,0,2,0
852,18,2011,1,13,3,0,0,3,1
852,20,2011,9,1,1,1,1,3,1
852,22,2011,3,14,16,0,0,3,1
852,24,2011,164,22,19,0,0,2,0
852,67,2011,5,11,23,0,0,0,0
852,153,2011,5,6,24,0,0,0,0
852,155,2011,15,12,12,0,0,2,0
852,808,2011,4,10,9,0,0,2,0
852,811,2011,4,7,13,0,0,3,1
852,813,2011,3,16,10,0,0,2,0
852,814,2011,10,18,11,0,0,2,0
852,815,2011,15,9,20,0,0,3,1
852,816,2011,166,21,17,0,0,2,0
852,817,2011,164,23,21,0,0,1,0
853,1,2011,1,2,4,0,0,2,0
853,3,2011,131,9,23,0,0,0,0
853,4,2011,6,4,3,0,0,2,0
853,5,2011,205,20,13,0,0,2,0
853,10,2011,166,21,15,0,0,2,0
853,13,2011,6,6,6,0,0,2,0
853,15,2011,205,19,14,0,0,2,0
853,16,2011,10,12,19,0,0,0,0
853,17,2011,9,5,20,0,0,0,0
853,18,2011,1,3,2,0,0,2,0
853,20,2011,9,1,1,1,1,2,0
853,22,2011,3,13,12,0,0,2,0
853,24,2011,164,24,24,0,0,0,0
853,30,2011,131,8,5,0,0,2,0
853,67,2011,5,16,10,0,0,2,0
853,153,2011,5,18,7,0,0,2,0
853,155,2011,15,17,18,0,0,2,0
853,808,2011,4,7,22,0,0,0,0
853,811,2011,4,10,9,0,0,3,1
853,813,2011,3,14,11,0,0,2,0
853,814,2011,10,11,8,0,0,2,0
853,815,2011,15,15,17,0,0,0,0
853,816,2011,166,22,21,0,0,0,0
853,817,2011,164,23,16,0,0,2,0
854,1,2011,1,4,5,0,0,5,1
854,3,2011,131,7,7,0,0,3,1
854,4,2011,6,5,4,0,0,3,1
854,5,2011,205,19,16,0,0,3,1
854,10,2011,166,21,24,0,0,0,0
854,13,2011,6,6,9,0,0,4,1
854,15,2011,205,20,22,0,0,3,1
854,16,2011,10,9,8,0,0,2,0
854,17,2011,9,2,3,0,0,3,1
854,18,2011,1,3,2,0,0,3,1
854,20,2011,9,1,1,1,1,3,1
854,22,2011,3,12,13,0,0,2,0
854,24,2011,164,24,20,0,0,4,1
854,30,2011,131,8,23,0,0,2,0
854,67,2011,5,14,12,0,0,3,1
854,153,2011,5,16,21,0,0,3,1
854,155,2011,15,17,14,0,0,4,1
854,808,2011,4,18,17,0,0,3,1
854,811,2011,4,15,15,0,0,4,1
854,813,2011,3,13,11,0,0,3,1
854,814,2011,10,10,6,0,0,2,0
854,815,2011,15,11,10,0,0,2,0
854,816,2011,166,22,18,0,0,2,0
854,817,2011,164,23,19,0,0,3,1
855,1,2011,1,3,5,0,0,3,1
855,3,2011,131,23,10,0,0,3,1
855,4,2011,6,5,2,0,0,3,1
855,5,2011,205,18,18,0,0,3,1
855,10,2011,166,21,20,0,0,3,1
855,13,2011,6,4,7,0,0,3,1
855,15,2011,205,19,19,0,0,3,1
855,16,2011,10,11,11,0,0,3,1
855,17,2011,9,6,4,0,0,3,1
855,18,2011,1,2,1,1,0,3,1
855,20,2011,9,1,3,0,1,3,1
855,22,2011,3,13,17,0,0,3,1
855,24,2011,164,24,23,0,0,3,1
855,30,2011,131,7,6,0,0,3,1
855,67,2011,5,15,24,0,0,1,0
855,153,2011,5,16,15,0,0,2,0
855,155,2011,15,10,13,0,0,2,0
855,808,2011,4,9,9,0,0,2,0
855,811,2011,4,8,16,0,0,2,0
855,813,2011,3,14,14,0,0,3,1
855,814,2011,10,12,12,0,0,3,1
855,815,2011,15,17,8,0,0,2,0
855,816,2011,166,20,21,0,0,3,1
855,817,2011,164,22,22,0,0,3,1
856,1,2011,1,1,2,0,1,2,0
856,3,2011,131,7,8,0,0,2,0
856,4,2011,6,6,5,0,0,2,0
856,5,2011,205,19,14,0,0,2,0
856,10,2011,166,21,18,0,0,2,0
856,13,2011,6,5,6,0,0,2,0
856,15,2011,205,20,17,0,0,2,0
856,16,2011,10,10,11,0,0,2,0
856,17,2011,9,4,3,0,0,2,0
856,18,2011,1,3,4,0,0,2,0
856,20,2011,9,2,1,1,0,2,0
856,22,2011,3,18,12,0,0,2,0
856,24,2011,164,23,21,0,0,3,1
856,30,2011,131,12,24,0,0,1,0
856,67,2011,5,13,9,0,0,2,0
856,153,2011,5,11,7,0,0,2,0
856,155,2011,15,14,15,0,0,3,1
856,808,2011,4,8,23,0,0,1,0
856,811,2011,4,15,13,0,0,2,0
856,813,2011,3,16,22,0,0,3,1
856,814,2011,10,9,10,0,0,2,0
856,815,2011,15,17,16,0,0,3,1
856,816,2011,166,22,20,0,0,2,0
856,817,2011,164,24,19,0,0,2,0
857,1,2011,1,2,7,0,0,3,1
857,3,2011,131,7,6,0,0,2,0
857,4,2011,6,4,3,0,0,2,0
857,5,2011,205,19,14,0,0,2,0
857,10,2011,166,24,23,0,0,1,0
857,13,2011,6,6,20,0,0,3,1
857,15,2011,205,20,19,0,0,3,1
857,16,2011,10,8,9,0,0,2,0
857,17,2011,9,3,4,0,0,2,0
857,18,2011,1,5,2,0,0,2,0
857,20,2011,9,1,1,1,1,2,0
857,22,2011,3,16,15,0,0,2,0
857,30,2011,131,12,5,0,0,2,0
857,39,2011,164,22,17,0,0,2,0
857,67,2011,5,9,21,0,0,1,0
857,153,2011,5,10,8,0,0,2,0
857,155,2011,15,18,24,0,0,0,0
857,808,2011,4,11,11,0,0,2,0
857,811,2011,4,15,12,0,0,2,0
857,813,2011,3,14,22,0,0,0,0
857,814,2011,10,13,13,0,0,3,1
857,815,2011,15,17,10,0,0,2,0
857,816,2011,166,23,16,0,0,2,0
857,817,2011,164,21,18,0,0,3,1
858,1,2011,1,2,1,1,0,2,0
858,3,2011,131,7,6,0,0,2,0
858,4,2011,6,5,2,0,0,2,0
858,5,2011,205,18,17,0,0,2,0
858,10,2011,166,20,19,0,0,2,0
858,13,2011,6,6,5,0,0,2,0
858,15,2011,205,19,18,0,0,2,0
858,16,2011,10,9,8,0,0,2,0
858,17,2011,9,4,4,0,0,3,1
858,18,2011,1,3,3,0,0,2,0
858,20,2011,9,1,24,0,1,0,0
858,24,2011,164,23,20,0,0,1,0
858,30,2011,131,8,7,0,0,2,0
858,67,2011,5,13,22,0,0,0,0
858,153,2011,5,15,15,0,0,2,0
858,155,2011,15,16,10,0,0,2,0
858,808,2011,4,12,13,0,0,2,0
858,811,2011,4,14,16,0,0,3,1
858,813,2011,3,17,14,0,0,2,0
858,814,2011,10,10,9,0,0,1,0
858,815,2011,15,11,11,0,0,2,0
858,816,2011,166,22,23,0,0,0,0
858,817,2011,164,21,21,0,0,2,0
859,1,2011,1,4,22,0,0,3,1
859,3,2011,131,6,7,0,0,2,0
859,4,2011,6,5,4,0,0,3,1
859,5,2011,205,19,16,0,0,3,1
859,10,2011,166,24,24,0,0,1,0
859,13,2011,6,7,5,0,0,2,0
859,15,2011,205,20,18,0,0,2,0
859,16,2011,10,8,6,0,0,3,1
859,17,2011,9,2,1,1,0,3,1
859,18,2011,1,3,3,0,0,3,1
859,20,2011,9,1,2,0,1,3,1
859,22,2011,3,12,14,0,0,3,1
859,24,2011,164,21,21,0,0,2,0
859,30,2011,131,10,15,0,0,3,1
859,67,2011,5,14,12,0,0,2,0
859,153,2011,5,13,11,0,0,2,0
859,155,2011,15,16,9,0,0,2,0
859,808,2011,4,15,10,0,0,3,1
859,811,2011,4,9,17,0,0,4,1
859,813,2011,3,18,23,0,0,1,0
859,814,2011,10,11,8,0,0,2,0
859,815,2011,15,17,13,0,0,2,0
859,816,2011,166,23,19,0,0,2,0
859,817,2011,164,22,20,0,0,2,0
860,1,2012,1,1,3,0,1,2,0
860,3,2012,131,7,12,0,0,2,0
860,4,2012,6,12,5,0,0,2,0
860,5,2012,207,19,18,0,0,3,1
860,8,2012,208,18,7,0,0,2,0
860,10,2012,206,21,14,0,0,2,0
860,13,2012,6,16,17,0,0,3,1
860,17,2012,9,5,4,0,0,2,0
860,18,2012,1,2,1,1,0,2,0
860,20,2012,9,6,2,0,0,2,0
860,30,2012,131,4,20,0,0,0,0
860,37,2012,164,23,23,0,0,0,0
860,39,2012,164,24,24,0,0,0,0
860,154,2012,208,3,21,0,0,0,0
860,155,2012,15,13,6,0,0,2,0
860,807,2012,10,9,22,0,0,0,0
860,808,2012,207,20,19,0,0,1,0
860,811,2012,3,14,16,0,0,3,1
860,813,2012,3,8,13,0,0,2,0
860,814,2012,10,15,10,0,0,2,0
860,815,2012,15,17,8,0,0,1,0
860,817,2012,5,10,9,0,0,3,1
860,818,2012,5,11,11,0,0,2,0
860,819,2012,206,22,15,0,0,3,1
861,1,2012,1,1,3,0,1,3,1
861,3,2012,131,8,13,0,0,4,1
861,4,2012,6,9,1,1,0,3,1
861,5,2012,207,19,18,0,0,4,1
861,8,2012,208,5,5,0,0,3,1
861,10,2012,206,21,17,0,0,3,1
861,13,2012,6,12,15,0,0,4,1
861,17,2012,9,4,4,0,0,3,1
861,18,2012,1,2,14,0,0,5,1
861,20,2012,9,6,11,0,0,4,1
861,30,2012,131,3,10,0,0,3,1
861,37,2012,164,23,22,0,0,3,1
861,39,2012,164,24,21,0,0,2,0
861,154,2012,208,7,24,0,0,0,0
861,155,2012,15,17,23,0,0,3,1
861,807,2012,10,16,9,0,0,3,1
861,808,2012,207,20,16,0,0,3,1
861,811,2012,3,13,6,0,0,4,1
861,813,2012,3,11,19,0,0,4,1
861,814,2012,10,14,7,0,0,3,1
861,815,2012,15,10,2,0,0,3,1
861,817,2012,5,15,12,0,0,4,1
861,818,2012,5,18,8,0,0,2,0
861,819,2012,206,22,20,0,0,3,1
862,1,2012,1,2,3,0,0,3,1
862,3,2012,131,1,1,1,1,2,0
862,4,2012,6,9,9,0,0,3,1
862,5,2012,207,19,23,0,0,3,1
862,8,2012,208,5,14,0,0,2,0
862,10,2012,206,21,19,0,0,2,0
862,13,2012,6,12,13,0,0,2,0
862,17,2012,9,7,4,0,0,3,1
862,18,2012,1,6,2,0,0,3,1
862,20,2012,9,11,5,0,0,2,0
862,30,2012,131,3,24,0,0,1,0
862,37,2012,164,23,21,0,0,2,0
862,39,2012,164,24,22,0,0,2,0
862,154,2012,208,10,6,0,0,2,0
862,155,2012,15,4,10,0,0,3,1
862,807,2012,10,16,15,0,0,2,0
862,808,2012,207,20,18,0,0,2,0
862,811,2012,3,14,7,0,0,2,0
862,813,2012,3,13,8,0,0,2,0
862,814,2012,10,15,12,0,0,2,0
862,815,2012,15,8,11,0,0,2,0
862,817,2012,5,17,17,0,0,2,0
862,818,2012,5,18,16,0,0,3,1
862,819,2012,206,22,20,0,0,3,1
863,1,2012,1,2,8,0,0,3,1
863,3,2012,131,5,5,0,0,3,1
863,4,2012,6,9,7,0,0,3,1
863,5,2012,207,16,17,0,0,4,1
863,8,2012,208,11,2,0,0,3,1
863,10,2012,206,23,19,0,0,3,1
863,13,2012,6,14,9,0,0,3,1
863,17,2012,9,3,4,0,0,3,1
863,18,2012,1,4,18,0,0,4,1
863,20,2012,9,1,1,1,1,3,1
863,30,2012,131,18,10,0,0,3,1
863,37,2012,164,22,20,0,0,3,1
863,39,2012,164,24,21,0,0,4,1
863,154,2012,208,7,3,0,0,3,1
863,155,2012,15,12,13,0,0,3,1
863,807,2012,10,13,12,0,0,3,1
863,808,2012,207,20,16,0,0,3,1
863,811,2012,3,15,22,0,0,3,1
863,813,2012,3,17,23,0,0,2,0
863,814,2012,10,10,6,0,0,2,0
863,815,2012,15,8,11,0,0,3,1
863,817,2012,5,6,15,0,0,3,1
863,818,2012,5,19,14,0,0,3,1
863,819,2012,206,21,24,0,0,1,0
864,1,2012,1,1,8,0,1,2,0
864,3,2012,131,7,7,0,0,3,1
864,4,2012,6,3,2,0,0,3,1
864,5,2012,207,20,16,0,0,3,1
864,8,2012,208,5,3,0,0,3,1
864,10,2012,206,22,18,0,0,3,1
864,13,2012,6,17,15,0,0,4,1
864,17,2012,9,12,11,0,0,3,1
864,18,2012,1,11,9,0,0,3,1
864,20,2012,9,8,6,0,0,4,1
864,30,2012,131,9,24,0,0,1,0
864,37,2012,164,23,19,0,0,4,1
864,39,2012,164,24,22,0,0,2,0
864,154,2012,208,4,4,0,0,3,1
864,155,2012,15,10,5,0,0,3,1
864,807,2012,10,14,10,0,0,3,1
864,808,2012,207,19,17,0,0,3,1
864,811,2012,3,18,23,0,0,0,0
864,813,2012,3,2,1,1,0,3,1
864,814,2012,10,13,14,0,0,3,1
864,815,2012,15,6,20,0,0,3,1
864,817,2012,5,16,13,0,0,3,1
864,818,2012,5,15,12,0,0,3,1
864,819,2012,206,21,21,0,0,2,0
865,1,2012,1,4,5,0,0,1,0
865,3,2012,131,3,2,0,0,1,0
865,4,2012,6,6,3,0,0,1,0
865,5,2012,207,18,13,0,0,2,0
865,8,2012,208,8,9,0,0,1,0
865,10,2012,206,20,14,0,0,2,0
865,13,2012,6,7,6,0,0,1,0
865,17,2012,9,2,1,1,0,1,0
865,18,2012,1,13,16,0,0,1,0
865,20,2012,9,10,4,0,0,1,0
865,30,2012,131,1,19,0,1,1,0
865,37,2012,164,21,22,0,0,0,0
865,39,2012,164,23,15,0,0,2,0
865,154,2012,208,5,24,0,0,0,0
865,155,2012,15,12,21,0,0,1,0
865,807,2012,10,11,8,0,0,1,0
865,808,2012,207,19,20,0,0,1,0
865,811,2012,3,14,10,0,0,1,0
865,813,2012,3,9,23,0,0,0,0
865,814,2012,10,15,7,0,0,1,0
865,817,2012,5,16,17,0,0,1,0
865,818,2012,5,17,12,0,0,2,0
865,819,2012,206,22,18,0,0,1,0
866,1,2012,1,2,1,1,0,2,0
866,3,2012,131,5,6,0,0,2,0
866,4,2012,6,3,5,0,0,1,0
866,5,2012,207,18,18,0,0,2,0
866,8,2012,208,12,8,0,0,1,0
866,10,2012,206,22,21,0,0,1,0
866,13,2012,6,6,10,0,0,2,0
866,17,2012,9,4,7,0,0,2,0
866,18,2012,1,10,16,0,0,3,1
866,20,2012,9,1,4,0,1,2,0
866,30,2012,131,9,22,0,0,2,0
866,37,2012,164,21,23,0,0,0,0
866,39,2012,164,24,24,0,0,0,0
866,154,2012,208,7,2,0,0,1,0
866,155,2012,15,11,9,0,0,1,0
866,807,2012,10,13,12,0,0,2,0
866,808,2012,207,19,19,0,0,2,0
866,811,2012,3,16,17,0,0,1,0
866,813,2012,3,17,13,0,0,1,0
866,814,2012,10,8,11,0,0,2,0
866,815,2012,15,15,3,0,0,1,0
866,817,2012,5,14,14,0,0,2,0
866,818,2012,5,20,15,0,0,3,1
866,819,2012,206,23,20,0,0,1,0
867,1,2012,1,2,19,0,0,2,0
867,3,2012,131,6,6,0,0,2,0
867,4,2012,6,11,1,1,0,2,0
867,5,2012,207,16,14,0,0,2,0
867,8,2012,208,5,2,0,0,2,0
867,13,2012,6,13,16,0,0,4,1
867,17,2012,9,19,4,0,0,2,0
867,18,2012,1,9,8,0,0,2,0
867,20,2012,9,1,21,0,1,2,0
867,30,2012,131,12,3,0,0,2,0
867,37,2012,164,21,17,0,0,2,0
867,39,2012,164,22,18,0,0,3,1
867,154,2012,208,4,20,0,0,2,0
867,155,2012,15,7,22,0,0,2,0
867,807,2012,10,8,5,0,0,2,0
867,808,2012,207,20,13,0,0,4,1
867,811,2012,3,14,10,0,0,2,0
867,813,2012,3,3,12,0,0,2,0
867,814,2012,10,10,7,0,0,1,0
867,815,2012,15,15,9,0,0,2,0
867,817,2012,5,17,11,0,0,2,0
867,818,2012,5,18,23,0,0,1,0
867,819,2012,206,23,15,0,0,2,0
868,1,2012,1,8,8,0,0,2,0
868,3,2012,131,13,15,0,0,2,0
868,4,2012,6,1,2,0,1,2,0
868,5,2012,207,20,17,0,0,2,0
868,8,2012,208,6,5,0,0,2,0
868,10,2012,206,21,18,0,0,2,0
868,13,2012,6,5,4,0,0,2,0
868,17,2012,9,2,1,1,0,2,0
868,18,2012,1,18,10,0,0,2,0
868,20,2012,9,4,3,0,0,2,0
868,30,2012,131,3,7,0,0,2,0
868,37,2012,164,22,20,0,0,1,0
868,39,2012,164,23,21,0,0,2,0
868,154,2012,208,10,6,0,0,2,0
868,155,2012,15,12,11,0,0,2,0
868,807,2012,10,9,12,0,0,2,0
868,808,2012,207,19,24,0,0,0,0
868,811,2012,3,15,9,0,0,2,0
868,813,2012,3,7,16,0,0,2,0
868,814,2012,10,11,23,0,0,1,0
868,815,2012,15,17,22,0,0,1,0
868,817,2012,5,14,13,0,0,2,0
868,818,2012,5,16,14,0,0,2,0
868,819,2012,206,24,19,0,0,2,0
869,1,2012,1,8,24,0,0,3,1
869,3,2012,131,17,10,0,0,3,1
869,4,2012,6,1,1,1,1,2,0
869,5,2012,207,19,19,0,0,4,1
869,8,2012,208,10,3,0,0,2,0
869,10,2012,206,22,22,0,0,2,0
869,13,2012,6,14,12,0,0,3,1
869,17,2012,9,3,8,0,0,2,0
869,18,2012,1,7,2,0,0,2,0
869,20,2012,9,2,5,0,0,2,0
869,30,2012,131,4,7,0,0,3,1
869,37,2012,164,23,21,0,0,2,0
869,39,2012,164,24,23,0,0,2,0
869,154,2012,208,15,18,0,0,3,1
869,155,2012,15,13,4,0,0,2,0
869,807,2012,10,5,9,0,0,3,1
869,808,2012,207,20,16,0,0,3,1
869,811,2012,3,16,17,0,0,3,1
869,813,2012,3,6,15,0,0,3,1
869,814,2012,10,9,11,0,0,2,0
869,815,2012,15,12,6,0,0,2,0
869,817,2012,5,11,13,0,0,2,0
869,818,2012,5,18,14,0,0,3,1
869,819,2012,206,21,20,0,0,2,0
870,1,2012,1,1,1,1,1,2,0
870,3,2012,131,13,10,0,0,2,0
870,4,2012,6,6,5,0,0,2,0
870,5,2012,207,19,17,0,0,3,1
870,8,2012,208,5,2,0,0,2,0
870,10,2012,206,22,21,0,0,2,0
870,13,2012,6,7,9,0,0,2,0
870,17,2012,9,11,8,0,0,3,1
870,18,2012,1,4,6,0,0,3,1
870,20,2012,9,3,4,0,0,3,1
870,30,2012,131,17,24,0,0,3,1
870,37,2012,164,23,22,0,0,2,0
870,39,2012,164,24,23,0,0,2,0
870,154,2012,208,2,3,0,0,2,0
870,155,2012,15,15,18,0,0,2,0
870,807,2012,10,10,11,0,0,2,0
870,808,2012,207,20,19,0,0,3,1
870,811,2012,3,9,7,0,0,2,0
870,813,2012,3,8,13,0,0,3,1
870,814,2012,10,12,12,0,0,2,0
870,815,2012,15,14,14,0,0,2,0
870,817,2012,5,18,15,0,0,3,1
870,818,2012,5,16,16,0,0,4,1
870,819,2012,206,21,20,0,0,2,0
871,1,2012,1,8,23,0,0,0,0
871,3,2012,131,18,11,0,0,2,0
871,4,2012,6,6,22,0,0,0,0
871,5,2012,207,19,17,0,0,2,0
871,8,2012,208,4,3,0,0,2,0
871,10,2012,206,21,15,0,0,2,0
871,13,2012,6,14,5,0,0,2,0
871,17,2012,9,7,6,0,0,2,0
871,18,2012,1,1,1,1,1,1,0
871,20,2012,9,11,2,0,0,1,0
871,30,2012,131,13,7,0,0,2,0
871,37,2012,164,22,18,0,0,3,1
871,39,2012,164,24,19,0,0,2,0
871,154,2012,208,9,24,0,0,0,0
871,155,2012,15,2,13,0,0,3,1
871,807,2012,10,12,4,0,0,2,0
871,808,2012,207,20,14,0,0,2,0
871,811,2012,3,17,12,0,0,2,0
871,813,2012,3,3,20,0,0,1,0
871,814,2012,10,10,10,0,0,2,0
871,815,2012,15,5,21,0,0,0,0
871,817,2012,5,16,9,0,0,2,0
871,818,2012,5,15,8,0,0,2,0
871,819,2012,206,23,16,0,0,1,0
872,1,2012,1,1,1,1,1,1,0
872,3,2012,131,7,7,0,0,2,0
872,4,2012,6,10,3,0,0,1,0
872,5,2012,207,18,14,0,0,2,0
872,8,2012,208,8,5,0,0,1,0
872,10,2012,206,20,17,0,0,2,0
872,13,2012,6,3,4,0,0,1,0
872,17,2012,9,11,20,0,0,1,0
872,18,2012,1,2,23,0,0,1,0
872,20,2012,9,6,22,0,0,2,0
872,30,2012,131,5,6,0,0,2,0
872,37,2012,164,23,18,0,0,1,0
872,39,2012,164,22,19,0,0,1,0
872,155,2012,15,9,9,0,0,1,0
872,808,2012,207,19,15,0,0,2,0
872,811,2012,3,14,10,0,0,1,0
872,813,2012,3,12,11,0,0,2,0
872,814,2012,10,4,8,0,0,1,0
872,815,2012,15,13,2,0,0,1,0
872,816,2012,208,16,13,0,0,1,0
872,817,2012,5,15,12,0,0,1,0
872,818,2012,5,17,24,0,0,0,0
872,819,2012,206,21,16,0,0,2,0
873,1,2012,1,1,24,0,1,1,0
873,3,2012,131,10,5,0,0,2,0
873,4,2012,6,5,3,0,0,2,0
873,5,2012,207,20,15,0,0,3,1
873,8,2012,208,12,6,0,0,2,0
873,10,2012,206,21,12,0,0,2,0
873,13,2012,6,13,8,0,0,3,1
873,17,2012,9,7,11,0,0,3,1
873,18,2012,1,4,2,0,0,2,0
873,20,2012,9,3,1,1,0,2,0
873,30,2012,131,9,21,0,0,2,0
873,37,2012,164,24,17,0,0,3,1
873,39,2012,164,23,23,0,0,1,0
873,154,2012,208,8,7,0,0,2,0
873,155,2012,15,18,13,0,0,3,1
873,807,2012,10,11,14,0,0,3,1
873,808,2012,207,19,19,0,0,4,1
873,811,2012,3,17,18,0,0,3,1
873,813,2012,3,2,22,0,0,3,1
873,814,2012,10,6,4,0,0,2,0
873,815,2012,15,14,10,0,0,2,0
873,817,2012,5,15,9,0,0,2,0
873,818,2012,5,16,20,0,0,2,0
873,819,2012,206,22,16,0,0,2,0
874,1,2012,1,9,5,0,0,2,0
874,3,2012,131,15,24,0,0,0,0
874,4,2012,6,7,23,0,0,0,0
874,5,2012,207,19,15,0,0,2,0
874,8,2012,208,8,6,0,0,2,0
874,10,2012,206,20,16,0,0,2,0
874,13,2012,6,11,2,0,0,2,0
874,17,2012,9,2,9,0,0,2,0
874,18,2012,1,3,4,0,0,2,0
874,20,2012,9,1,1,1,1,2,0
874,30,2012,131,13,11,0,0,2,0
874,37,2012,164,21,18,0,0,2,0
874,39,2012,164,24,21,0,0,1,0
874,154,2012,208,5,19,0,0,3,1
874,155,2012,15,4,3,0,0,2,0
874,807,2012,10,10,7,0,0,2,0
874,808,2012,207,23,17,0,0,3,1
874,811,2012,3,18,14,0,0,4,1
874,813,2012,3,14,8,0,0,2,0
874,814,2012,10,12,12,0,0,2,0
874,815,2012,15,6,22,0,0,1,0
874,817,2012,5,16,10,0,0,2,0
874,818,2012,5,17,13,0,0,2,0
874,819,2012,206,22,20,0,0,2,0
875,1,2012,1,3,10,0,0,3,1
875,3,2012,131,9,23,0,0,0,0
875,4,2012,6,4,3,0,0,2,0
875,5,2012,207,20,17,0,0,2,0
875,8,2012,208,5,5,0,0,2,0
875,10,2012,206,22,18,0,0,2,0
875,13,2012,6,6,4,0,0,2,0
875,17,2012,9,1,2,0,1,2,0
875,18,2012,1,11,24,0,0,0,0
875,20,2012,9,2,1,1,0,2,0
875,30,2012,131,10,13,0,0,2,0
875,37,2012,164,23,21,0,0,0,0
875,154,2012,208,7,7,0,0,2,0
875,155,2012,15,13,22,0,0,2,0
875,807,2012,10,8,6,0,0,2,0
875,808,2012,207,19,16,0,0,2,0
875,811,2012,3,18,15,0,0,2,0
875,813,2012,3,15,14,0,0,1,0
875,814,2012,10,14,12,0,0,2,0
875,815,2012,15,12,11,0,0,2,0
875,817,2012,5,16,9,0,0,2,0
875,818,2012,5,17,8,0,0,2,0
875,819,2012,206,21,19,0,0,2,0
876,1,2012,1,3,4,0,0,1,0
876,3,2012,131,10,11,0,0,1,0
876,4,2012,6,5,2,0,0,1,0
876,5,2012,207,20,18,0,0,1,0
876,8,2012,208,7,7,0,0,1,0
876,10,2012,206,21,20,0,0,1,0
876,13,2012,6,6,6,0,0,1,0
876,17,2012,9,2,3,0,0,1,0
876,18,2012,1,4,5,0,0,1,0
876,20,2012,9,1,1,1,1,1,0
876,30,2012,131,14,22,0,0,2,0
876,37,2012,164,22,23,0,0,1,0
876,39,2012,164,23,21,0,0,1,0
876,154,2012,208,11,9,0,0,1,0
876,155,2012,15,17,14,0,0,1,0
876,807,2012,10,12,8,0,0,1,0
876,808,2012,207,19,17,0,0,1,0
876,811,2012,3,13,10,0,0,1,0
876,813,2012,3,9,16,0,0,2,0
876,814,2012,10,16,12,0,0,1,0
876,815,2012,15,8,24,0,0,2,0
876,817,2012,5,15,13,0,0,1,0
876,818,2012,5,18,15,0,0,2,0
876,819,2012,206,24,19,0,0,1,0
877,1,2012,1,1,21,0,1,0,0
877,3,2012,131,8,23,0,0,1,0
877,4,2012,6,7,2,0,0,1,0
877,5,2012,207,19,13,0,0,1,0
877,8,2012,208,5,1,1,0,1,0
877,10,2012,206,22,14,0,0,1,0
877,13,2012,6,9,7,0,0,1,0
877,17,2012,9,2,20,0,0,1,0
877,18,2012,1,6,4,0,0,1,0
877,20,2012,9,3,3,0,0,2,0
877,30,2012,131,14,11,0,0,2,0
877,37,2012,164,23,17,0,0,1,0
877,39,2012,164,24,22,0,0,0,0
877,154,2012,208,10,19,0,0,2,0
877,155,2012,15,16,6,0,0,1,0
877,807,2012,10,11,24,0,0,0,0
877,808,2012,207,21,16,0,0,1,0
877,811,2012,3,15,8,0,0,1,0
877,813,2012,3,4,5,0,0,1,0
877,814,2012,10,13,9,0,0,3,1
877,815,2012,15,12,15,0,0,3,1
877,817,2012,5,17,10,0,0,2,0
877,818,2012,5,18,12,0,0,2,0
877,819,2012,206,20,18,0,0,1,0
878,1,2012,1,2,1,1,0,1,0
878,3,2012,131,17,13,0,0,1,0
878,4,2012,6,9,3,0,0,1,0
878,5,2012,207,22,18,0,0,1,0
878,8,2012,208,5,6,0,0,1,0
878,10,2012,206,19,19,0,0,1,0
878,13,2012,6,7,4,0,0,1,0
878,17,2012,9,3,23,0,0,0,0
878,18,2012,1,12,5,0,0,1,0
878,20,2012,9,1,2,0,1,1,0
878,30,2012,131,6,16,0,0,2,0
878,37,2012,164,23,21,0,0,1,0
878,39,2012,164,24,22,0,0,1,0
878,154,2012,208,4,7,0,0,1,0
878,155,2012,15,16,14,0,0,1,0
878,807,2012,10,8,8,0,0,1,0
878,808,2012,207,21,17,0,0,1,0
878,811,2012,3,11,10,0,0,1,0
878,813,2012,3,10,9,0,0,1,0
878,814,2012,10,13,15,0,0,2,0
878,815,2012,15,15,11,0,0,1,0
878,817,2012,5,18,12,0,0,1,0
878,818,2012,5,14,24,0,0,0,0
878,819,2012,206,20,20,0,0,1,0
879,1,2012,1,1,20,0,1,2,0
879,3,2012,131,10,15,0,0,4,1
879,4,2012,6,8,2,0,0,3,1
879,5,2012,207,20,14,0,0,5,1
879,8,2012,208,9,10,0,0,3,1
879,10,2012,206,21,16,0,0,4,1
879,13,2012,6,5,3,0,0,3,1
879,17,2012,9,3,4,0,0,3,1
879,18,2012,1,2,1,1,0,2,0
879,20,2012,9,4,6,0,0,4,1
879,30,2012,131,14,7,0,0,4,1
879,37,2012,164,24,17,0,0,4,1
879,39,2012,164,23,18,0,0,4,1
879,154,2012,208,18,21,0,0,0,0
879,155,2012,15,15,9,0,0,3,1
879,807,2012,10,7,5,0,0,3,1
879,808,2012,207,19,11,0,0,3,1
879,811,2012,3,12,23,0,0,0,0
879,813,2012,3,6,22,0,0,0,0
879,814,2012,10,11,19,0,0,3,1
879,815,2012,15,13,24,0,0,0,0
879,817,2012,5,16,13,0,0,5,1
879,818,2012,5,17,8,0,0,4,1
879,819,2012,206,22,12,0,0,3,1
880,1,2013,131,3,5,0,0,3,1
880,3,2013,131,6,20,0,0,1,0
880,4,2013,6,5,2,0,0,3,1
880,8,2013,208,7,1,1,0,2,0
880,13,2013,6,4,4,0,0,3,1
880,16,2013,10,12,7,0,0,2,0
880,17,2013,9,2,6,0,0,3,1
880,18,2013,1,10,9,0,0,3,1
880,20,2013,9,1,3,0,1,3,1
880,154,2013,208,8,10,0,0,3,1
880,807,2013,15,11,22,0,0,0,0
880,813,2013,3,17,21,0,0,1,0
880,814,2013,10,9,8,0,0,2,0
880,815,2013,1,15,11,0,0,3,1
880,817,2013,5,14,19,0,0,2,0
880,818,2013,5,13,12,0,0,3,1
880,819,2013,207,22,16,0,0,2,0
880,820,2013,206,20,17,0,0,3,1
880,821,2013,15,18,13,0,0,2,0
880,822,2013,3,16,14,0,0,3,1
880,823,2013,207,21,18,0,0,3,1
880,824,2013,206,19,15,0,0,3,1
881,1,2013,131,4,3,0,0,4,1
881,3,2013,131,6,4,0,0,4,1
881,4,2013,6,3,22,0,0,0,0
881,8,2013,208,7,7,0,0,3,1
881,13,2013,6,2,5,0,0,4,1
881,16,2013,10,9,20,0,0,2,0
881,17,2013,9,5,2,0,0,4,1
881,18,2013,1,8,17,0,0,3,1
881,20,2013,9,1,1,1,1,4,1
881,154,2013,208,11,6,0,0,3,1
881,807,2013,15,12,8,0,0,4,1
881,813,2013,3,16,19,0,0,3,1
881,814,2013,10,15,21,0,0,2,0
881,815,2013,1,10,9,0,0,4,1
881,817,2013,5,13,18,0,0,3,1
881,818,2013,5,17,10,0,0,3,1
881,819,2013,207,20,14,0,0,4,1
881,820,2013,206,21,16,0,0,4,1
881,821,2013,15,14,12,0,0,4,1
881,822,2013,3,18,11,0,0,3,1
881,823,2013,207,22,15,0,0,4,1
881,824,2013,206,19,13,0,0,4,1
882,1,2013,131,1,3,0,1,3,1
882,3,2013,131,4,19,0,0,3,1
882,4,2013,6,3,1,1,0,3,1
882,8,2013,208,2,2,0,0,3,1
882,13,2013,6,5,6,0,0,3,1
882,16,2013,10,13,21,0,0,0,0
882,17,2013,9,14,20,0,0,2,0
882,18,2013,1,8,5,0,0,2,0
882,20,2013,9,9,4,0,0,3,1
882,154,2013,208,6,9,0,0,3,1
882,807,2013,15,10,10,0,0,3,1
882,813,2013,3,15,14,0,0,3,1
882,814,2013,10,11,8,0,0,3,1
882,815,2013,1,12,11,0,0,2,0
882,817,2013,5,7,7,0,0,3,1
882,818,2013,5,16,12,0,0,3,1
882,819,2013,207,21,16,0,0,3,1
882,820,2013,206,20,17,0,0,3,1
882,821,2013,15,18,22,0,0,0,0
882,822,2013,3,17,13,0,0,3,1
882,823,2013,207,22,18,0,0,3,1
882,824,2013,206,19,15,0,0,3,1
883,1,2013,131,4,5,0,0,3,1
883,3,2013,131,1,9,0,1,4,1
883,4,2013,6,3,8,0,0,4,1
883,8,2013,208,9,2,0,0,2,0
883,13,2013,6,6,15,0,0,4,1
883,16,2013,10,8,13,0,0,3,1
883,17,2013,9,5,7,0,0,3,1
883,18,2013,1,10,10,0,0,4,1
883,20,2013,9,2,1,1,0,3,1
883,154,2013,208,11,3,0,0,3,1
883,807,2013,15,14,12,0,0,3,1
883,813,2013,3,17,11,0,0,3,1
883,814,2013,10,7,4,0,0,2,0
883,815,2013,1,12,6,0,0,3,1
883,817,2013,5,13,16,0,0,3,1
883,818,2013,5,16,22,0,0,1,0
883,819,2013,207,19,17,0,0,3,1
883,820,2013,206,22,20,0,0,4,1
883,821,2013,15,18,18,0,0,4,1
883,822,2013,3,15,14,0,0,3,1
883,823,2013,207,21,21,0,0,5,1
883,824,2013,206,20,19,0,0,4,1
884,1,2013,131,2,12,0,0,4,1
884,3,2013,131,1,6,0,1,3,1
884,4,2013,6,5,1,1,0,4,1
884,8,2013,208,4,2,0,0,3,1
884,13,2013,6,6,3,0,0,4,1
884,16,2013,10,13,13,0,0,4,1
884,17,2013,9,8,5,0,0,4,1
884,18,2013,1,14,8,0,0,3,1
884,20,2013,9,3,4,0,0,4,1
884,154,2013,208,7,22,0,0,0,0
884,807,2013,15,15,15,0,0,6,1
884,813,2013,3,18,14,0,0,5,1
884,814,2013,10,10,7,0,0,4,1
884,815,2013,1,9,9,0,0,4,1
884,817,2013,5,11,10,0,0,4,1
884,818,2013,5,12,20,0,0,4,1
884,819,2013,207,22,17,0,0,3,1
884,820,2013,206,21,19,0,0,3,1
884,821,2013,15,16,11,0,0,4,1
884,822,2013,3,17,16,0,0,3,1
884,823,2013,207,19,21,0,0,2,0
884,824,2013,206,20,18,0,0,4,1
885,1,2013,131,2,4,0,0,1,0
885,3,2013,131,1,1,1,1,1,0
885,4,2013,6,6,7,0,0,1,0
885,8,2013,208,5,10,0,0,2,0
885,13,2013,6,22,21,0,0,1,0
885,16,2013,10,8,5,0,0,1,0
885,17,2013,9,4,3,0,0,1,0
885,18,2013,1,9,6,0,0,1,0
885,20,2013,9,3,2,0,0,1,0
885,154,2013,208,13,17,0,0,2,0
885,807,2013,15,11,11,0,0,1,0
885,813,2013,3,16,20,0,0,2,0
885,814,2013,10,17,9,0,0,1,0
885,815,2013,1,7,16,0,0,1,0
885,817,2013,5,12,18,0,0,1,0
885,818,2013,5,10,8,0,0,1,0
885,819,2013,207,18,22,0,0,0,0
885,820,2013,206,20,14,0,0,3,1
885,821,2013,15,19,13,0,0,2,0
885,822,2013,3,14,12,0,0,1,0
885,823,2013,207,15,15,0,0,3,1
885,824,2013,206,21,19,0,0,2,0
886,1,2013,131,2,3,0,0,2,0
886,3,2013,131,4,5,0,0,3,1
886,4,2013,6,6,2,0,0,2,0
886,8,2013,208,9,9,0,0,1,0
886,13,2013,6,16,8,0,0,2,0
886,16,2013,10,8,10,0,0,3,1
886,17,2013,9,5,4,0,0,2,0
886,18,2013,1,14,12,0,0,1,0
886,20,2013,9,1,1,1,1,2,0
886,154,2013,208,19,13,0,0,2,0
886,807,2013,15,11,21,0,0,2,0
886,813,2013,3,13,16,0,0,3,1
886,814,2013,10,17,7,0,0,1,0
886,815,2013,1,12,11,0,0,2,0
886,817,2013,5,10,15,0,0,2,0
886,818,2013,5,7,6,0,0,2,0
886,819,2013,207,18,18,0,0,2,0
886,820,2013,206,21,19,0,0,1,0
886,821,2013,15,15,20,0,0,2,0
886,822,2013,3,3,14,0,0,2,0
886,823,2013,207,22,22,0,0,4,1
886,824,2013,206,20,17,0,0,1,0
887,1,2013,131,1,4,0,1,2,0
887,3,2013,131,2,1,1,0,3,1
887,4,2013,6,10,3,0,0,3,1
887,8,2013,208,9,5,0,0,2,0
887,13,2013,6,12,6,0,0,4,1
887,16,2013,10,7,7,0,0,2,0
887,17,2013,9,4,2,0,0,3,1
887,18,2013,1,11,13,0,0,2,0
887,20,2013,9,3,21,0,0,2,0
887,154,2013,208,8,19,0,0,3,1
887,807,2013,15,15,10,0,0,3,1
887,813,2013,3,16,11,0,0,2,0
887,814,2013,10,5,9,0,0,3,1
887,815,2013,1,14,20,0,0,2,0
887,817,2013,5,6,8,0,0,2,0
887,818,2013,5,13,22,0,0,2,0
887,819,2013,207,19,15,0,0,2,0
887,820,2013,206,22,17,0,0,2,0
887,821,2013,15,18,14,0,0,4,1
887,822,2013,3,17,12,0,0,2,0
887,823,2013,207,21,18,0,0,3,1
887,824,2013,206,20,16,0,0,2,0
888,1,2013,131,1,5,0,1,3,1
888,3,2013,131,11,9,0,0,3,1
888,4,2013,6,8,4,0,0,3,1
888,8,2013,208,4,2,0,0,3,1
888,13,2013,6,7,22,0,0,0,0
888,16,2013,10,15,13,0,0,3,1
888,17,2013,9,3,7,0,0,3,1
888,18,2013,1,9,6,0,0,2,0
888,20,2013,9,2,1,1,0,3,1
888,154,2013,208,5,3,0,0,3,1
888,807,2013,15,10,10,0,0,3,1
888,813,2013,3,18,15,0,0,2,0
888,814,2013,10,12,11,0,0,2,0
888,815,2013,1,13,8,0,0,2,0
888,817,2013,5,6,12,0,0,3,1
888,818,2013,5,16,20,0,0,1,0
888,819,2013,207,19,17,0,0,3,1
888,820,2013,206,22,19,0,0,4,1
888,821,2013,15,14,14,0,0,3,1
888,822,2013,3,17,16,0,0,2,0
888,823,2013,207,21,18,0,0,3,1
888,824,2013,206,20,21,0,0,2,0
890,1,2013,131,1,1,1,1,3,1
890,3,2013,131,4,19,0,0,3,1
890,4,2013,6,5,5,0,0,3,1
890,8,2013,208,6,2,0,0,2,0
890,13,2013,6,7,8,0,0,3,1
890,16,2013,10,11,22,0,0,0,0
890,17,2013,9,10,4,0,0,3,1
890,18,2013,1,13,7,0,0,2,0
890,20,2013,9,2,3,0,0,3,1
890,154,2013,208,3,6,0,0,4,1
890,807,2013,15,12,11,0,0,3,1
890,813,2013,3,15,10,0,0,3,1
890,814,2013,10,18,18,0,0,3,1
890,815,2013,1,9,9,0,0,2,0
890,817,2013,5,8,13,0,0,2,0
890,818,2013,5,14,12,0,0,3,1
890,819,2013,207,19,15,0,0,2,0
890,820,2013,206,22,17,0,0,3,1
890,821,2013,15,17,21,0,0,1,0
890,822,2013,3,16,20,0,0,2,0
890,823,2013,207,20,14,0,0,3,1
890,824,2013,206,21,16,0,0,3,1
891,1,2013,131,1,3,0,1,2,0
891,3,2013,131,4,4,0,0,2,0
891,4,2013,6,9,2,0,0,2,0
891,8,2013,208,8,21,0,0,1,0
891,13,2013,6,10,7,0,0,2,0
891,16,2013,10,12,9,0,0,2,0
891,17,2013,9,3,5,0,0,2,0
891,18,2013,1,6,6,0,0,2,0
891,20,2013,9,2,1,1,0,2,0
891,154,2013,208,7,8,0,0,1,0
891,807,2013,15,11,13,0,0,2,0
891,813,2013,3,17,17,0,0,3,1
891,814,2013,10,5,20,0,0,2,0
891,815,2013,1,13,11,0,0,2,0
891,817,2013,5,19,10,0,0,2,0
891,818,2013,5,18,12,0,0,2,0
891,819,2013,207,22,22,0,0,0,0
891,820,2013,206,16,19,0,0,3,1
891,821,2013,15,21,14,0,0,3,1
891,822,2013,3,20,15,0,0,2,0
891,823,2013,207,14,16,0,0,2,0
891,824,2013,206,15,18,0,0,2,0
892,1,2013,131,12,9,0,0,2,0
892,3,2013,131,6,6,0,0,1,0
892,4,2013,6,5,2,0,0,1,0
892,8,2013,208,11,11,0,0,2,0
892,13,2013,6,4,4,0,0,1,0
892,16,2013,10,14,16,0,0,1,0
892,17,2013,9,2,3,0,0,1,0
892,18,2013,1,9,10,0,0,1,0
892,20,2013,9,1,1,1,1,1,0
892,154,2013,208,13,8,0,0,1,0
892,807,2013,15,3,5,0,0,1,0
892,813,2013,3,15,14,0,0,1,0
892,814,2013,10,16,22,0,0,0,0
892,815,2013,1,8,12,0,0,1,0
892,817,2013,5,7,7,0,0,1,0
892,818,2013,5,10,21,0,0,0,0
892,819,2013,207,20,17,0,0,2,0
892,820,2013,206,22,20,0,0,1,0
892,821,2013,15,17,13,0,0,1,0
892,822,2013,3,18,15,0,0,1,0
892,823,2013,207,19,18,0,0,2,0
892,824,2013,206,21,19,0,0,1,0
893,1,2013,131,5,5,0,0,2,0
893,3,2013,131,2,4,0,0,2,0
893,4,2013,6,7,2,0,0,2,0
893,8,2013,208,13,3,0,0,2,0
893,13,2013,6,6,6,0,0,3,1
893,16,2013,10,15,10,0,0,3,1
893,17,2013,9,4,15,0,0,2,0
893,18,2013,1,8,7,0,0,2,0
893,20,2013,9,1,1,1,1,2,0
893,154,2013,208,3,21,0,0,3,1
893,807,2013,15,11,9,0,0,2,0
893,813,2013,3,18,11,0,0,3,1
893,814,2013,10,17,20,0,0,2,0
893,815,2013,1,14,8,0,0,2,0
893,817,2013,5,9,22,0,0,1,0
893,818,2013,5,12,14,0,0,3,1
893,819,2013,207,19,19,0,0,3,1
893,820,2013,206,22,17,0,0,3,1
893,821,2013,15,10,12,0,0,2,0
893,822,2013,3,16,13,0,0,3,1
893,823,2013,207,20,16,0,0,3,1
893,824,2013,206,21,18,0,0,4,1
894,1,2013,131,2,5,0,0,2,0
894,3,2013,131,5,7,0,0,2,0
894,4,2013,6,6,6,0,0,2,0
894,8,2013,208,10,2,0,0,2,0
894,13,2013,6,7,9,0,0,2,0
894,16,2013,10,14,20,0,0,4,1
894,17,2013,9,3,21,0,0,3,1
894,18,2013,1,12,8,0,0,2,0
894,20,2013,9,1,1,1,1,2,0
894,154,2013,208,4,3,0,0,2,0
894,807,2013,15,8,4,0,0,2,0
894,813,2013,3,18,13,0,0,2,0
894,814,2013,10,15,22,0,0,2,0
894,815,2013,1,11,10,0,0,2,0
894,817,2013,5,13,19,0,0,2,0
894,818,2013,5,16,18,0,0,3,1
894,819,2013,207,19,14,0,0,2,0
894,820,2013,206,22,17,0,0,2,0
894,821,2013,15,9,11,0,0,2,0
894,822,2013,3,17,12,0,0,2,0
894,823,2013,207,20,15,0,0,3,1
894,824,2013,206,21,16,0,0,2,0
895,1,2013,131,3,20,0,0,1,0
895,3,2013,131,6,8,0,0,4,1
895,4,2013,6,8,4,0,0,2,0
895,8,2013,208,9,5,0,0,2,0
895,13,2013,6,5,10,0,0,3,1
895,16,2013,10,17,14,0,0,2,0
895,17,2013,9,1,2,0,1,3,1
895,18,2013,1,10,9,0,0,3,1
895,20,2013,9,2,1,1,0,2,0
895,154,2013,208,4,3,0,0,2,0
895,807,2013,15,7,6,0,0,2,0
895,813,2013,3,15,16,0,0,2,0
895,814,2013,10,12,11,0,0,2,0
895,815,2013,1,11,15,0,0,3,1
895,817,2013,5,16,13,0,0,3,1
895,818,2013,5,18,12,0,0,3,1
895,819,2013,207,20,18,0,0,3,1
895,820,2013,206,19,19,0,0,2,0
895,821,2013,15,14,7,0,0,2,0
895,822,2013,3,13,17,0,0,2,0
895,823,2013,207,21,21,0,0,0,0
895,824,2013,206,22,22,0,0,0,0
896,1,2013,131,3,6,0,0,2,0
896,3,2013,131,2,2,0,0,2,0
896,4,2013,6,8,11,0,0,3,1
896,8,2013,208,6,7,0,0,2,0
896,13,2013,6,5,4,0,0,2,0
896,16,2013,10,13,9,0,0,1,0
896,17,2013,9,4,20,0,0,2,0
896,18,2013,1,10,14,0,0,3,1
896,20,2013,9,1,1,1,1,2,0
896,154,2013,208,17,3,0,0,1,0
896,807,2013,15,7,19,0,0,3,1
896,813,2013,3,18,12,0,0,2,0
896,814,2013,10,12,8,0,0,2,0
896,815,2013,1,9,5,0,0,2,0
896,817,2013,5,11,10,0,0,2,0
896,818,2013,5,14,13,0,0,2,0
896,819,2013,207,21,21,0,0,2,0
896,820,2013,206,22,17,0,0,2,0
896,821,2013,15,16,15,0,0,3,1
896,822,2013,3,15,16,0,0,2,0
896,823,2013,207,20,22,0,0,0,0
896,824,2013,206,19,18,0,0,2,0
897,1,2013,131,4,7,0,0,2,0
897,3,2013,131,3,3,0,0,2,0
897,4,2013,6,11,5,0,0,2,0
897,8,2013,208,5,22,0,0,0,0
897,13,2013,6,8,8,0,0,2,0
897,16,2013,10,18,10,0,0,1,0
897,17,2013,9,1,2,0,1,2,0
897,18,2013,1,13,12,0,0,2,0
897,20,2013,9,2,1,1,0,2,0
897,154,2013,208,7,4,0,0,2,0
897,807,2013,15,6,14,0,0,3,1
897,813,2013,3,15,11,0,0,2,0
897,814,2013,10,12,6,0,0,1,0
897,815,2013,1,9,9,0,0,2,0
897,817,2013,5,10,16,0,0,2,0
897,818,2013,5,14,17,0,0,2,0
897,819,2013,207,21,19,0,0,2,0
897,820,2013,206,22,21,0,0,2,0
897,821,2013,15,17,13,0,0,2,0
897,822,2013,3,16,15,0,0,2,0
897,823,2013,207,19,18,0,0,2,0
897,824,2013,206,20,20,0,0,2,0
898,1,2013,131,5,4,0,0,1,0
898,3,2013,131,14,9,0,0,1,0
898,4,2013,6,6,5,0,0,1,0
898,5,2013,208,8,15,0,0,2,0
898,13,2013,6,15,13,0,0,2,0
898,16,2013,10,17,22,0,0,0,0
898,17,2013,9,2,3,0,0,1,0
898,18,2013,1,13,10,0,0,1,0
898,20,2013,9,1,1,1,1,1,0
898,154,2013,208,3,2,0,0,1,0
898,807,2013,15,4,6,0,0,1,0
898,813,2013,3,18,17,0,0,1,0
898,814,2013,10,12,16,0,0,2,0
898,815,2013,1,7,7,0,0,1,0
898,817,2013,5,11,11,0,0,1,0
898,818,2013,5,16,12,0,0,1,0
898,819,2013,207,21,20,0,0,2,0
898,820,2013,206,22,21,0,0,2,0
898,821,2013,15,10,14,0,0,2,0
898,822,2013,3,9,8,0,0,1,0
898,823,2013,207,19,19,0,0,1,0
898,824,2013,206,20,18,0,0,1,0
899,1,2013,131,5,9,0,0,3,1
899,3,2013,131,2,5,0,0,2,0
899,4,2013,6,3,3,0,0,2,0
899,5,2013,208,11,14,0,0,2,0
899,13,2013,6,9,7,0,0,3,1
899,16,2013,10,16,13,0,0,3,1
899,17,2013,9,4,2,0,0,2,0
899,18,2013,1,15,4,0,0,2,0
899,20,2013,9,1,1,1,1,2,0
899,154,2013,208,6,22,0,0,0,0
899,807,2013,15,10,8,0,0,2,0
899,813,2013,3,17,16,0,0,2,0
899,814,2013,10,12,11,0,0,2,0
899,815,2013,1,14,6,0,0,2,0
899,817,2013,5,7,10,0,0,2,0
899,818,2013,5,8,15,0,0,3,1
899,819,2013,207,19,20,0,0,1,0
899,820,2013,206,22,19,0,0,3,1
899,821,2013,15,18,12,0,0,2,0
899,822,2013,3,13,21,0,0,2,0
899,823,2013,207,20,18,0,0,3,1
899,824,2013,206,21,17,0,0,2,0
900,1,2014,131,1,19,0,1,0,0
900,3,2014,131,3,1,1,0,2,0
900,4,2014,6,5,4,0,0,2,0
900,8,2014,6,12,7,0,0,2,0
900,13,2014,3,9,20,0,0,0,0
900,16,2014,15,14,11,0,0,1,0
900,18,2014,1,11,3,0,0,2,0
900,20,2014,9,13,18,0,0,0,0
900,154,2014,208,21,15,0,0,2,0
900,155,2014,207,15,21,0,0,0,0
900,807,2014,10,7,6,0,0,2,0
900,813,2014,208,22,16,0,0,1,0
900,815,2014,10,16,10,0,0,3,1
900,817,2014,9,2,22,0,0,2,0
900,818,2014,5,6,8,0,0,2,0
900,820,2014,206,17,13,0,0,2,0
900,821,2014,15,19,12,0,0,2,0
900,822,2014,3,10,5,0,0,2,0
900,824,2014,206,18,14,0,0,2,0
900,825,2014,1,4,2,0,0,2,0
900,826,2014,5,8,9,0,0,2,0
900,828,2014,207,20,17,0,0,1,0
901,1,2014,131,1,1,1,1,3,1
901,3,2014,131,3,2,0,0,3,1
901,4,2014,6,4,4,0,0,3,1
901,8,2014,6,6,12,0,0,3,1
901,13,2014,3,13,7,0,0,3,1
901,16,2014,15,18,18,0,0,2,0
901,18,2014,1,10,6,0,0,3,1
901,20,2014,9,2,3,0,0,3,1
901,154,2014,208,16,11,0,0,3,1
901,155,2014,207,20,13,0,0,2,0
901,807,2014,10,7,5,0,0,2,0
901,813,2014,208,17,21,0,0,0,0
901,815,2014,10,14,22,0,0,0,0
901,817,2014,9,5,16,0,0,5,1
901,818,2014,5,9,19,0,0,2,0
901,820,2014,206,21,15,0,0,3,1
901,821,2014,15,12,17,0,0,2,0
901,822,2014,3,15,8,0,0,3,1
901,824,2014,206,19,20,0,0,1,0
901,825,2014,1,8,9,0,0,3,1
901,826,2014,5,11,10,0,0,3,1
901,828,2014,207,22,14,0,0,3,1
902,1,2014,131,2,1,1,0,2,0
902,3,2014,131,1,2,0,1,2,0
902,4,2014,6,10,9,0,0,3,1
902,8,2014,6,6,10,0,0,3,1
902,13,2014,3,8,7,0,0,3,1
902,16,2014,15,18,22,0,0,2,0
902,18,2014,1,7,17,0,0,2,0
902,20,2014,9,11,6,0,0,2,0
902,154,2014,208,16,12,0,0,3,1
902,155,2014,207,19,15,0,0,2,0
902,807,2014,10,12,5,0,0,2,0
902,813,2014,208,17,14,0,0,4,1
902,815,2014,10,5,3,0,0,2,0
902,817,2014,9,3,4,0,0,2,0
902,818,2014,5,14,21,0,0,2,0
902,820,2014,206,22,13,0,0,3,1
902,821,2014,15,15,19,0,0,2,0
902,822,2014,3,4,8,0,0,3,1
902,824,2014,206,20,16,0,0,5,1
902,825,2014,1,9,18,0,0,3,1
902,826,2014,5,13,11,0,0,3,1
902,828,2014,207,21,20,0,0,2,0
903,1,2014,131,1,1,1,1,2,0
903,3,2014,131,4,2,0,0,2,0
903,4,2014,6,5,3,0,0,2,0
903,8,2014,6,11,8,0,0,2,0
903,13,2014,3,6,15,0,0,2,0
903,16,2014,15,14,22,0,0,0,0
903,18,2014,1,12,11,0,0,2,0
903,20,2014,9,3,5,0,0,2,0
903,154,2014,208,10,21,0,0,1,0
903,155,2014,207,18,18,0,0,3,1
903,807,2014,10,8,6,0,0,2,0
903,813,2014,208,22,14,0,0,2,0
903,815,2014,10,16,9,0,0,2,0
903,817,2014,9,2,4,0,0,2,0
903,818,2014,5,9,12,0,0,2,0
903,820,2014,206,21,19,0,0,3,1
903,821,2014,15,17,16,0,0,3,1
903,822,2014,3,7,7,0,0,2,0
903,824,2014,206,19,17,0,0,2,0
903,825,2014,1,15,13,0,0,2,0
903,826,2014,5,13,10,0,0,2,0
903,828,2014,207,20,20,0,0,3,1
904,1,2014,131,1,1,1,1,2,0
904,3,2014,131,2,2,0,0,2,0
904,4,2014,6,7,6,0,0,3,1
904,8,2014,6,6,7,0,0,2,0
904,13,2014,3,9,13,0,0,3,1
904,16,2014,15,17,17,0,0,2,0
904,18,2014,1,8,11,0,0,2,0
904,20,2014,9,10,4,0,0,3,1
904,154,2014,208,5,8,0,0,2,0
904,155,2014,207,21,21,0,0,1,0
904,807,2014,10,11,10,0,0,2,0
904,813,2014,208,22,15,0,0,2,0
904,815,2014,10,12,9,0,0,2,0
904,817,2014,9,3,3,0,0,2,0
904,818,2014,5,16,22,0,0,1,0
904,820,2014,206,18,19,0,0,3,1
904,821,2014,15,14,16,0,0,3,1
904,822,2014,3,4,5,0,0,2,0
904,824,2014,206,19,18,0,0,2,0
904,825,2014,1,15,12,0,0,2,0
904,826,2014,5,13,14,0,0,3,1
904,828,2014,207,20,20,0,0,2,0
905,1,2014,131,2,2,0,0,1,0
905,3,2014,131,1,1,1,1,1,0
905,4,2014,6,5,4,0,0,1,0
905,8,2014,6,6,12,0,0,3,1
905,13,2014,3,16,7,0,0,1,0
905,16,2014,15,18,18,0,0,1,0
905,18,2014,1,12,6,0,0,1,0
905,20,2014,9,4,20,0,0,1,0
905,154,2014,208,14,8,0,0,2,0
905,155,2014,207,21,13,0,0,2,0
905,807,2014,10,11,5,0,0,1,0
905,813,2014,208,15,22,0,0,0,0
905,815,2014,10,10,21,0,0,0,0
905,817,2014,9,3,3,0,0,1,0
905,818,2014,5,7,17,0,0,2,0
905,820,2014,206,20,14,0,0,3,1
905,821,2014,15,17,15,0,0,1,0
905,822,2014,3,13,16,0,0,1,0
905,824,2014,206,19,9,0,0,1,0
905,825,2014,1,8,10,0,0,1,0
905,826,2014,5,9,19,0,0,0,0
905,828,2014,207,22,11,0,0,2,0
906,1,2014,131,2,17,0,0,2,0
906,3,2014,131,1,2,0,1,2,0
906,4,2014,6,7,6,0,0,2,0
906,8,2014,6,10,10,0,0,2,0
906,13,2014,3,5,12,0,0,2,0
906,16,2014,15,16,13,0,0,2,0
906,18,2014,1,9,4,0,0,2,0
906,20,2014,9,3,3,0,0,2,0
906,154,2014,208,14,15,0,0,2,0
906,155,2014,207,20,18,0,0,0,0
906,807,2014,10,11,5,0,0,1,0
906,813,2014,208,17,19,0,0,0,0
906,815,2014,10,13,11,0,0,1,0
906,817,2014,9,6,1,1,0,2,0
906,818,2014,5,8,8,0,0,2,0
906,820,2014,206,18,21,0,0,0,0
906,821,2014,15,22,14,0,0,3,1
906,822,2014,3,4,7,0,0,2,0
906,824,2014,206,19,22,0,0,0,0
906,825,2014,1,12,9,0,0,2,0
906,826,2014,5,15,16,0,0,2,0
906,828,2014,207,21,20,0,0,0,0
907,1,2014,131,9,2,0,0,2,0
907,3,2014,131,3,1,1,0,2,0
907,4,2014,6,4,5,0,0,2,0
907,8,2014,6,8,10,0,0,2,0
907,13,2014,3,1,4,0,1,2,0
907,16,2014,15,17,13,0,0,2,0
907,18,2014,1,12,11,0,0,2,0
907,20,2014,9,13,21,0,0,2,0
907,154,2014,208,16,14,0,0,2,0
907,155,2014,207,20,16,0,0,1,0
907,807,2014,10,10,9,0,0,2,0
907,813,2014,208,14,12,0,0,2,0
907,815,2014,10,11,6,0,0,2,0
907,817,2014,9,5,8,0,0,2,0
907,818,2014,5,15,20,0,0,2,0
907,820,2014,206,21,17,0,0,1,0
907,821,2014,15,18,19,0,0,3,1
907,822,2014,3,2,3,0,0,2,0
907,824,2014,206,19,15,0,0,1,0
907,825,2014,1,6,7,0,0,2,0
907,826,2014,5,7,22,0,0,1,0
907,828,2014,207,22,18,0,0,2,0
908,1,2014,131,6,1,1,0,2,0
908,3,2014,131,1,18,0,1,1,0
908,4,2014,6,19,6,0,0,1,0
908,8,2014,6,20,22,0,0,0,0
908,13,2014,3,18,21,0,0,0,0
908,16,2014,15,16,13,0,0,1,0
908,18,2014,1,3,4,0,0,1,0
908,20,2014,9,2,5,0,0,2,0
908,154,2014,208,11,12,0,0,1,0
908,155,2014,207,22,15,0,0,2,0
908,807,2014,10,4,8,0,0,1,0
908,813,2014,208,15,17,0,0,1,0
908,815,2014,10,7,11,0,0,1,0
908,817,2014,9,8,3,0,0,1,0
908,818,2014,5,10,10,0,0,1,0
908,820,2014,206,13,16,0,0,2,0
908,821,2014,15,14,20,0,0,0,0
908,822,2014,3,17,2,0,0,1,0
908,824,2014,206,12,14,0,0,1,0
908,825,2014,1,5,7,0,0,1,0
908,826,2014,5,9,9,0,0,2,0
908,828,2014,207,21,19,0,0,0,0
909,1,2014,131,16,3,0,0,3,1
909,3,2014,131,1,1,1,1,2,0
909,4,2014,6,7,5,0,0,3,1
909,8,2014,6,12,11,0,0,3,1
909,13,2014,3,3,22,0,0,0,0
909,16,2014,15,17,19,0,0,3,1
909,18,2014,1,11,8,0,0,3,1
909,20,2014,9,6,4,0,0,3,1
909,154,2014,208,15,21,0,0,1,0
909,155,2014,207,20,16,0,0,3,1
909,807,2014,10,9,7,0,0,2,0
909,813,2014,208,19,12,0,0,2,0
909,815,2014,10,10,10,0,0,3,1
909,817,2014,9,5,6,0,0,3,1
909,818,2014,5,13,13,0,0,3,1
909,820,2014,206,21,17,0,0,3,1
909,821,2014,15,14,14,0,0,3,1
909,822,2014,3,2,2,0,0,2,0
909,824,2014,206,18,15,0,0,2,0
909,825,2014,1,4,9,0,0,3,1
909,826,2014,5,8,20,0,0,2,0
909,828,2014,207,22,18,0,0,3,1
910,1,2014,131,21,3,0,0,2,0
910,3,2014,131,1,4,0,1,3,1
910,4,2014,6,5,2,0,0,2,0
910,8,2014,6,17,6,0,0,2,0
910,13,2014,3,6,5,0,0,3,1
910,16,2014,15,12,11,0,0,2,0
910,18,2014,1,7,10,0,0,3,1
910,20,2014,9,2,7,0,0,2,0
910,154,2014,208,15,21,0,0,1,0
910,155,2014,207,18,18,0,0,1,0
910,807,2014,10,9,20,0,0,1,0
910,813,2014,208,22,13,0,0,3,1
910,815,2014,10,13,19,0,0,1,0
910,817,2014,9,4,1,1,0,3,1
910,818,2014,5,8,9,0,0,2,0
910,820,2014,206,19,16,0,0,2,0
910,821,2014,15,14,17,0,0,1,0
910,822,2014,3,3,8,0,0,3,1
910,824,2014,206,16,15,0,0,3,1
910,825,2014,1,10,12,0,0,2,0
910,826,2014,5,11,14,0,0,2,0
910,828,2014,207,20,22,0,0,0,0
911,1,2014,131,2,19,0,0,3,1
911,3,2014,131,1,2,0,1,3,1
911,4,2014,6,4,7,0,0,2,0
911,8,2014,6,8,4,0,0,2,0
911,13,2014,3,9,13,0,0,3,1
911,16,2014,15,14,14,0,0,3,1
911,18,2014,1,10,6,0,0,2,0
911,20,2014,9,3,5,0,0,3,1
911,154,2014,208,15,20,0,0,3,1
911,807,2014,10,18,10,0,0,2,0
911,813,2014,208,17,21,0,0,0,0
911,815,2014,10,13,8,0,0,2,0
911,817,2014,9,5,1,1,0,2,0
911,818,2014,5,12,11,0,0,2,0
911,820,2014,206,19,16,0,0,2,0
911,821,2014,15,20,15,0,0,2,0
911,822,2014,3,6,3,0,0,2,0
911,824,2014,206,16,18,0,0,2,0
911,825,2014,1,7,12,0,0,2,0
911,826,2014,5,11,9,0,0,2,0
911,827,2014,207,21,22,0,0,0,0
911,828,2014,207,22,17,0,0,2,0
912,1,2014,131,1,1,1,1,1,0
912,3,2014,131,2,2,0,0,1,0
912,4,2014,6,7,21,0,0,1,0
912,8,2014,6,12,9,0,0,1,0
912,13,2014,3,4,3,0,0,1,0
912,16,2014,15,15,15,0,0,1,0
912,18,2014,1,6,8,0,0,1,0
912,20,2014,9,8,6,0,0,1,0
912,154,2014,208,18,16,0,0,1,0
912,155,2014,207,19,17,0,0,1,0
912,807,2014,10,14,12,0,0,1,0
912,813,2014,208,17,14,0,0,1,0
912,815,2014,10,10,7,0,0,1,0
912,817,2014,9,9,5,0,0,1,0
912,818,2014,5,13,13,0,0,1,0
912,820,2014,206,21,22,0,0,0,0
912,821,2014,15,16,19,0,0,3,1
912,822,2014,3,3,4,0,0,1,0
912,824,2014,206,20,18,0,0,1,0
912,825,2014,1,5,10,0,0,1,0
912,826,2014,5,11,11,0,0,1,0
912,828,2014,207,22,20,0,0,1,0
913,1,2014,131,1,1,1,1,3,1
913,3,2014,131,2,21,0,0,0,0
913,4,2014,6,5,4,0,0,3,1
913,8,2014,6,7,8,0,0,3,1
913,13,2014,3,6,5,0,0,2,0
913,16,2014,15,17,19,0,0,3,1
913,18,2014,1,11,18,0,0,2,0
913,20,2014,9,4,2,0,0,2,0
913,154,2014,208,16,13,0,0,3,1
913,155,2014,207,20,22,0,0,0,0
913,807,2014,10,13,9,0,0,3,1
913,813,2014,208,18,12,0,0,4,1
913,815,2014,10,15,7,0,0,4,1
913,817,2014,9,3,3,0,0,2,0
913,818,2014,5,12,6,0,0,3,1
913,820,2014,206,21,17,0,0,3,1
913,821,2014,15,14,20,0,0,1,0
913,822,2014,3,8,11,0,0,2,0
913,824,2014,206,19,16,0,0,3,1
913,825,2014,1,9,10,0,0,3,1
913,826,2014,5,10,14,0,0,3,1
913,828,2014,207,22,15,0,0,2,0
914,1,2014,131,2,1,1,0,3,1
914,3,2014,131,1,2,0,1,3,1
914,4,2014,6,5,22,0,0,1,0
914,8,2014,6,10,12,0,0,5,1
914,13,2014,3,4,7,0,0,3,1
914,16,2014,15,15,21,0,0,4,1
914,18,2014,1,8,5,0,0,4,1
914,20,2014,9,9,3,0,0,3,1
914,154,2014,208,18,15,0,0,5,1
914,155,2014,207,21,19,0,0,5,1
914,807,2014,10,14,8,0,0,4,1
914,813,2014,208,17,16,0,0,4,1
914,815,2014,10,12,10,0,0,4,1
914,817,2014,9,6,4,0,0,3,1
914,818,2014,5,11,9,0,0,3,1
914,820,2014,206,22,18,0,0,3,1
914,821,2014,15,16,13,0,0,3,1
914,822,2014,3,3,6,0,0,3,1
914,824,2014,206,20,20,0,0,3,1
914,825,2014,1,7,14,0,0,5,1
914,826,2014,5,13,11,0,0,4,1
914,828,2014,207,19,17,0,0,4,1
915,1,2014,131,1,1,1,1,1,0
915,3,2014,131,2,2,0,0,1,0
915,4,2014,6,8,6,0,0,1,0
915,8,2014,6,9,9,0,0,1,0
915,13,2014,3,18,11,0,0,2,0
915,16,2014,15,15,16,0,0,1,0
915,18,2014,1,4,4,0,0,1,0
915,20,2014,9,11,8,0,0,1,0
915,154,2014,208,16,17,0,0,1,0
915,155,2014,207,19,20,0,0,0,0
915,807,2014,10,12,12,0,0,1,0
915,813,2014,208,20,18,0,0,1,0
915,815,2014,10,13,10,0,0,1,0
915,817,2014,9,7,7,0,0,1,0
915,818,2014,5,10,13,0,0,1,0
915,820,2014,206,21,21,0,0,1,0
915,821,2014,15,14,15,0,0,1,0
915,822,2014,3,3,3,0,0,1,0
915,825,2014,1,6,5,0,0,1,0
915,826,2014,5,5,14,0,0,2,0
915,828,2014,207,17,19,0,0,2,0
916,1,2014,131,2,1,1,0,2,0
916,3,2014,131,1,2,0,1,2,0
916,4,2014,6,6,6,0,0,2,0
916,8,2014,6,9,13,0,0,3,1
916,13,2014,3,4,4,0,0,2,0
916,16,2014,15,10,18,0,0,0,0
916,18,2014,1,7,12,0,0,2,0
916,20,2014,9,17,7,0,0,4,1
916,154,2014,208,18,11,0,0,2,0
916,807,2014,10,13,16,0,0,1,0
916,813,2014,208,11,9,0,0,2,0
916,815,2014,10,12,17,0,0,0,0
916,817,2014,9,5,3,0,0,2,0
916,818,2014,5,15,10,0,0,2,0
916,821,2014,15,16,14,0,0,3,1
916,822,2014,3,3,5,0,0,2,0
916,825,2014,1,8,8,0,0,2,0
916,826,2014,5,14,15,0,0,3,1
917,1,2014,131,2,2,0,0,3,1
917,3,2014,131,1,1,1,1,3,1
917,4,2014,6,8,6,0,0,3,1
917,8,2014,6,10,7,0,0,2,0
917,13,2014,3,3,3,0,0,3,1
917,16,2014,15,13,16,0,0,3,1
917,18,2014,1,5,4,0,0,3,1
917,20,2014,9,6,5,0,0,3,1
917,154,2014,208,15,17,0,0,3,1
917,807,2014,10,12,8,0,0,3,1
917,813,2014,208,18,12,0,0,3,1
917,815,2014,10,17,15,0,0,3,1
917,817,2014,9,9,18,0,0,2,0
917,818,2014,5,16,13,0,0,3,1
917,821,2014,15,11,14,0,0,3,1
917,822,2014,3,4,10,0,0,3,1
917,825,2014,1,7,9,0,0,3,1
917,826,2014,5,14,11,0,0,3,1
918,1,2014,131,2,1,1,0,2,0
918,3,2014,131,1,14,0,1,2,0
918,4,2014,6,8,9,0,0,2,0
918,8,2014,6,7,10,0,0,2,0
918,13,2014,3,4,2,0,0,2,0
918,16,2014,15,13,16,0,0,3,1
918,18,2014,1,6,5,0,0,2,0
918,154,2014,208,14,13,0,0,3,1
918,155,2014,207,17,18,0,0,2,0
918,807,2014,10,12,6,0,0,2,0
918,813,2014,208,16,19,0,0,1,0
918,815,2014,10,11,7,0,0,2,0
918,818,2014,5,10,12,0,0,3,1
918,821,2014,15,15,15,0,0,2,0
918,822,2014,3,3,3,0,0,2,0
918,825,2014,1,9,11,0,0,2,0
918,826,2014,5,5,20,0,0,1,0
918,829,2014,207,18,17,0,0,2,0
926,1,2015,131,1,1,1,1,1,0
926,3,2015,131,2,2,0,0,1,0
926,8,2015,6,5,12,0,0,2,0
926,13,2015,3,3,4,0,0,1,0
926,18,2015,1,17,11,0,0,1,0
926,20,2015,6,4,3,0,0,1,0
926,154,2015,208,9,14,0,0,0,0
926,807,2015,10,14,7,0,0,2,0
926,813,2015,208,10,15,0,0,0,0
926,815,2015,10,15,10,0,0,1,0
926,817,2015,9,7,6,0,0,1,0
926,822,2015,3,6,18,0,0,0,0
926,825,2015,1,18,17,0,0,0,0
926,826,2015,9,13,16,0,0,0,0
926,828,2015,15,16,8,0,0,3,1
926,830,2015,5,12,13,0,0,1,0
926,831,2015,15,11,5,0,0,1,0
926,832,2015,5,8,9,0,0,1,0
927,1,2015,131,1,2,0,1,3,1
927,3,2015,131,3,3,0,0,3,1
927,4,2015,1,18,18,0,0,1,0
927,8,2015,6,11,4,0,0,3,1
927,13,2015,3,7,6,0,0,3,1
927,18,2015,1,17,17,0,0,3,1
927,20,2015,6,2,1,1,0,2,0
927,154,2015,208,8,11,0,0,3,1
927,807,2015,10,13,14,0,0,3,1
927,813,2015,208,12,16,0,0,3,1
927,815,2015,10,14,13,0,0,2,0
927,817,2015,9,4,10,0,0,3,1
927,822,2015,3,9,5,0,0,3,1
927,826,2015,9,5,9,0,0,3,1
927,828,2015,15,10,19,0,0,0,0
927,830,2015,5,6,7,0,0,3,1
927,831,2015,15,16,12,0,0,4,1
927,832,2015,5,15,8,0,0,2,0
927,833,2015,209,19,15,0,0,3,1
928,1,2015,131,1,1,1,1,2,0
928,3,2015,131,2,2,0,0,2,0
928,4,2015,1,18,12,0,0,2,0
928,8,2015,6,6,4,0,0,2,0
928,13,2015,3,4,5,0,0,2,0
928,18,2015,1,17,14,0,0,2,0
928,20,2015,6,3,3,0,0,2,0
928,154,2015,208,8,7,0,0,2,0
928,807,2015,10,16,20,0,0,0,0
928,813,2015,208,11,18,0,0,3,1
928,815,2015,10,15,11,0,0,3,1
928,817,2015,9,7,9,0,0,2,0
928,822,2015,3,5,6,0,0,2,0
928,826,2015,9,12,19,0,0,0,0
928,828,2015,15,10,10,0,0,2,0
928,829,2015,209,19,15,0,0,2,0
928,830,2015,5,13,17,0,0,2,0
928,831,2015,15,9,8,0,0,2,0
928,832,2015,5,14,13,0,0,2,0
928,833,2015,209,20,16,0,0,2,0
929,1,2015,131,1,1,1,1,2,0
929,3,2015,131,3,3,0,0,2,0
929,4,2015,1,14,11,0,0,2,0
929,8,2015,6,4,2,0,0,2,0
929,13,2015,3,6,10,0,0,2,0
929,20,2015,6,2,5,0,0,3,1
929,154,2015,208,10,7,0,0,2,0
929,807,2015,10,8,13,0,0,3,1
929,813,2015,208,16,15,0,0,3,1
929,815,2015,10,11,8,0,0,2,0
929,817,2015,9,7,6,0,0,2,0
929,822,2015,3,5,4,0,0,2,0
929,826,2015,9,17,9,0,0,2,0
929,828,2015,15,13,14,0,0,3,1
929,829,2015,209,18,16,0,0,2,0
929,830,2015,5,15,18,0,0,2,0
929,831,2015,15,12,12,0,0,3,1
929,832,2015,5,9,19,0,0,2,0
929,833,2015,209,19,17,0,0,2,0
930,1,2015,131,2,2,0,0,3,1
930,3,2015,131,1,1,1,1,2,0
930,4,2015,1,13,20,0,0,1,0
930,8,2015,6,7,5,0,0,2,0
930,13,2015,3,9,6,0,0,3,1
930,18,2015,1,14,16,0,0,3,1
930,20,2015,6,3,3,0,0,2,0
930,154,2015,208,11,8,0,0,2,0
930,807,2015,10,17,15,0,0,3,1
930,813,2015,208,12,19,0,0,3,1
930,815,2015,10,18,13,0,0,2,0
930,817,2015,9,10,7,0,0,2,0
930,822,2015,3,4,4,0,0,2,0
930,826,2015,9,8,10,0,0,2,0
930,828,2015,15,16,14,0,0,2,0
930,829,2015,209,19,17,0,0,3,1
930,830,2015,5,6,11,0,0,2,0
930,831,2015,15,15,12,0,0,2,0
930,832,2015,5,5,9,0,0,2,0
930,833,2015,209,20,18,0,0,3,1
931,1,2015,131,1,3,0,1,2,0
931,3,2015,131,2,1,1,0,1,0
931,4,2015,1,15,19,0,0,1,0
931,8,2015,6,6,6,0,0,1,0
931,13,2015,3,14,15,0,0,3,1
931,18,2015,1,12,8,0,0,2,0
931,20,2015,6,3,2,0,0,1,0
931,154,2015,208,11,12,0,0,1,0
931,807,2015,10,13,11,0,0,2,0
931,813,2015,208,9,20,0,0,0,0
931,815,2015,10,7,7,0,0,2,0
931,817,2015,9,4,5,0,0,2,0
931,822,2015,3,17,14,0,0,2,0
931,826,2015,9,5,4,0,0,1,0
931,828,2015,15,18,13,0,0,3,1
931,829,2015,209,19,17,0,0,1,0
931,830,2015,5,10,18,0,0,2,0
931,831,2015,15,16,9,0,0,2,0
931,832,2015,5,8,10,0,0,1,0
931,833,2015,209,20,16,0,0,1,0
932,1,2015,131,1,1,1,1,1,0
932,3,2015,131,2,2,0,0,1,0
932,4,2015,1,14,20,0,0,1,0
932,8,2015,6,3,4,0,0,2,0
932,13,2015,3,17,6,0,0,1,0
932,20,2015,6,16,5,0,0,2,0
932,154,2015,208,5,10,0,0,1,0
932,807,2015,10,7,8,0,0,1,0
932,813,2015,208,6,7,0,0,1,0
932,815,2015,10,10,11,0,0,1,0
932,817,2015,9,9,13,0,0,1,0
932,822,2015,3,4,3,0,0,1,0
932,826,2015,9,8,9,0,0,1,0
932,828,2015,15,13,14,0,0,1,0
932,829,2015,209,19,17,0,0,1,0
932,830,2015,5,12,15,0,0,1,0
932,831,2015,15,15,16,0,0,1,0
932,832,2015,5,11,12,0,0,1,0
932,833,2015,209,18,18,0,0,1,0
933,1,2015,131,1,2,0,1,1,0
933,3,2015,131,2,1,1,0,1,0
933,4,2015,1,15,20,0,0,0,0
933,8,2015,6,18,19,0,0,0,0
933,13,2015,3,4,3,0,0,1,0
933,18,2015,1,17,17,0,0,2,0
933,20,2015,6,3,4,0,0,1,0
933,154,2015,208,10,15,0,0,1,0
933,807,2015,10,5,6,0,0,1,0
933,813,2015,208,11,7,0,0,1,0
933,815,2015,10,16,9,0,0,1,0
933,817,2015,9,14,10,0,0,1,0
933,822,2015,3,6,5,0,0,1,0
933,826,2015,9,8,12,0,0,2,0
933,828,2015,15,12,13,0,0,3,1
933,829,2015,209,20,18,0,0,0,0
933,830,2015,5,7,8,0,0,1,0
933,831,2015,15,9,11,0,0,1,0
933,832,2015,5,13,16,0,0,1,0
933,833,2015,209,19,14,0,0,1,0
934,1,2015,131,1,1,1,1,2,0
934,3,2015,131,2,2,0,0,2,0
934,4,2015,1,17,10,0,0,3,1
934,8,2015,6,5,8,0,0,3,1
934,13,2015,3,3,4,0,0,2,0
934,18,2015,1,18,19,0,0,0,0
934,20,2015,6,6,3,0,0,2,0
934,154,2015,208,12,17,0,0,0,0
934,807,2015,10,9,7,0,0,2,0
934,813,2015,208,14,18,0,0,0,0
934,815,2015,10,11,9,0,0,2,0
934,817,2015,9,10,15,0,0,2,0
934,822,2015,3,4,5,0,0,2,0
934,826,2015,9,7,6,0,0,2,0
934,828,2015,15,15,11,0,0,4,1
934,829,2015,209,19,13,0,0,2,0
934,830,2015,5,13,16,0,0,0,0
934,831,2015,15,16,20,0,0,0,0
934,832,2015,5,8,14,0,0,1,0
934,833,2015,209,20,12,0,0,2,0
936,1,2015,131,1,6,0,1,6,1
936,3,2015,131,2,8,0,0,5,1
936,4,2015,1,15,5,0,0,5,1
936,8,2015,6,5,18,0,0,5,1
936,13,2015,3,8,12,0,0,5,1
936,18,2015,1,16,9,0,0,4,1
936,20,2015,6,3,1,1,0,4,1
936,154,2015,208,10,7,0,0,5,1
936,807,2015,10,11,20,0,0,2,0
936,813,2015,208,14,14,0,0,6,1
936,815,2015,10,13,19,0,0,5,1
936,817,2015,9,4,3,0,0,5,1
936,822,2015,3,6,13,0,0,5,1
936,826,2015,9,7,2,0,0,5,1
936,828,2015,15,17,10,0,0,5,1
936,829,2015,209,20,16,0,0,5,1
936,830,2015,5,9,4,0,0,5,1
936,831,2015,15,18,11,0,0,5,1
936,832,2015,5,12,17,0,0,4,1
936,833,2015,209,19,15,0,0,5,1
937,1,2015,131,1,1,1,1,2,0
937,3,2015,131,2,2,0,0,2,0
937,4,2015,1,18,13,0,0,3,1
937,8,2015,6,14,7,0,0,2,0
937,13,2015,3,7,6,0,0,2,0
937,18,2015,1,17,14,0,0,3,1
937,20,2015,6,9,12,0,0,1,0
937,154,2015,208,4,3,0,0,2,0
937,807,2015,10,11,20,0,0,0,0
937,813,2015,208,8,19,0,0,0,0
937,815,2015,10,5,5,0,0,2,0
937,817,2015,9,6,18,0,0,1,0
937,822,2015,3,3,9,0,0,3,1
937,826,2015,9,12,4,0,0,2,0
937,828,2015,15,13,10,0,0,2,0
937,829,2015,206,19,16,0,0,2,0
937,830,2015,5,15,8,0,0,3,1
937,831,2015,15,16,11,0,0,2,0
937,832,2015,5,10,17,0,0,2,0
937,833,2015,206,20,15,0,0,2,0
938,1,2015,131,1,1,1,1,1,0
938,3,2015,131,4,17,0,0,1,0
938,4,2015,1,17,18,0,0,2,0
938,8,2015,6,2,5,0,0,1,0
938,13,2015,3,5,3,0,0,1,0
938,18,2015,1,16,14,0,0,1,0
938,20,2015,6,3,2,0,0,1,0
938,154,2015,208,8,19,0,0,0,0
938,807,2015,10,9,7,0,0,1,0
938,813,2015,208,11,20,0,0,0,0
938,815,2015,10,7,6,0,0,1,0
938,817,2015,9,15,8,0,0,1,0
938,822,2015,3,6,4,0,0,1,0
938,826,2015,9,14,10,0,0,1,0
938,828,2015,15,10,9,0,0,1,0
938,829,2015,209,18,15,0,0,1,0
938,830,2015,5,20,12,0,0,3,1
938,831,2015,15,12,13,0,0,2,0
938,832,2015,5,13,11,0,0,2,0
938,833,2015,209,19,16,0,0,1,0
939,1,2015,131,5,18,0,0,1,0
939,3,2015,131,6,4,0,0,2,0
939,4,2015,1,12,17,0,0,1,0
939,8,2015,6,3,3,0,0,2,0
939,13,2015,3,9,19,0,0,3,1
939,18,2015,1,15,16,0,0,3,1
939,20,2015,6,1,1,1,1,2,0
939,154,2015,208,10,13,0,0,2,0
939,807,2015,10,11,20,0,0,1,0
939,813,2015,208,18,12,0,0,3,1
939,815,2015,10,13,7,0,0,2,0
939,817,2015,9,2,2,0,0,2,0
939,822,2015,3,7,5,0,0,2,0
939,826,2015,9,4,6,0,0,2,0
939,828,2015,15,17,11,0,0,3,1
939,829,2015,209,19,15,0,0,2,0
939,830,2015,5,8,8,0,0,2,0
939,831,2015,15,16,10,0,0,2,0
939,832,2015,5,14,9,0,0,3,1
939,834,2015,209,20,14,0,0,2,0
940,1,2015,131,2,1,1,0,2,0
940,3,2015,131,1,2,0,1,2,0
940,4,2015,1,14,11,0,0,2,0
940,8,2015,6,6,4,0,0,2,0
940,13,2015,3,5,17,0,0,3,1
940,18,2015,1,16,16,0,0,2,0
940,20,2015,6,4,3,0,0,2,0
940,154,2015,208,8,7,0,0,2,0
940,807,2015,10,11,6,0,0,3,1
940,813,2015,208,13,8,0,0,2,0
940,815,2015,10,9,12,0,0,3,1
940,817,2015,9,7,15,0,0,2,0
940,822,2015,3,3,5,0,0,2,0
940,826,2015,9,10,13,0,0,3,1
940,828,2015,15,17,14,0,0,2,0
940,829,2015,209,19,19,0,0,3,1
940,830,2015,5,15,9,0,0,2,0
940,831,2015,15,18,20,0,0,2,0
940,832,2015,5,12,10,0,0,2,0
940,834,2015,209,20,18,0,0,2,0
941,1,2015,131,2,1,1,0,1,0
941,3,2015,131,1,18,0,1,0,0
941,4,2015,1,16,11,0,0,1,0
941,8,2015,6,5,8,0,0,1,0
941,13,2015,3,15,4,0,0,1,0
941,18,2015,1,13,9,0,0,1,0
941,20,2015,6,4,2,0,0,1,0
941,154,2015,208,8,17,0,0,1,0
941,807,2015,10,6,19,0,0,0,0
941,813,2015,208,14,7,0,0,1,0
941,815,2015,10,7,3,0,0,1,0
941,817,2015,9,10,15,0,0,1,0
941,822,2015,3,3,12,0,0,1,0
941,826,2015,9,11,5,0,0,1,0
941,828,2015,15,17,20,0,0,0,0
941,829,2015,206,18,14,0,0,2,0
941,830,2015,5,9,10,0,0,2,0
941,831,2015,15,12,6,0,0,1,0
941,833,2015,206,19,13,0,0,1,0
942,1,2015,131,2,1,1,0,2,0
942,3,2015,131,1,2,0,1,2,0
942,4,2015,1,11,11,0,0,3,1
942,8,2015,6,8,16,0,0,2,0
942,13,2015,3,9,17,0,0,1,0
942,18,2015,1,14,6,0,0,3,1
942,20,2015,6,5,3,0,0,3,1
942,154,2015,208,13,18,0,0,2,0
942,807,2015,10,7,14,0,0,2,0
942,813,2015,208,15,8,0,0,3,1
942,815,2015,10,6,5,0,0,2,0
942,817,2015,9,3,10,0,0,3,1
942,822,2015,3,12,19,0,0,2,0
942,826,2015,9,4,13,0,0,2,0
942,828,2015,15,16,15,0,0,2,0
942,829,2015,206,19,20,0,0,0,0
942,830,2015,5,10,4,0,0,2,0
942,831,2015,15,17,9,0,0,5,1
942,832,2015,5,20,7,0,0,3,1
942,834,2015,206,18,12,0,0,3,1
943,1,2015,131,2,2,0,0,2,0
943,3,2015,131,1,1,1,1,2,0
943,4,2015,1,16,20,0,0,0,0
943,8,2015,6,15,19,0,0,0,0
943,13,2015,3,7,6,0,0,2,0
943,18,2015,1,20,14,0,0,2,0
943,20,2015,6,3,18,0,0,2,0
943,154,2015,208,12,10,0,0,2,0
943,807,2015,10,10,7,0,0,2,0
943,813,2015,208,13,11,0,0,2,0
943,815,2015,10,9,8,0,0,1,0
943,817,2015,9,5,5,0,0,2,0
943,822,2015,3,6,3,0,0,2,0
943,826,2015,9,4,4,0,0,2,0
943,828,2015,15,14,12,0,0,3,1
943,829,2015,206,19,16,0,0,2,0
943,830,2015,5,8,9,0,0,2,0
943,831,2015,15,17,17,0,0,3,1
943,832,2015,5,11,13,0,0,3,1
943,834,2015,206,18,15,0,0,2,0
944,1,2015,131,2,2,0,0,3,1
944,3,2015,131,1,1,1,1,3,1
944,4,2015,1,20,15,0,0,3,1
944,8,2015,6,5,4,0,0,2,0
944,13,2015,3,8,20,0,0,3,1
944,18,2015,1,17,14,0,0,3,1
944,20,2015,6,3,3,0,0,3,1
944,154,2015,208,15,8,0,0,3,1
944,807,2015,10,6,6,0,0,2,0
944,813,2015,208,16,10,0,0,2,0
944,815,2015,10,13,12,0,0,3,1
944,817,2015,9,9,11,0,0,3,1
944,822,2015,3,4,5,0,0,2,0
944,826,2015,9,7,7,0,0,2,0
944,828,2015,15,14,16,0,0,3,1
944,829,2015,206,19,17,0,0,2,0
944,830,2015,5,10,9,0,0,3,1
944,831,2015,15,11,13,0,0,2,0
944,832,2015,5,12,19,0,0,0,0
944,834,2015,206,18,18,0,0,2,0
945,1,2015,131,2,2,0,0,2,0
945,3,2015,131,1,1,1,1,2,0
945,4,2015,1,17,17,0,0,4,1
945,8,2015,6,3,3,0,0,2,0
945,13,2015,3,8,8,0,0,2,0
945,18,2015,1,12,12,0,0,2,0
945,20,2015,6,16,4,0,0,2,0
945,154,2015,208,15,9,0,0,2,0
945,807,2015,10,7,7,0,0,2,0
945,813,2015,208,13,20,0,0,0,0
945,815,2015,10,4,5,0,0,2,0
945,817,2015,9,5,6,0,0,2,0
945,822,2015,3,6,13,0,0,3,1
945,826,2015,9,9,10,0,0,2,0
945,828,2015,15,18,14,0,0,2,0
945,829,2015,209,19,18,0,0,2,0
945,830,2015,5,11,16,0,0,3,1
945,831,2015,15,14,15,0,0,3,1
945,832,2015,5,10,11,0,0,2,0
945,833,2015,209,20,19,0,0,1,0
948,1,2016,131,1,2,0,1,2,0
948,3,2016,131,2,1,1,0,2,0
948,4,2016,1,12,21,0,0,1,0
948,8,2016,6,4,18,0,0,2,0
948,13,2016,3,6,5,0,0,2,0
948,18,2016,1,13,14,0,0,3,1
948,20,2016,6,3,3,0,0,3,1
948,154,2016,210,19,6,0,0,1,0
948,807,2016,10,10,7,0,0,2,0
948,815,2016,10,9,13,0,0,2,0
948,817,2016,9,8,4,0,0,3,1
948,821,2016,210,20,20,0,0,0,0
948,822,2016,3,11,8,0,0,2,0
948,825,2016,4,15,12,0,0,3,1
948,826,2016,9,18,22,0,0,0,0
948,828,2016,15,16,17,0,0,3,1
948,830,2016,5,5,10,0,0,3,1
948,831,2016,15,17,15,0,0,2,0
948,832,2016,5,7,9,0,0,3,1
948,835,2016,4,14,11,0,0,2,0
948,836,2016,209,22,16,0,0,3,1
948,837,2016,209,21,19,0,0,1,0
949,1,2016,131,1,3,0,1,3,1
949,3,2016,131,2,1,1,0,3,1
949,8,2016,6,4,2,0,0,3,1
949,13,2016,3,7,8,0,0,2,0
949,18,2016,1,14,20,0,0,0,0
949,20,2016,6,3,21,0,0,0,0
949,154,2016,210,9,5,0,0,3,1
949,807,2016,10,8,15,0,0,4,1
949,815,2016,10,18,16,0,0,3,1
949,817,2016,9,5,4,0,0,3,1
949,821,2016,210,13,19,0,0,1,0
949,822,2016,3,6,9,0,0,3,1
949,825,2016,4,19,11,0,0,3,1
949,826,2016,9,15,7,0,0,3,1
949,828,2016,15,17,12,0,0,2,0
949,830,2016,5,10,6,0,0,3,1
949,831,2016,15,22,14,0,0,3,1
949,832,2016,5,11,18,0,0,2,0
949,835,2016,4,20,22,0,0,0,0
949,836,2016,209,16,13,0,0,3,1
949,837,2016,209,21,17,0,0,3,1
949,838,2016,1,12,10,0,0,3,1
950,1,2016,131,22,7,0,0,5,1
950,3,2016,131,1,1,1,1,2,0
950,4,2016,1,12,12,0,0,2,0
950,8,2016,6,3,5,0,0,3,1
950,13,2016,3,11,6,0,0,2,0
950,18,2016,1,13,13,0,0,3,1
950,20,2016,6,4,2,0,0,3,1
950,154,2016,210,14,19,0,0,4,1
950,807,2016,10,10,15,0,0,4,1
950,815,2016,10,7,11,0,0,3,1
950,817,2016,9,2,4,0,0,3,1
950,821,2016,210,18,14,0,0,3,1
950,822,2016,3,5,10,0,0,3,1
950,825,2016,4,17,17,0,0,3,1
950,826,2016,9,6,3,0,0,3,1
950,828,2016,15,15,16,0,0,2,0
950,830,2016,5,9,8,0,0,3,1
950,831,2016,15,16,20,0,0,3,1
950,832,2016,5,8,9,0,0,3,1
950,835,2016,4,19,22,0,0,3,1
950,836,2016,209,21,18,0,0,3,1
950,837,2016,209,20,21,0,0,3,1
951,1,2016,131,10,2,0,0,1,0
951,3,2016,131,1,1,1,1,1,0
951,4,2016,1,14,6,0,0,1,0
951,8,2016,6,4,3,0,0,1,0
951,13,2016,3,5,5,0,0,2,0
951,18,2016,1,12,10,0,0,1,0
951,20,2016,6,2,20,0,0,0,0
951,154,2016,210,15,8,0,0,1,0
951,807,2016,10,13,21,0,0,0,0
951,815,2016,10,7,9,0,0,2,0
951,817,2016,9,6,11,0,0,2,0
951,821,2016,210,16,17,0,0,2,0
951,822,2016,3,3,4,0,0,1,0
951,825,2016,4,17,7,0,0,1,0
951,826,2016,9,8,15,0,0,2,0
951,828,2016,15,22,14,0,0,2,0
951,830,2016,5,9,19,0,0,1,0
951,831,2016,15,19,16,0,0,1,0
951,832,2016,5,11,12,0,0,1,0
951,835,2016,4,18,13,0,0,1,0
951,836,2016,209,20,18,0,0,2,0
951,837,2016,209,21,22,0,0,0,0
952,1,2016,131,1,21,0,1,0,0
952,3,2016,131,2,22,0,0,0,0
952,4,2016,1,10,19,0,0,2,0
952,8,2016,6,5,2,0,0,2,0
952,13,2016,3,18,8,0,0,3,1
952,18,2016,1,12,9,0,0,2,0
952,20,2016,6,6,3,0,0,3,1
952,154,2016,210,14,18,0,0,3,1
952,807,2016,10,11,20,0,0,1,0
952,815,2016,10,9,7,0,0,2,0
952,817,2016,9,3,4,0,0,4,1
952,821,2016,210,16,11,0,0,2,0
952,822,2016,3,7,5,0,0,2,0
952,825,2016,4,15,14,0,0,3,1
952,826,2016,5,13,10,0,0,3,1
952,828,2016,15,19,12,0,0,3,1
952,830,2016,9,4,1,1,0,2,0
952,831,2016,15,20,15,0,0,2,0
952,832,2016,5,8,6,0,0,2,0
952,835,2016,4,17,13,0,0,2,0
952,836,2016,209,21,16,0,0,2,0
952,837,2016,209,22,17,0,0,2,0
953,1,2016,131,3,1,1,0,1,0
953,3,2016,131,2,7,0,0,2,0
953,4,2016,1,10,5,0,0,2,0
953,8,2016,6,6,21,0,0,0,0
953,13,2016,3,14,10,0,0,2,0
953,18,2016,1,13,9,0,0,2,0
953,20,2016,6,4,4,0,0,2,0
953,154,2016,210,15,13,0,0,2,0
953,807,2016,10,5,6,0,0,2,0
953,815,2016,10,8,3,0,0,2,0
953,817,2016,9,1,2,0,1,2,0
953,821,2016,210,12,11,0,0,2,0
953,822,2016,3,11,12,0,0,3,1
953,825,2016,4,16,19,0,0,4,1
953,826,2016,5,9,20,0,0,3,1
953,828,2016,15,17,16,0,0,3,1
953,830,2016,9,21,18,0,0,2,0
953,831,2016,15,22,17,0,0,3,1
953,832,2016,5,7,8,0,0,2,0
953,835,2016,4,18,22,0,0,0,0
953,836,2016,209,20,14,0,0,1,0
953,837,2016,209,19,15,0,0,3,1
954,1,2016,131,1,1,1,1,1,0
954,3,2016,131,2,5,0,0,2,0
954,4,2016,1,10,11,0,0,1,0
954,8,2016,6,6,6,0,0,2,0
954,13,2016,3,8,20,0,0,1,0
954,18,2016,1,12,22,0,0,0,0
954,20,2016,6,3,2,0,0,2,0
954,154,2016,210,15,14,0,0,3,1
954,807,2016,10,9,8,0,0,2,0
954,815,2016,10,11,10,0,0,2,0
954,817,2016,9,4,7,0,0,2,0
954,821,2016,210,14,13,0,0,2,0
954,822,2016,3,7,3,0,0,1,0
954,826,2016,5,13,12,0,0,2,0
954,828,2016,15,19,15,0,0,2,0
954,830,2016,9,5,4,0,0,2,0
954,831,2016,15,20,18,0,0,2,0
954,832,2016,5,16,9,0,0,2,0
954,835,2016,4,17,21,0,0,0,0
954,836,2016,209,18,17,0,0,2,0
954,837,2016,209,21,19,0,0,2,0
955,1,2016,131,10,5,0,0,1,0
955,3,2016,131,1,1,1,1,1,0
955,4,2016,1,14,19,0,0,2,0
955,8,2016,6,5,4,0,0,1,0
955,13,2016,3,6,10,0,0,2,0
955,18,2016,1,19,11,0,0,2,0
955,20,2016,6,4,2,0,0,1,0
955,154,2016,210,11,13,0,0,2,0
955,807,2016,10,12,9,0,0,1,0
955,815,2016,10,2,3,0,0,1,0
955,817,2016,9,3,7,0,0,2,0
955,821,2016,210,15,16,0,0,2,0
955,822,2016,3,8,6,0,0,1,0
955,825,2016,4,21,14,0,0,1,0
955,826,2016,5,7,22,0,0,1,0
955,828,2016,15,20,17,0,0,2,0
955,830,2016,9,9,8,0,0,2,0
955,831,2016,15,16,12,0,0,2,0
955,832,2016,5,13,21,0,0,2,0
955,835,2016,4,22,15,0,0,2,0
955,836,2016,209,18,20,0,0,1,0
955,837,2016,209,17,18,0,0,1,0
956,1,2016,131,1,1,1,1,4,1
956,3,2016,131,2,4,0,0,4,1
956,4,2016,1,14,18,0,0,4,1
956,8,2016,6,6,3,0,0,3,1
956,13,2016,3,10,20,0,0,4,1
956,18,2016,1,5,6,0,0,4,1
956,20,2016,6,4,21,0,0,0,0
956,154,2016,210,13,7,0,0,3,1
956,807,2016,10,3,19,0,0,5,1
956,815,2016,10,16,17,0,0,4,1
956,817,2016,9,7,5,0,0,4,1
956,821,2016,210,11,11,0,0,4,1
956,822,2016,3,8,9,0,0,4,1
956,825,2016,4,17,14,0,0,4,1
956,826,2016,5,20,22,0,0,0,0
956,828,2016,15,21,15,0,0,4,1
956,830,2016,9,9,2,0,0,3,1
956,831,2016,15,22,13,0,0,3,1
956,832,2016,5,15,8,0,0,3,1
956,835,2016,4,18,12,0,0,4,1
956,836,2016,209,12,10,0,0,4,1
956,837,2016,209,19,16,0,0,4,1
957,1,2016,131,1,1,1,1,2,0
957,3,2016,131,2,3,0,0,2,0
957,4,2016,1,10,13,0,0,3,1
957,8,2016,6,5,5,0,0,2,0
957,13,2016,3,12,11,0,0,3,1
957,18,2016,1,17,12,0,0,2,0
957,20,2016,6,6,9,0,0,2,0
957,154,2016,210,13,20,0,0,2,0
957,807,2016,10,9,7,0,0,2,0
957,815,2016,10,11,6,0,0,2,0
957,817,2016,9,4,4,0,0,2,0
957,821,2016,210,14,16,0,0,2,0
957,822,2016,3,7,14,0,0,2,0
957,825,2016,4,16,17,0,0,3,1
957,826,2016,5,15,10,0,0,2,0
957,830,2016,9,3,2,0,0,2,0
957,831,2016,15,21,15,0,0,2,0
957,832,2016,5,8,8,0,0,2,0
957,835,2016,4,18,18,0,0,3,1
957,836,2016,209,20,22,0,0,1,0
957,837,2016,209,19,19,0,0,2,0
958,1,2016,131,2,1,1,0,2,0
958,3,2016,131,1,2,0,1,2,0
958,4,2016,1,7,7,0,0,2,0
958,8,2016,6,14,6,0,0,2,0
958,13,2016,3,18,18,0,0,2,0
958,18,2016,1,8,22,0,0,3,1
958,20,2016,6,5,4,0,0,2,0
958,154,2016,210,11,14,0,0,2,0
958,807,2016,10,9,10,0,0,2,0
958,815,2016,10,13,11,0,0,2,0
958,817,2016,9,3,3,0,0,2,0
958,821,2016,210,15,13,0,0,2,0
958,822,2016,3,10,9,0,0,2,0
958,825,2016,4,19,15,0,0,2,0
958,826,2016,5,12,16,0,0,2,0
958,828,2016,15,20,20,0,0,3,1
958,830,2016,9,4,5,0,0,2,0
958,831,2016,15,16,17,0,0,2,0
958,832,2016,5,6,8,0,0,2,0
958,835,2016,4,17,12,0,0,2,0
958,836,2016,209,21,19,0,0,2,0
958,837,2016,209,22,21,0,0,1,0
959,1,2016,131,2,1,1,0,3,1
959,3,2016,131,1,4,0,1,3,1
959,4,2016,1,14,12,0,0,3,1
959,8,2016,6,5,6,0,0,3,1
959,13,2016,3,10,22,0,0,2,0
959,18,2016,1,12,8,0,0,3,1
959,20,2016,6,6,5,0,0,3,1
959,154,2016,210,15,13,0,0,2,0
959,807,2016,10,7,7,0,0,3,1
959,815,2016,10,9,10,0,0,3,1
959,817,2016,9,3,2,0,0,3,1
959,821,2016,210,11,11,0,0,2,0
959,822,2016,3,8,9,0,0,2,0
959,825,2016,4,17,16,0,0,2,0
959,826,2016,5,19,15,0,0,3,1
959,828,2016,15,22,18,0,0,2,0
959,830,2016,9,4,3,0,0,3,1
959,831,2016,15,21,21,0,0,3,1
959,832,2016,5,13,14,0,0,3,1
959,835,2016,4,16,19,0,0,3,1
959,836,2016,209,18,17,0,0,3,1
959,837,2016,209,20,20,0,0,3,1
960,1,2016,131,21,3,0,0,3,1
960,3,2016,131,1,1,1,1,2,0
960,8,2016,6,3,9,0,0,4,1
960,13,2016,3,10,10,0,0,3,1
960,18,2016,1,9,21,0,0,0,0
960,20,2016,6,4,6,0,0,3,1
960,154,2016,210,11,13,0,0,3,1
960,807,2016,10,7,4,0,0,3,1
960,815,2016,10,6,5,0,0,3,1
960,817,2016,9,5,2,0,0,2,0
960,821,2016,210,13,12,0,0,3,1
960,822,2016,3,8,8,0,0,3,1
960,825,2016,4,12,18,0,0,0,0
960,826,2016,5,19,14,0,0,3,1
960,828,2016,15,20,19,0,0,0,0
960,830,2016,9,2,11,0,0,4,1
960,831,2016,15,17,17,0,0,3,1
960,832,2016,5,15,20,0,0,0,0
960,835,2016,4,14,15,0,0,4,1
960,836,2016,209,16,22,0,0,0,0
960,839,2016,209,18,16,0,0,3,1
961,1,2016,131,1,2,0,1,1,0
961,3,2016,131,2,1,1,0,1,0
961,4,2016,1,13,14,0,0,3,1
961,8,2016,6,4,4,0,0,2,0
961,13,2016,3,11,9,0,0,2,0
961,18,2016,1,15,12,0,0,2,0
961,20,2016,6,3,3,0,0,2,0
961,154,2016,210,12,11,0,0,1,0
961,807,2016,10,9,10,0,0,2,0
961,815,2016,10,8,8,0,0,2,0
961,817,2016,9,6,5,0,0,2,0
961,821,2016,210,10,13,0,0,2,0
961,822,2016,3,5,6,0,0,2,0
961,825,2016,4,21,17,0,0,2,0
961,826,2016,5,17,19,0,0,2,0
961,828,2016,15,19,16,0,0,1,0
961,830,2016,9,7,7,0,0,2,0
961,831,2016,15,18,22,0,0,3,1
961,832,2016,5,16,15,0,0,2,0
961,835,2016,4,20,21,0,0,1,0
961,836,2016,209,14,20,0,0,1,0
962,1,2016,131,3,3,0,0,4,1
962,3,2016,131,1,1,1,1,3,1
962,4,2016,1,9,7,0,0,3,1
962,8,2016,6,5,4,0,0,4,1
962,13,2016,3,12,12,0,0,4,1
962,18,2016,1,13,19,0,0,3,1
962,20,2016,6,22,5,0,0,3,1
962,154,2016,210,15,22,0,0,0,0
962,807,2016,10,8,21,0,0,0,0
962,815,2016,10,10,8,0,0,2,0
962,817,2016,9,2,2,0,0,4,1
962,821,2016,210,14,11,0,0,3,1
962,822,2016,3,11,20,0,0,4,1
962,825,2016,4,17,10,0,0,3,1
962,826,2016,5,7,9,0,0,3,1
962,828,2016,15,16,17,0,0,4,1
962,830,2016,9,4,6,0,0,4,1
962,831,2016,15,18,13,0,0,3,1
962,832,2016,5,6,14,0,0,4,1
962,835,2016,4,19,15,0,0,3,1
962,836,2016,209,20,16,0,0,3,1
962,839,2016,209,21,18,0,0,4,1
963,1,2016,131,1,18,0,1,1,0
963,3,2016,131,2,3,0,0,3,1
963,4,2016,1,22,7,0,0,3,1
963,8,2016,6,6,4,0,0,3,1
963,13,2016,3,10,13,0,0,3,1
963,18,2016,1,9,9,0,0,2,0
963,20,2016,6,5,22,0,0,0,0
963,154,2016,210,12,21,0,0,0,0
963,807,2016,10,8,8,0,0,3,1
963,815,2016,10,7,6,0,0,2,0
963,817,2016,9,4,1,1,0,2,0
963,821,2016,210,13,19,0,0,3,1
963,822,2016,3,11,5,0,0,1,0
963,825,2016,4,14,20,0,0,1,0
963,826,2016,5,15,14,0,0,3,1
963,828,2016,15,17,12,0,0,2,0
963,830,2016,9,3,2,0,0,3,1
963,831,2016,15,18,17,0,0,1,0
963,832,2016,5,16,11,0,0,2,0
963,835,2016,4,19,10,0,0,1,0
963,836,2016,209,21,15,0,0,3,1
963,839,2016,209,20,16,0,0,2,0
964,1,2016,131,2,3,0,0,2,0
964,3,2016,131,1,1,1,1,2,0
964,4,2016,1,15,16,0,0,2,0
964,8,2016,6,3,5,0,0,2,0
964,13,2016,3,12,9,0,0,1,0
964,18,2016,1,17,18,0,0,2,0
964,20,2016,6,4,4,0,0,2,0
964,154,2016,210,8,11,0,0,2,0
964,807,2016,10,9,8,0,0,2,0
964,815,2016,10,7,7,0,0,2,0
964,817,2016,9,6,6,0,0,2,0
964,821,2016,210,10,20,0,0,2,0
964,822,2016,3,11,10,0,0,1,0
964,825,2016,4,18,14,0,0,1,0
964,826,2016,5,13,13,0,0,2,0
964,828,2016,15,19,15,0,0,1,0
964,830,2016,9,5,2,0,0,2,0
964,831,2016,15,20,19,0,0,1,0
964,832,2016,5,14,17,0,0,2,0
964,835,2016,4,16,12,0,0,1,0
964,836,2016,209,22,22,0,0,2,0
964,839,2016,209,21,21,0,0,2,0
965,1,2016,131,1,1,1,1,2,0
965,3,2016,131,2,2,0,0,2,0
965,4,2016,1,12,5,0,0,2,0
965,8,2016,6,5,19,0,0,3,1
965,13,2016,3,9,7,0,0,3,1
965,18,2016,1,19,9,0,0,2,0
965,20,2016,6,6,4,0,0,3,1
965,154,2016,210,17,10,0,0,2,0
965,807,2016,10,7,22,0,0,0,0
965,815,2016,10,11,8,0,0,2,0
965,817,2016,9,3,3,0,0,2,0
965,821,2016,210,14,21,0,0,1,0
965,822,2016,3,8,16,0,0,2,0
965,825,2016,4,18,12,0,0,3,1
965,826,2016,5,13,11,0,0,1,0
965,828,2016,15,16,14,0,0,1,0
965,830,2016,9,4,20,0,0,2,0
965,831,2016,15,21,15,0,0,1,0
965,832,2016,5,10,6,0,0,2,0
965,835,2016,4,15,13,0,0,2,0
965,836,2016,209,20,17,0,0,2,0
965,839,2016,209,22,18,0,0,3,1
966,1,2016,131,1,1,1,1,1,0
966,3,2016,131,2,2,0,0,1,0
966,4,2016,1,11,13,0,0,2,0
966,8,2016,6,6,6,0,0,2,0
966,13,2016,3,9,9,0,0,1,0
966,18,2016,1,13,12,0,0,1,0
966,20,2016,6,7,5,0,0,1,0
966,154,2016,210,21,20,0,0,2,0
966,807,2016,10,5,7,0,0,1,0
966,815,2016,10,12,10,0,0,1,0
966,817,2016,9,4,3,0,0,2,0
966,821,2016,210,17,19,0,0,2,0
966,822,2016,3,8,8,0,0,1,0
966,825,2016,4,14,17,0,0,2,0
966,826,2016,5,18,18,0,0,2,0
966,828,2016,15,15,11,0,0,1,0
966,830,2016,9,3,4,0,0,1,0
966,831,2016,15,19,15,0,0,1,0
966,832,2016,5,10,16,0,0,1,0
966,836,2016,209,16,22,0,0,0,0
966,839,2016,209,20,21,0,0,1,0
967,1,2016,131,1,1,1,1,2,0
967,3,2016,131,2,2,0,0,2,0
967,4,2016,1,10,10,0,0,3,1
967,8,2016,6,3,20,0,0,0,0
967,13,2016,3,13,18,0,0,4,1
967,18,2016,1,17,16,0,0,5,1
967,20,2016,6,5,5,0,0,3,1
967,154,2016,210,7,22,0,0,0,0
967,807,2016,10,8,7,0,0,3,1
967,815,2016,10,9,4,0,0,2,0
967,817,2016,9,6,8,0,0,5,1
967,821,2016,210,12,17,0,0,4,1
967,822,2016,3,11,11,0,0,4,1
967,825,2016,4,18,14,0,0,4,1
967,826,2016,5,14,13,0,0,4,1
967,828,2016,15,21,21,0,0,1,0
967,830,2016,9,4,3,0,0,5,1
967,831,2016,15,22,9,0,0,2,0
967,832,2016,5,15,6,0,0,2,0
967,835,2016,4,16,19,0,0,2,0
967,836,2016,209,19,15,0,0,3,1
967,839,2016,209,20,12,0,0,2,0
968,1,2016,131,1,1,1,1,2,0
968,3,2016,131,2,2,0,0,2,0
968,4,2016,1,9,10,0,0,2,0
968,8,2016,6,4,6,0,0,2,0
968,13,2016,3,10,9,0,0,2,0
968,18,2016,1,12,20,0,0,0,0
968,20,2016,6,5,3,0,0,2,0
968,154,2016,210,14,11,0,0,2,0
968,807,2016,10,7,7,0,0,2,0
968,815,2016,10,8,8,0,0,2,0
968,817,2016,9,3,5,0,0,2,0
968,821,2016,210,13,12,0,0,2,0
968,822,2016,3,11,21,0,0,0,0
968,825,2016,4,18,22,0,0,1,0
968,826,2016,5,17,19,0,0,1,0
968,828,2016,15,22,15,0,0,1,0
968,830,2016,9,6,4,0,0,1,0
968,831,2016,15,19,16,0,0,2,0
968,832,2016,5,21,18,0,0,2,0
968,835,2016,4,15,17,0,0,3,1
968,836,2016,209,16,14,0,0,2,0
968,839,2016,209,20,13,0,0,2,0
969,1,2017,131,1,2,0,1,1,0
969,4,2017,1,13,14,0,0,1,0
969,8,2017,6,4,4,0,0,1,0
969,13,2017,3,7,6,0,0,1,0
969,20,2017,6,2,1,1,0,1,0
969,154,2017,210,6,20,0,0,0,0
969,807,2017,4,12,11,0,0,2,0
969,815,2017,10,11,7,0,0,1,0
969,817,2017,9,10,17,0,0,0,0
969,822,2017,131,3,3,0,0,1,0
969,825,2017,210,17,15,0,0,2,0
969,826,2017,5,9,9,0,0,2,0
969,828,2017,15,15,18,0,0,0,0
969,830,2017,9,5,5,0,0,1,0
969,832,2017,5,8,8,0,0,1,0
969,835,2017,4,20,19,0,0,0,0
969,838,2017,1,18,13,0,0,1,0
969,839,2017,10,14,10,0,0,1,0
969,840,2017,3,19,16,0,0,2,0
969,841,2017,15,16,12,0,0,1,0
970,1,2017,131,1,1,1,1,4,1
970,4,2017,1,13,16,0,0,4,1
970,8,2017,6,4,5,0,0,4,1
970,13,2017,3,6,14,0,0,6,1
970,20,2017,6,2,2,0,0,5,1
970,154,2017,210,17,11,0,0,5,1
970,807,2017,4,7,12,0,0,5,1
970,815,2017,10,8,9,0,0,6,1
970,817,2017,9,5,4,0,0,4,1
970,822,2017,131,3,6,0,0,4,1
970,825,2017,210,12,8,0,0,5,1
970,826,2017,5,9,17,0,0,4,1
970,828,2017,15,14,15,0,0,4,1
970,830,2017,9,19,3,0,0,4,1
970,832,2017,5,11,7,0,0,4,1
970,835,2017,4,18,13,0,0,4,1
970,838,2017,1,16,18,0,0,4,1
970,839,2017,10,20,10,0,0,5,1
970,840,2017,3,10,20,0,0,0,0
970,841,2017,15,15,19,0,0,1,0
971,1,2017,131,2,2,0,0,2,0
971,4,2017,1,15,14,0,0,2,0
971,8,2017,6,5,4,0,0,2,0
971,13,2017,3,8,6,0,0,2,0
971,20,2017,6,3,1,1,0,2,0
971,154,2017,210,9,8,0,0,2,0
971,807,2017,4,7,9,0,0,2,0
971,815,2017,10,18,7,0,0,2,0
971,817,2017,9,4,5,0,0,2,0
971,822,2017,131,1,3,0,1,2,0
971,825,2017,210,20,19,0,0,0,0
971,826,2017,5,11,12,0,0,2,0
971,828,2017,15,19,15,0,0,1,0
971,830,2017,9,6,18,0,0,1,0
971,832,2017,5,16,16,0,0,1,0
971,835,2017,4,10,13,0,0,2,0
971,836,2017,15,13,11,0,0,1,0
971,838,2017,1,17,20,0,0,0,0
971,839,2017,10,14,10,0,0,2,0
971,840,2017,3,12,17,0,0,1,0
972,1,2017,131,4,4,0,0,1,0
972,4,2017,1,15,20,0,0,0,0
972,8,2017,6,2,3,0,0,1,0
972,13,2017,3,6,9,0,0,2,0
972,20,2017,6,1,2,0,1,1,0
972,154,2017,210,20,19,0,0,0,0
972,807,2017,4,8,8,0,0,1,0
972,815,2017,10,9,6,0,0,1,0
972,817,2017,9,5,17,0,0,0,0
972,822,2017,131,3,1,1,0,1,0
972,825,2017,210,14,13,0,0,1,0
972,826,2017,5,13,12,0,0,1,0
972,828,2017,15,19,15,0,0,2,0
972,830,2017,9,7,5,0,0,1,0
972,832,2017,5,11,10,0,0,1,0
972,835,2017,4,16,18,0,0,0,0
972,836,2017,15,18,16,0,0,2,0
972,838,2017,1,17,14,0,0,2,0
972,839,2017,10,10,7,0,0,1,0
972,840,2017,3,12,11,0,0,1,0
973,1,2017,131,1,1,1,1,2,0
973,4,2017,1,7,12,0,0,3,1
973,8,2017,6,4,20,0,0,0,0
973,13,2017,3,9,13,0,0,3,1
973,20,2017,6,2,2,0,0,2,0
973,154,2017,210,14,10,0,0,2,0
973,807,2017,4,13,6,0,0,2,0
973,815,2017,10,8,4,0,0,2,0
973,817,2017,9,6,3,0,0,2,0
973,822,2017,131,3,17,0,0,1,0
973,825,2017,210,11,14,0,0,3,1
973,826,2017,5,20,9,0,0,2,0
973,828,2017,15,16,11,0,0,2,0
973,830,2017,9,5,19,0,0,0,0
973,832,2017,5,12,7,0,0,2,0
973,835,2017,4,17,15,0,0,3,1
973,836,2017,15,15,8,0,0,1,0
973,838,2017,1,19,18,0,0,1,0
973,839,2017,10,10,5,0,0,2,0
973,840,2017,3,18,16,0,0,2,0
974,1,2017,131,14,7,0,0,1,0
974,8,2017,6,1,2,0,1,1,0
974,13,2017,3,15,9,0,0,2,0
974,18,2017,1,9,18,0,0,2,0
974,20,2017,6,2,1,1,0,1,0
974,154,2017,210,8,8,0,0,1,0
974,807,2017,4,12,20,0,0,0,0
974,815,2017,10,7,13,0,0,3,1
974,817,2017,9,5,3,0,0,1,0
974,822,2017,131,3,4,0,0,1,0
974,825,2017,210,13,10,0,0,2,0
974,826,2017,5,11,14,0,0,1,0
974,828,2017,15,20,17,0,0,1,0
974,830,2017,9,4,5,0,0,2,0
974,832,2017,5,6,6,0,0,1,0
974,835,2017,4,17,11,0,0,1,0
974,836,2017,15,19,19,0,0,1,0
974,838,2017,1,10,16,0,0,1,0
974,839,2017,10,16,12,0,0,3,1
974,840,2017,3,18,15,0,0,2,0
975,1,2017,131,1,1,1,1,1,0
975,4,2017,1,12,16,0,0,1,0
975,8,2017,6,4,7,0,0,2,0
975,13,2017,3,7,19,0,0,0,0
975,20,2017,6,2,4,0,0,2,0
975,154,2017,210,14,10,0,0,1,0
975,807,2017,4,10,8,0,0,1,0
975,815,2017,10,8,5,0,0,1,0
975,817,2017,9,6,3,0,0,1,0
975,822,2017,131,3,2,0,0,1,0
975,825,2017,210,18,12,0,0,1,0
975,826,2017,5,11,17,0,0,2,0
975,828,2017,15,19,13,0,0,1,0
975,830,2017,9,5,18,0,0,0,0
975,832,2017,5,13,20,0,0,0,0
975,835,2017,4,15,11,0,0,1,0
975,836,2017,15,20,15,0,0,2,0
975,838,2017,1,16,14,0,0,1,0
975,839,2017,10,9,6,0,0,1,0
975,840,2017,3,17,9,0,0,1,0
976,1,2017,131,1,5,0,1,4,1
976,4,2017,1,16,9,0,0,3,1
976,8,2017,6,3,14,0,0,4,1
976,13,2017,3,9,16,0,0,3,1
976,20,2017,6,4,4,0,0,4,1
976,154,2017,210,17,13,0,0,5,1
976,807,2017,4,14,17,0,0,3,1
976,815,2017,10,6,15,0,0,4,1
976,817,2017,9,10,1,1,0,4,1
976,822,2017,131,2,2,0,0,4,1
976,825,2017,210,13,7,0,0,3,1
976,826,2017,5,11,19,0,0,0,0
976,828,2017,15,18,11,0,0,3,1
976,830,2017,9,5,18,0,0,0,0
976,832,2017,5,12,8,0,0,3,1
976,836,2017,15,15,10,0,0,5,1
976,838,2017,1,19,12,0,0,4,1
976,839,2017,10,7,6,0,0,4,1
976,840,2017,3,8,3,0,0,3,1
977,1,2017,131,3,4,0,0,1,0
977,4,2017,1,12,19,0,0,0,0
977,8,2017,6,4,5,0,0,1,0
977,13,2017,3,17,9,0,0,1,0
977,20,2017,6,2,2,0,0,1,0
977,154,2017,210,7,6,0,0,1,0
977,807,2017,4,11,13,0,0,1,0
977,815,2017,10,8,7,0,0,1,0
977,817,2017,9,5,3,0,0,1,0
977,822,2017,131,1,1,1,1,1,0
977,825,2017,210,15,18,0,0,0,0
977,826,2017,5,14,16,0,0,3,1
977,828,2017,15,19,15,0,0,1,0
977,830,2017,9,6,20,0,0,0,0
977,832,2017,5,10,17,0,0,1,0
977,835,2017,4,16,11,0,0,1,0
977,836,2017,15,20,14,0,0,1,0
977,838,2017,1,13,12,0,0,2,0
977,839,2017,10,9,8,0,0,1,0
977,840,2017,3,18,10,0,0,1,0
978,1,2017,131,1,1,1,1,1,0
978,4,2017,1,13,18,0,0,1,0
978,8,2017,6,2,3,0,0,2,0
978,13,2017,3,15,10,0,0,1,0
978,20,2017,6,3,7,0,0,2,0
978,154,2017,210,10,13,0,0,2,0
978,807,2017,4,6,6,0,0,1,0
978,815,2017,10,7,9,0,0,1,0
978,817,2017,9,20,5,0,0,1,0
978,822,2017,131,4,2,0,0,1,0
978,825,2017,210,17,12,0,0,1,0
978,826,2017,5,12,15,0,0,3,1
978,828,2017,15,19,14,0,0,1,0
978,830,2017,9,5,4,0,0,2,0
978,832,2017,5,14,19,0,0,0,0
978,835,2017,4,11,20,0,0,0,0
978,836,2017,15,18,17,0,0,3,1
978,838,2017,1,9,11,0,0,1,0
978,839,2017,10,8,8,0,0,1,0
978,840,2017,3,16,16,0,0,2,0
979,1,2017,131,4,4,0,0,1,0
979,4,2017,1,8,6,0,0,1,0
979,8,2017,6,2,2,0,0,1,0
979,20,2017,6,1,1,1,1,1,0
979,154,2017,210,15,19,0,0,1,0
979,807,2017,4,7,17,0,0,1,0
979,814,2017,3,19,18,0,0,1,0
979,815,2017,10,14,8,0,0,1,0
979,817,2017,9,6,20,0,0,0,0
979,822,2017,131,3,3,0,0,1,0
979,825,2017,210,16,13,0,0,1,0
979,826,2017,5,13,11,0,0,1,0
979,828,2017,15,20,16,0,0,2,0
979,830,2017,9,5,5,0,0,1,0
979,832,2017,5,10,7,0,0,1,0
979,835,2017,4,11,12,0,0,1,0
979,836,2017,15,18,15,0,0,2,0
979,838,2017,1,9,10,0,0,1,0
979,839,2017,10,12,9,0,0,1,0
979,840,2017,3,17,14,0,0,1,0
980,1,2017,131,1,1,1,1,2,0
980,4,2017,1,11,18,0,0,1,0
980,8,2017,6,4,4,0,0,3,1
980,13,2017,3,16,8,0,0,2,0
980,20,2017,6,2,2,0,0,2,0
980,154,2017,210,12,7,0,0,2,0
980,807,2017,4,7,6,0,0,2,0
980,815,2017,10,8,17,0,0,3,1
980,817,2017,9,6,3,0,0,2,0
980,822,2017,131,3,5,0,0,2,0
980,825,2017,210,13,15,0,0,3,1
980,826,2017,5,17,12,0,0,2,0
980,828,2017,15,19,16,0,0,3,1
980,830,2017,9,5,19,0,0,0,0
980,832,2017,5,14,10,0,0,2,0
980,835,2017,4,10,13,0,0,2,0
980,836,2017,15,20,20,0,0,0,0
980,838,2017,1,15,14,0,0,2,0
980,839,2017,10,9,9,0,0,3,1
980,840,2017,3,18,11,0,0,2,0
981,1,2017,131,1,1,1,1,1,0
981,4,2017,1,13,17,0,0,1,0
981,8,2017,6,7,5,0,0,1,0
981,13,2017,3,9,8,0,0,1,0
981,20,2017,6,8,3,0,0,1,0
981,154,2017,210,20,15,0,0,2,0
981,807,2017,4,12,13,0,0,1,0
981,815,2017,10,11,9,0,0,1,0
981,817,2017,9,3,4,0,0,1,0
981,822,2017,131,6,2,0,0,1,0
981,825,2017,210,16,11,0,0,1,0
981,826,2017,5,14,12,0,0,1,0
981,828,2017,15,18,18,0,0,1,0
981,830,2017,9,2,10,0,0,2,0
981,832,2017,5,15,14,0,0,1,0
981,835,2017,4,17,20,0,0,1,0
981,836,2017,15,19,16,0,0,1,0
981,838,2017,1,10,19,0,0,0,0
981,839,2017,10,5,6,0,0,1,0
981,840,2017,3,4,7,0,0,1,0
982,1,2017,131,5,1,1,0,4,1
982,4,2017,1,8,17,0,0,3,1
982,8,2017,6,4,20,0,0,0,0
982,13,2017,3,17,11,0,0,6,1
982,20,2017,6,1,18,0,1,0,0
982,154,2017,210,15,9,0,0,4,1
982,807,2017,4,7,14,0,0,6,1
982,815,2017,10,12,5,0,0,5,1
982,817,2017,9,3,2,0,0,5,1
982,822,2017,131,6,3,0,0,4,1
982,825,2017,210,16,13,0,0,6,1
982,826,2017,5,13,16,0,0,3,1
982,828,2017,15,20,15,0,0,6,1
982,830,2017,9,2,19,0,0,0,0
982,832,2017,5,10,4,0,0,4,1
982,835,2017,4,11,6,0,0,5,1
982,836,2017,15,19,12,0,0,6,1
982,838,2017,1,9,7,0,0,5,1
982,839,2017,10,14,10,0,0,6,1
982,840,2017,3,18,8,0,0,4,1
983,1,2017,131,1,2,0,1,1,0
983,4,2017,1,10,11,0,0,1,0
983,8,2017,6,2,20,0,0,0,0
983,13,2017,3,11,9,0,0,1,0
983,20,2017,6,20,4,0,0,1,0
983,154,2017,210,16,13,0,0,2,0
983,807,2017,4,8,16,0,0,2,0
983,815,2017,10,9,6,0,0,1,0
983,817,2017,9,4,3,0,0,1,0
983,822,2017,131,5,5,0,0,1,0
983,825,2017,210,17,12,0,0,1,0
983,828,2017,15,19,18,0,0,1,0
983,830,2017,9,3,1,1,0,1,0
983,832,2017,5,14,19,0,0,0,0
983,835,2017,4,12,15,0,0,1,0
983,836,2017,15,18,17,0,0,1,0
983,838,2017,1,7,7,0,0,1,0
983,839,2017,10,6,10,0,0,1,0
983,840,2017,3,13,8,0,0,1,0
983,842,2017,5,15,14,0,0,1,0
984,1,2017,131,1,1,1,1,1,0
984,4,2017,1,10,11,0,0,1,0
984,8,2017,6,6,5,0,0,1,0
984,13,2017,3,9,10,0,0,1,0
984,20,2017,6,3,19,0,0,0,0
984,154,2017,210,16,9,0,0,1,0
984,807,2017,4,12,17,0,0,1,0
984,815,2017,10,8,7,0,0,1,0
984,817,2017,9,4,3,0,0,1,0
984,822,2017,131,2,4,0,0,1,0
984,825,2017,210,13,8,0,0,1,0
984,828,2017,15,19,18,0,0,0,0
984,830,2017,9,5,2,0,0,1,0
984,832,2017,5,15,20,0,0,0,0
984,835,2017,4,14,12,0,0,1,0
984,836,2017,15,20,15,0,0,3,1
984,838,2017,1,11,14,0,0,2,0
984,839,2017,10,7,6,0,0,1,0
984,840,2017,3,18,16,0,0,2,0
984,842,2017,5,17,13,0,0,2,0
985,1,2017,131,1,1,1,1,1,0
985,4,2017,1,9,17,0,0,1,0
985,8,2017,6,5,3,0,0,1,0
985,13,2017,3,11,9,0,0,1,0
985,20,2017,6,2,2,0,0,2,0
985,154,2017,210,14,14,0,0,1,0
985,807,2017,4,15,20,0,0,0,0
985,815,2017,10,10,8,0,0,1,0
985,817,2017,9,4,18,0,0,1,0
985,822,2017,131,3,5,0,0,2,0
985,825,2017,210,20,16,0,0,2,0
985,826,2017,5,12,10,0,0,1,0
985,828,2017,15,16,15,0,0,1,0
985,830,2017,9,6,4,0,0,2,0
985,832,2017,4,8,7,0,0,1,0
985,836,2017,15,19,19,0,0,1,0
985,838,2017,1,13,12,0,0,1,0
985,839,2017,10,7,6,0,0,1,0
985,840,2017,3,17,11,0,0,2,0
985,843,2017,5,18,13,0,0,2,0
986,1,2017,131,3,9,0,0,2,0
986,4,2017,1,14,10,0,0,1,0
986,8,2017,6,5,3,0,0,1,0
986,13,2017,3,11,11,0,0,1,0
986,20,2017,6,1,4,0,1,2,0
986,154,2017,210,19,15,0,0,2,0
986,807,2017,4,8,19,0,0,1,0
986,815,2017,10,10,7,0,0,2,0
986,817,2017,9,7,20,0,0,0,0
986,822,2017,131,4,2,0,0,1,0
986,825,2017,210,18,8,0,0,1,0
986,828,2017,15,16,17,0,0,1,0
986,830,2017,9,2,1,1,0,1,0
986,832,2017,4,9,16,0,0,2,0
986,836,2017,15,17,14,0,0,1,0
986,838,2017,1,15,12,0,0,1,0
986,839,2017,10,6,5,0,0,1,0
986,840,2017,3,12,6,0,0,1,0
986,843,2017,5,13,18,0,0,0,0
987,1,2017,131,20,4,0,0,4,1
987,4,2017,1,7,8,0,0,4,1
987,8,2017,6,3,3,0,0,4,1
987,13,2017,3,10,7,0,0,4,1
987,20,2017,6,2,1,1,0,4,1
987,154,2017,210,12,15,0,0,4,1
987,807,2017,4,8,10,0,0,4,1
987,815,2017,10,6,9,0,0,4,1
987,817,2017,9,5,6,0,0,4,1
987,822,2017,131,1,2,0,1,4,1
987,825,2017,210,14,20,0,0,0,0
987,828,2017,15,19,13,0,0,4,1
987,830,2017,9,4,5,0,0,5,1
987,832,2017,4,9,11,0,0,4,1
987,836,2017,15,16,14,0,0,3,1
987,838,2017,1,13,19,0,0,0,0
987,839,2017,10,11,18,0,0,0,0
987,840,2017,3,18,16,0,0,5,1
987,842,2017,5,17,12,0,0,4,1
987,843,2017,5,15,17,0,0,4,1
988,1,2017,131,2,2,0,0,1,0
988,4,2017,1,11,9,0,0,1,0
988,8,2017,6,5,4,0,0,1,0
988,13,2017,3,10,10,0,0,1,0
988,20,2017,6,3,3,0,0,1,0
988,154,2017,210,16,11,0,0,1,0
988,807,2017,4,7,6,0,0,1,0
988,815,2017,10,8,7,0,0,1,0
988,817,2017,9,4,20,0,0,1,0
988,822,2017,131,1,1,1,1,1,0
988,825,2017,210,14,13,0,0,1,0
988,828,2017,15,19,17,0,0,1,0
988,830,2017,9,6,5,0,0,1,0
988,832,2017,4,12,19,0,0,1,0
988,836,2017,15,18,14,0,0,1,0
988,838,2017,1,13,12,0,0,1,0
988,839,2017,10,9,8,0,0,1,0
988,840,2017,3,15,18,0,0,3,1
988,842,2017,5,17,16,0,0,1,0
988,843,2017,5,20,15,0,0,1,0
989,1,2018,131,1,2,0,1,1,0
989,4,2018,1,11,5,0,0,1,0
989,8,2018,6,2,3,0,0,1,0
989,20,2018,6,3,1,1,0,1,0
989,154,2018,210,7,16,0,0,1,0
989,807,2018,4,8,7,0,0,1,0
989,815,2018,10,13,11,0,0,1,0
989,817,2018,9,5,4,0,0,1,0
989,822,2018,131,10,8,0,0,1,0
989,825,2018,210,6,17,0,0,1,0
989,828,2018,15,17,19,0,0,0,0
989,830,2018,9,4,6,0,0,1,0
989,832,2018,4,9,10,0,0,1,0
989,838,2018,1,12,9,0,0,1,0
989,839,2018,10,15,12,0,0,1,0
989,840,2018,3,14,14,0,0,2,0
989,842,2018,5,20,18,0,0,0,0
989,843,2018,5,16,15,0,0,2,0
989,844,2018,15,18,13,0,0,2,0
989,845,2018,3,19,20,0,0,0,0
990,1,2018,131,4,3,0,0,1,0
990,4,2018,1,13,7,0,0,2,0
990,8,2018,6,2,18,0,0,1,0
990,20,2018,6,1,1,1,1,1,0
990,154,2018,210,16,13,0,0,3,1
990,807,2018,4,8,6,0,0,2,0
990,815,2018,10,12,16,0,0,2,0
990,817,2018,9,5,20,0,0,0,0
990,822,2018,131,3,2,0,0,1,0
990,825,2018,210,7,5,0,0,2,0
990,828,2018,15,17,9,0,0,1,0
990,830,2018,9,15,19,0,0,1,0
990,832,2018,4,10,11,0,0,2,0
990,838,2018,1,14,8,0,0,2,0
990,839,2018,10,9,10,0,0,2,0
990,840,2018,3,20,14,0,0,2,0
990,842,2018,5,6,4,0,0,2,0
990,843,2018,5,11,17,0,0,2,0
990,844,2018,15,19,12,0,0,2,0
990,845,2018,3,18,15,0,0,2,0
991,1,2018,131,4,4,0,0,1,0
991,4,2018,1,13,7,0,0,1,0
991,8,2018,6,2,3,0,0,1,0
991,20,2018,6,1,8,0,1,1,0
991,154,2018,210,10,17,0,0,2,0
991,807,2018,4,7,6,0,0,2,0
991,815,2018,10,8,12,0,0,2,0
991,817,2018,9,6,1,1,0,2,0
991,822,2018,131,3,2,0,0,1,0
991,825,2018,210,11,10,0,0,1,0
991,828,2018,15,20,16,0,0,1,0
991,830,2018,9,5,5,0,0,2,0
991,832,2018,4,9,9,0,0,2,0
991,838,2018,1,14,13,0,0,1,0
991,839,2018,10,12,11,0,0,2,0
991,840,2018,3,18,14,0,0,1,0
991,842,2018,5,17,18,0,0,2,0
991,843,2018,5,15,20,0,0,2,0
991,844,2018,15,19,19,0,0,1,0
991,845,2018,3,16,15,0,0,2,0
992,1,2018,131,2,1,1,0,2,0
992,4,2018,1,13,7,0,0,2,0
992,8,2018,6,6,2,0,0,2,0
992,20,2018,6,1,4,0,1,2,0
992,154,2018,210,20,15,0,0,2,0
992,807,2018,4,9,18,0,0,0,0
992,815,2018,10,8,3,0,0,2,0
992,817,2018,9,4,17,0,0,1,0
992,822,2018,131,3,14,0,0,1,0
992,825,2018,210,15,13,0,0,2,0
992,828,2018,15,18,11,0,0,4,1
992,830,2018,9,5,16,0,0,1,0
992,832,2018,4,10,5,0,0,2,0
992,838,2018,1,16,9,0,0,4,1
992,839,2018,10,7,19,0,0,0,0
992,840,2018,3,11,8,0,0,2,0
992,842,2018,5,17,12,0,0,2,0
992,843,2018,5,19,10,0,0,3,1
992,844,2018,15,14,6,0,0,2,0
992,845,2018,3,12,20,0,0,0,0
993,1,2018,131,1,1,1,1,1,0
993,4,2018,1,8,8,0,0,1,0
993,8,2018,6,4,17,0,0,0,0
993,20,2018,6,3,4,0,0,2,0
993,154,2018,210,10,18,0,0,0,0
993,807,2018,4,16,20,0,0,0,0
993,815,2018,10,15,9,0,0,2,0
993,817,2018,9,6,5,0,0,1,0
993,822,2018,131,2,2,0,0,1,0
993,825,2018,210,7,6,0,0,1,0
993,828,2018,15,17,13,0,0,1,0
993,830,2018,9,5,3,0,0,1,0
993,832,2018,4,9,7,0,0,1,0
993,838,2018,1,11,15,0,0,1,0
993,839,2018,10,13,16,0,0,1,0
993,840,2018,3,19,11,0,0,1,0
993,842,2018,5,12,19,0,0,0,0
993,843,2018,5,20,12,0,0,2,0
993,844,2018,15,14,10,0,0,1,0
993,845,2018,3,18,14,0,0,3,1
994,1,2018,131,3,3,0,0,1,0
994,4,2018,1,7,20,0,0,1,0
994,8,2018,6,4,4,0,0,1,0
994,20,2018,6,2,2,0,0,1,0
994,154,2018,210,15,15,0,0,2,0
994,807,2018,4,11,8,0,0,1,0
994,815,2018,10,9,12,0,0,1,0
994,817,2018,9,1,1,1,1,1,0
994,822,2018,131,5,5,0,0,1,0
994,825,2018,210,19,13,0,0,1,0
994,828,2018,15,17,11,0,0,1,0
994,830,2018,9,20,9,0,0,1,0
994,832,2018,4,8,10,0,0,1,0
994,838,2018,1,12,14,0,0,2,0
994,839,2018,10,6,6,0,0,1,0
994,840,2018,3,18,17,0,0,3,1
994,842,2018,5,10,7,0,0,1,0
994,843,2018,5,16,19,0,0,1,0
994,844,2018,15,14,18,0,0,1,0
994,845,2018,3,13,16,0,0,3,1
995,1,2018,131,4,5,0,0,1,0
995,4,2018,1,14,18,0,0,1,0
995,8,2018,6,5,6,0,0,1,0
995,20,2018,6,1,1,1,1,1,0
995,154,2018,210,20,12,0,0,1,0
995,807,2018,4,7,7,0,0,1,0
995,815,2018,10,10,14,0,0,2,0
995,817,2018,9,6,4,0,0,1,0
995,822,2018,131,2,2,0,0,1,0
995,825,2018,210,11,13,0,0,1,0
995,828,2018,15,19,15,0,0,1,0
995,830,2018,9,3,3,0,0,1,0
995,832,2018,4,9,8,0,0,1,0
995,838,2018,1,15,16,0,0,2,0
995,839,2018,10,8,9,0,0,1,0
995,840,2018,3,17,20,0,0,0,0
995,842,2018,5,16,11,0,0,1,0
995,843,2018,5,12,19,0,0,0,0
995,844,2018,15,13,10,0,0,1,0
995,845,2018,3,18,17,0,0,1,0
996,1,2018,131,1,1,1,1,1,0
996,4,2018,1,16,16,0,0,2,0
996,8,2018,6,6,3,0,0,1,0
996,20,2018,6,3,5,0,0,2,0
996,154,2018,210,10,11,0,0,1,0
996,807,2018,4,12,9,0,0,1,0
996,815,2018,10,13,18,0,0,0,0
996,817,2018,9,5,4,0,0,1,0
996,822,2018,131,2,7,0,0,2,0
996,825,2018,210,9,6,0,0,1,0
996,828,2018,15,15,13,0,0,1,0
996,830,2018,9,4,2,0,0,1,0
996,832,2018,4,7,8,0,0,1,0
996,838,2018,1,18,12,0,0,1,0
996,839,2018,10,11,19,0,0,0,0
996,840,2018,3,20,17,0,0,1,0
996,842,2018,5,14,20,0,0,0,0
996,843,2018,5,17,14,0,0,1,0
996,844,2018,15,8,10,0,0,1,0
996,845,2018,3,19,15,0,0,1,0
997,1,2018,131,2,16,0,0,2,0
997,4,2018,1,14,8,0,0,1,0
997,8,2018,6,4,2,0,0,1,0
997,20,2018,6,3,3,0,0,1,0
997,154,2018,210,6,4,0,0,1,0
997,807,2018,4,10,20,0,0,0,0
997,815,2018,10,17,7,0,0,1,0
997,817,2018,9,7,18,0,0,2,0
997,822,2018,131,1,19,0,1,0,0
997,825,2018,210,8,5,0,0,1,0
997,828,2018,15,20,10,0,0,1,0
997,830,2018,9,5,1,1,0,1,0
997,832,2018,4,9,12,0,0,2,0
997,838,2018,1,16,15,0,0,2,0
997,839,2018,10,11,6,0,0,1,0
997,840,2018,3,15,14,0,0,2,0
997,842,2018,5,12,11,0,0,1,0
997,843,2018,5,19,17,0,0,0,0
997,844,2018,15,13,9,0,0,1,0
997,845,2018,3,18,13,0,0,2,0
998,1,2018,131,1,2,0,1,1,0
998,4,2018,1,13,8,0,0,2,0
998,8,2018,6,3,3,0,0,2,0
998,20,2018,6,2,1,1,0,2,0
998,154,2018,210,8,16,0,0,1,0
998,807,2018,4,11,6,0,0,1,0
998,815,2018,10,12,10,0,0,2,0
998,817,2018,9,6,5,0,0,2,0
998,822,2018,131,4,4,0,0,1,0
998,825,2018,210,7,9,0,0,1,0
998,828,2018,15,15,18,0,0,1,0
998,830,2018,9,5,15,0,0,2,0
998,832,2018,4,16,17,0,0,2,0
998,838,2018,1,17,11,0,0,2,0
998,839,2018,10,10,7,0,0,1,0
998,840,2018,3,19,12,0,0,1,0
998,842,2018,5,14,13,0,0,2,0
998,843,2018,5,20,20,0,0,0,0
998,844,2018,15,9,19,0,0,1,0
998,845,2018,3,18,14,0,0,1,0
999,1,2018,131,14,1,1,0,1,0
999,4,2018,1,11,16,0,0,3,1
999,8,2018,6,3,3,0,0,2,0
999,20,2018,6,1,18,0,1,1,0
999,154,2018,210,6,6,0,0,3,1
999,807,2018,4,7,5,0,0,3,1
999,815,2018,10,10,7,0,0,1,0
999,817,2018,9,15,20,0,0,0,0
999,822,2018,131,2,2,0,0,2,0
999,825,2018,210,5,11,0,0,3,1
999,828,2018,15,13,9,0,0,1,0
999,830,2018,9,4,4,0,0,3,1
999,832,2018,4,8,12,0,0,3,1
999,838,2018,1,20,13,0,0,2,0
999,839,2018,10,16,8,0,0,1,0
999,840,2018,3,19,17,0,0,2,0
999,842,2018,5,17,14,0,0,2,0
999,843,2018,5,18,10,0,0,2,0
999,844,2018,15,9,15,0,0,3,1
999,845,2018,3,12,19,0,0,2,0
1000,1,2018,131,1,1,1,1,1,0
1000,4,2018,1,11,8,0,0,1,0
1000,8,2018,6,3,3,0,0,2,0
1000,20,2018,6,4,2,0,0,1,0
1000,154,2018,210,10,10,0,0,1,0
1000,807,2018,4,13,12,0,0,2,0
1000,815,2018,10,19,14,0,0,1,0
1000,817,2018,9,12,4,0,0,1,0
1000,822,2018,131,2,5,0,0,1,0
1000,825,2018,210,9,7,0,0,1,0
1000,828,2018,15,14,15,0,0,1,0
1000,830,2018,9,7,19,0,0,0,0
1000,832,2018,4,5,9,0,0,1,0
1000,838,2018,1,16,18,0,0,1,0
1000,839,2018,10,18,13,0,0,1,0
1000,840,2018,3,15,17,0,0,1,0
1000,842,2018,5,6,6,0,0,1,0
1000,843,2018,5,8,11,0,0,1,0
1000,844,2018,15,17,20,0,0,0,0
1000,845,2018,3,20,16,0,0,1,0
1001,1,2018,131,1,2,0,1,2,0
1001,4,2018,1,17,19,0,0,0,0
1001,8,2018,6,6,17,0,0,2,0
1001,20,2018,6,2,1,1,0,2,0
1001,154,2018,210,5,7,0,0,2,0
1001,807,2018,4,15,20,0,0,0,0
1001,815,2018,10,4,5,0,0,2,0
1001,817,2018,9,8,16,0,0,0,0
1001,822,2018,131,10,4,0,0,3,1
1001,825,2018,210,9,8,0,0,2,0
1001,828,2018,15,14,10,0,0,2,0
1001,830,2018,9,7,3,0,0,2,0
1001,832,2018,4,16,11,0,0,2,0
1001,838,2018,1,20,15,0,0,3,1
1001,839,2018,10,3,6,0,0,2,0
1001,840,2018,3,19,13,0,0,2,0
1001,842,2018,5,11,9,0,0,2,0
1001,843,2018,5,12,14,0,0,2,0
1001,844,2018,15,13,18,0,0,0,0
1001,845,2018,3,18,12,0,0,2,0
1002,1,2018,131,3,1,1,0,1,0
1002,4,2018,1,13,18,0,0,0,0
1002,8,2018,6,1,2,0,1,1,0
1002,20,2018,6,2,4,0,0,2,0
1002,154,2018,210,6,20,0,0,1,0
1002,807,2018,4,14,13,0,0,2,0
1002,815,2018,10,16,7,0,0,1,0
1002,817,2018,9,15,17,0,0,1,0
1002,822,2018,131,4,3,0,0,1,0
1002,825,2018,210,11,16,0,0,1,0
1002,828,2018,15,19,15,0,0,2,0
1002,830,2018,9,5,5,0,0,1,0
1002,832,2018,4,7,8,0,0,1,0
1002,838,2018,1,20,12,0,0,1,0
1002,839,2018,10,8,6,0,0,1,0
1002,840,2018,3,10,9,0,0,1,0
1002,842,2018,5,9,14,0,0,1,0
1002,843,2018,5,18,19,0,0,0,0
1002,844,2018,15,17,11,0,0,1,0
1002,845,2018,3,12,10,0,0,1,0
1003,1,2018,131,1,1,1,1,1,0
1003,4,2018,1,11,7,0,0,1,0
1003,8,2018,6,5,5,0,0,1,0
1003,20,2018,6,3,3,0,0,1,0
1003,154,2018,210,8,15,0,0,1,0
1003,807,2018,4,10,10,0,0,1,0
1003,815,2018,10,7,16,0,0,3,1
1003,817,2018,9,6,6,0,0,1,0
1003,822,2018,131,4,4,0,0,1,0
1003,825,2018,210,16,18,0,0,3,1
1003,828,2018,15,14,11,0,0,1,0
1003,830,2018,9,2,2,0,0,1,0
1003,832,2018,4,12,8,0,0,1,0
1003,838,2018,1,18,12,0,0,1,0
1003,839,2018,10,9,20,0,0,0,0
1003,840,2018,3,20,14,0,0,1,0
1003,842,2018,5,15,13,0,0,1,0
1003,843,2018,5,17,17,0,0,2,0
1003,844,2018,15,13,9,0,0,1,0
1003,845,2018,3,19,19,0,0,2,0
1004,1,2018,131,2,1,1,0,1,0
1004,4,2018,1,17,14,0,0,1,0
1004,8,2018,6,4,4,0,0,1,0
1004,20,2018,6,3,3,0,0,1,0
1004,154,2018,210,9,11,0,0,1,0
1004,807,2018,4,15,12,0,0,1,0
1004,815,2018,10,8,10,0,0,1,0
1004,817,2018,9,12,6,0,0,1,0
1004,822,2018,131,1,2,0,1,1,0
1004,825,2018,210,5,8,0,0,1,0
1004,828,2018,15,10,13,0,0,2,0
1004,830,2018,9,11,5,0,0,1,0
1004,832,2018,4,14,17,0,0,1,0
1004,838,2018,1,19,16,0,0,1,0
1004,839,2018,10,6,9,0,0,1,0
1004,840,2018,3,20,15,0,0,1,0
1004,842,2018,5,13,19,0,0,0,0
1004,843,2018,5,16,20,0,0,1,0
1004,844,2018,15,7,7,0,0,1,0
1004,845,2018,3,18,18,0,0,1,0
1005,1,2018,131,1,1,1,1,1,0
1005,4,2018,1,18,14,0,0,1,0
1005,8,2018,6,4,5,0,0,1,0
1005,20,2018,6,9,6,0,0,1,0
1005,154,2018,210,5,8,0,0,1,0
1005,807,2018,4,16,19,0,0,1,0
1005,815,2018,10,10,7,0,0,1,0
1005,817,2018,9,15,4,0,0,1,0
1005,822,2018,131,2,2,0,0,1,0
1005,825,2018,210,12,20,0,0,1,0
1005,828,2018,15,20,12,0,0,1,0
1005,830,2018,9,3,3,0,0,1,0
1005,832,2018,4,13,10,0,0,1,0
1005,838,2018,1,19,15,0,0,1,0
1005,839,2018,10,8,9,0,0,1,0
1005,840,2018,3,14,17,0,0,2,0
1005,842,2018,5,7,11,0,0,1,0
1005,843,2018,5,6,13,0,0,1,0
1005,844,2018,15,11,18,0,0,2,0
1005,845,2018,3,17,16,0,0,2,0
1006,1,2018,131,1,3,0,1,2,0
1006,4,2018,1,16,18,0,0,0,0
1006,8,2018,6,3,1,1,0,1,0
1006,20,2018,6,2,4,0,0,1,0
1006,154,2018,210,8,17,0,0,1,0
1006,807,2018,4,7,6,0,0,1,0
1006,815,2018,10,10,8,0,0,1,0
1006,817,2018,9,5,16,0,0,0,0
1006,822,2018,131,4,5,0,0,1,0
1006,825,2018,210,12,20,0,0,1,0
1006,828,2018,15,19,10,0,0,1,0
1006,830,2018,9,15,2,0,0,1,0
1006,832,2018,4,11,7,0,0,1,0
1006,838,2018,1,20,11,0,0,2,0
1006,839,2018,10,6,19,0,0,1,0
1006,840,2018,3,18,14,0,0,3,1
1006,842,2018,5,13,12,0,0,2,0
1006,843,2018,5,14,9,0,0,1,0
1006,844,2018,15,9,15,0,0,1,0
1006,845,2018,3,17,13,0,0,2,0
1007,1,2018,131,3,4,0,0,2,0
1007,4,2018,1,12,20,0,0,0,0
1007,8,2018,6,6,3,0,0,1,0
1007,20,2018,6,4,2,0,0,2,0
1007,154,2018,210,16,16,0,0,2,0
1007,807,2018,4,7,6,0,0,1,0
1007,815,2018,10,13,18,0,0,1,0
1007,817,2018,9,1,17,0,1,1,0
1007,822,2018,131,5,5,0,0,3,1
1007,825,2018,210,18,15,0,0,1,0
1007,828,2018,15,10,9,0,0,1,0
1007,830,2018,9,2,1,1,0,2,0
1007,832,2018,4,8,19,0,0,1,0
1007,838,2018,1,17,8,0,0,1,0
1007,839,2018,10,11,11,0,0,2,0
1007,840,2018,3,19,12,0,0,2,0
1007,842,2018,5,15,10,0,0,2,0
1007,843,2018,5,14,14,0,0,2,0
1007,844,2018,15,9,7,0,0,1,0
1007,845,2018,3,20,13,0,0,1,0
1008,1,2018,131,1,1,1,1,1,0
1008,4,2018,1,18,17,0,0,2,0
1008,8,2018,6,4,3,0,0,1,0
1008,20,2018,6,2,6,0,0,2,0
1008,154,2018,210,9,8,0,0,1,0
1008,807,2018,4,14,19,0,0,0,0
1008,815,2018,10,12,10,0,0,1,0
1008,817,2018,9,6,4,0,0,1,0
1008,822,2018,131,3,5,0,0,2,0
1008,825,2018,210,11,9,0,0,1,0
1008,828,2018,15,7,20,0,0,1,0
1008,830,2018,9,5,2,0,0,1,0
1008,832,2018,4,16,12,0,0,2,0
1008,838,2018,1,20,14,0,0,1,0
1008,839,2018,10,13,15,0,0,2,0
1008,840,2018,3,19,18,0,0,2,0
1008,842,2018,5,10,13,0,0,1,0
1008,843,2018,5,17,11,0,0,1,0
1008,844,2018,15,8,7,0,0,1,0
1008,845,2018,3,15,16,0,0,1,0
1009,1,2018,131,1,1,1,1,1,0
1009,4,2018,1,15,11,0,0,1,0
1009,8,2018,6,4,19,0,0,0,0
1009,20,2018,6,3,2,0,0,1,0
1009,154,2018,210,7,9,0,0,1,0
1009,807,2018,4,10,20,0,0,0,0
1009,815,2018,10,14,8,0,0,1,0
1009,817,2018,9,5,4,0,0,1,0
1009,822,2018,131,2,5,0,0,2,0
1009,825,2018,210,13,10,0,0,1,0
1009,828,2018,15,12,18,0,0,0,0
1009,830,2018,9,6,3,0,0,1,0
1009,832,2018,4,11,6,0,0,1,0
1009,838,2018,1,18,14,0,0,1,0
1009,839,2018,10,9,17,0,0,1,0
1009,840,2018,3,20,13,0,0,1,0
1009,842,2018,5,17,16,0,0,1,0
1009,843,2018,5,16,12,0,0,1,0
1009,844,2018,15,8,7,0,0,1,0
1009,845,2018,3,19,15,0,0,1,0
1010,1,2019,131,1,2,0,1,1,0
1010,8,2019,51,9,8,0,0,1,0
1010,9,2019,3,20,17,0,0,3,1
1010,20,2019,6,3,4,0,0,1,0
1010,154,2019,210,6,18,0,0,1,0
1010,807,2019,4,11,7,0,0,1,0
1010,815,2019,211,10,13,0,0,1,0
1010,817,2019,4,12,19,0,0,1,0
1010,822,2019,131,2,1,1,0,1,0
1010,825,2019,210,7,6,0,0,1,0
1010,826,2019,5,15,10,0,0,1,0
1010,830,2019,9,4,3,0,0,1,0
1010,832,2019,1,18,20,0,0,0,0
1010,840,2019,211,16,9,0,0,1,0
1010,841,2019,51,14,15,0,0,1,0
1010,842,2019,9,17,11,0,0,1,0
1010,844,2019,6,5,5,0,0,1,0
1010,846,2019,1,8,12,0,0,1,0
1010,847,2019,3,19,16,0,0,2,0
1010,848,2019,5,13,14,0,0,1,0
1011,1,2019,131,3,1,1,0,2,0
1011,8,2019,51,9,7,0,0,2,0
1011,9,2019,3,20,16,0,0,2,0
1011,20,2019,6,2,5,0,0,3,1
1011,154,2019,210,8,20,0,0,1,0
1011,807,2019,4,17,17,0,0,2,0
1011,815,2019,211,14,10,0,0,2,0
1011,817,2019,4,11,18,0,0,1,0
1011,822,2019,131,4,2,0,0,2,0
1011,825,2019,210,6,13,0,0,2,0
1011,826,2019,5,15,12,0,0,2,0
1011,830,2019,9,5,4,0,0,2,0
1011,832,2019,1,7,19,0,0,3,1
1011,840,2019,211,18,14,0,0,2,0
1011,841,2019,51,16,11,0,0,2,0
1011,842,2019,9,13,8,0,0,2,0
1011,844,2019,6,1,3,0,1,2,0
1011,846,2019,1,10,6,0,0,2,0
1011,847,2019,3,19,15,0,0,2,0
1011,848,2019,5,12,9,0,0,2,0
1012,1,2019,131,2,1,1,0,2,0
1012,8,2019,51,13,9,0,0,1,0
1012,9,2019,3,18,17,0,0,1,0
1012,20,2019,6,3,3,0,0,2,0
1012,154,2019,210,10,11,0,0,2,0
1012,807,2019,4,8,20,0,0,1,0
1012,815,2019,211,12,8,0,0,1,0
1012,817,2019,4,7,7,0,0,1,0
1012,822,2019,131,1,2,0,1,2,0
1012,825,2019,210,9,13,0,0,2,0
1012,826,2019,5,11,19,0,0,3,1
1012,830,2019,9,5,4,0,0,2,0
1012,832,2019,1,14,14,0,0,2,0
1012,840,2019,211,16,12,0,0,2,0
1012,842,2019,9,6,6,0,0,3,1
1012,844,2019,6,4,5,0,0,2,0
1012,846,2019,1,15,18,0,0,3,1
1012,847,2019,3,17,16,0,0,2,0
1013,1,2019,131,2,2,0,0,1,0
1013,8,2019,51,19,10,0,0,1,0
1013,9,2019,3,18,16,0,0,3,1
1013,20,2019,6,3,3,0,0,1,0
1013,154,2019,210,15,18,0,0,1,0
1013,807,2019,4,16,14,0,0,2,0
1013,815,2019,211,5,6,0,0,1,0
1013,817,2019,4,11,20,0,0,1,0
1013,822,2019,131,1,1,1,1,1,0
1013,825,2019,210,13,13,0,0,2,0
1013,826,2019,5,6,19,0,0,1,0
1013,830,2019,9,4,4,0,0,1,0
1013,832,2019,1,10,7,0,0,1,0
1013,840,2019,211,14,9,0,0,1,0
1013,841,2019,51,8,12,0,0,1,0
1013,842,2019,9,20,17,0,0,0,0
1013,844,2019,6,9,5,0,0,2,0
1013,846,2019,1,7,8,0,0,2,0
1013,847,2019,3,17,15,0,0,2,0
1013,848,2019,5,12,11,0,0,1,0
1014,1,2019,131,2,1,1,0,2,0
1014,8,2019,51,14,14,0,0,2,0
1014,9,2019,3,20,18,0,0,2,0
1014,20,2019,6,3,4,0,0,2,0
1014,154,2019,210,7,10,0,0,2,0
1014,807,2019,4,16,13,0,0,1,0
1014,815,2019,211,15,15,0,0,2,0
1014,817,2019,4,10,12,0,0,2,0
1014,822,2019,131,1,2,0,1,2,0
1014,825,2019,210,8,7,0,0,2,0
1014,826,2019,5,9,9,0,0,2,0
1014,830,2019,9,4,3,0,0,2,0
1014,832,2019,1,13,8,0,0,2,0
1014,840,2019,211,17,19,0,0,1,0
1014,841,2019,51,18,16,0,0,2,0
1014,842,2019,9,6,6,0,0,2,0
1014,844,2019,6,5,5,0,0,2,0
1014,846,2019,1,11,20,0,0,1,0
1014,847,2019,3,19,17,0,0,2,0
1014,848,2019,5,12,11,0,0,2,0
1015,1,2019,131,1,1,1,1,1,0
1015,8,2019,51,14,17,0,0,1,0
1015,9,2019,3,20,18,0,0,1,0
1015,20,2019,6,4,2,0,0,1,0
1015,154,2019,210,13,10,0,0,1,0
1015,807,2019,4,11,13,0,0,1,0
1015,815,2019,211,17,12,0,0,1,0
1015,817,2019,4,7,9,0,0,1,0
1015,822,2019,131,2,3,0,0,2,0
1015,825,2019,210,6,14,0,0,1,0
1015,826,2019,5,8,7,0,0,1,0
1015,830,2019,9,3,4,0,0,1,0
1015,832,2019,1,9,6,0,0,1,0
1015,840,2019,211,18,16,0,0,1,0
1015,841,2019,51,15,19,0,0,1,0
1015,842,2019,9,5,5,0,0,2,0
1015,844,2019,6,16,20,0,0,2,0
1015,846,2019,1,12,11,0,0,1,0
1015,847,2019,3,19,15,0,0,1,0
1015,848,2019,5,10,8,0,0,1,0
1016,1,2019,131,2,1,1,0,1,0
1016,8,2019,51,17,15,0,0,2,0
1016,9,2019,3,20,18,0,0,2,0
1016,20,2019,6,1,2,0,1,1,0
1016,154,2019,210,15,14,0,0,1,0
1016,807,2019,4,7,7,0,0,1,0
1016,815,2019,211,16,12,0,0,1,0
1016,817,2019,4,4,6,0,0,1,0
1016,822,2019,131,6,4,0,0,2,0
1016,825,2019,210,10,17,0,0,1,0
1016,826,2019,5,12,10,0,0,1,0
1016,830,2019,9,11,5,0,0,1,0
1016,832,2019,1,9,11,0,0,1,0
1016,840,2019,211,18,9,0,0,1,0
1016,841,2019,51,13,13,0,0,1,0
1016,842,2019,9,5,8,0,0,1,0
1016,844,2019,6,3,3,0,0,1,0
1016,846,2019,1,8,20,0,0,0,0
1016,847,2019,3,19,16,0,0,1,0
1016,848,2019,5,14,19,0,0,1,0
1017,1,2019,131,1,1,1,1,1,0
1017,8,2019,51,12,7,0,0,1,0
1017,9,2019,3,20,18,0,0,1,0
1017,20,2019,6,7,5,0,0,2,0
1017,154,2019,210,17,20,0,0,1,0
1017,807,2019,4,13,8,0,0,1,0
1017,815,2019,211,14,12,0,0,1,0
1017,817,2019,4,8,11,0,0,1,0
1017,822,2019,131,2,2,0,0,1,0
1017,825,2019,210,15,17,0,0,1,0
1017,826,2019,5,16,14,0,0,1,0
1017,830,2019,9,4,4,0,0,1,0
1017,832,2019,1,6,6,0,0,1,0
1017,840,2019,211,18,13,0,0,1,0
1017,841,2019,51,10,16,0,0,2,0
1017,842,2019,9,9,10,0,0,1,0
1017,844,2019,6,3,3,0,0,1,0
1017,846,2019,1,5,9,0,0,1,0
1017,847,2019,3,19,19,0,0,2,0
1017,848,2019,5,11,15,0,0,1,0
1018,1,2019,131,2,5,0,0,1,0
1018,8,2019,51,7,9,0,0,1,0
1018,9,2019,3,20,20,0,0,1,0
1018,20,2019,6,10,4,0,0,2,0
1018,154,2019,210,11,16,0,0,1,0
1018,807,2019,4,12,13,0,0,1,0
1018,815,2019,211,16,11,0,0,1,0
1018,817,2019,4,14,12,0,0,1,0
1018,822,2019,131,4,3,0,0,1,0
1018,825,2019,210,5,19,0,0,3,1
1018,826,2019,5,18,17,0,0,1,0
1018,830,2019,9,3,1,1,0,1,0
1018,832,2019,1,15,8,0,0,1,0
1018,840,2019,211,17,14,0,0,1,0
1018,841,2019,51,8,10,0,0,1,0
1018,842,2019,9,9,7,0,0,1,0
1018,844,2019,6,1,2,0,1,1,0
1018,846,2019,1,6,6,0,0,1,0
1018,847,2019,3,19,18,0,0,1,0
1018,848,2019,5,13,15,0,0,1,0
1019,1,2019,131,2,1,1,0,1,0
1019,8,2019,51,12,8,0,0,1,0
1019,9,2019,3,20,15,0,0,1,0
1019,20,2019,6,6,16,0,0,2,0
1019,154,2019,210,14,19,0,0,1,0
1019,807,2019,4,10,10,0,0,1,0
1019,815,2019,211,15,17,0,0,3,1
1019,817,2019,4,7,7,0,0,2,0
1019,822,2019,131,1,2,0,1,2,0
1019,825,2019,210,16,20,0,0,1,0
1019,826,2019,5,17,9,0,0,2,0
1019,830,2019,9,4,5,0,0,2,0
1019,832,2019,1,13,6,0,0,1,0
1019,840,2019,211,18,13,0,0,2,0
1019,841,2019,51,11,18,0,0,0,0
1019,842,2019,9,5,4,0,0,1,0
1019,844,2019,6,3,3,0,0,2,0
1019,846,2019,1,8,11,0,0,2,0
1019,847,2019,3,19,14,0,0,1,0
1019,848,2019,5,9,12,0,0,1,0
1020,1,2019,131,1,9,0,1,6,1
1020,8,2019,51,5,12,0,0,4,1
1020,9,2019,3,19,10,0,0,5,1
1020,20,2019,6,20,2,0,0,5,1
1020,154,2019,210,6,7,0,0,5,1
1020,807,2019,4,9,16,0,0,3,1
1020,815,2019,211,8,20,0,0,0,0
1020,817,2019,4,13,19,0,0,1,0
1020,822,2019,131,3,15,0,0,4,1
1020,825,2019,210,12,8,0,0,6,1
1020,826,2019,5,14,3,0,0,4,1
1020,830,2019,9,2,1,1,0,5,1
1020,832,2019,1,7,5,0,0,3,1
1020,840,2019,211,15,4,0,0,5,1
1020,841,2019,51,11,13,0,0,4,1
1020,842,2019,9,4,14,0,0,4,1
1020,844,2019,6,10,17,0,0,3,1
1020,846,2019,1,16,18,0,0,2,0
1020,847,2019,3,18,11,0,0,5,1
1020,848,2019,5,17,6,0,0,4,1
1021,1,2019,131,3,1,1,0,2,0
1021,8,2019,51,10,7,0,0,1,0
1021,9,2019,3,20,19,0,0,1,0
1021,20,2019,6,5,3,0,0,1,0
1021,154,2019,210,9,20,0,0,1,0
1021,807,2019,4,11,12,0,0,1,0
1021,815,2019,211,17,11,0,0,1,0
1021,817,2019,4,18,14,0,0,1,0
1021,822,2019,131,2,8,0,0,2,0
1021,825,2019,210,15,13,0,0,1,0
1021,826,2019,5,13,15,0,0,1,0
1021,830,2019,9,1,2,0,1,2,0
1021,832,2019,1,8,5,0,0,1,0
1021,840,2019,211,19,17,0,0,2,0
1021,841,2019,51,14,18,0,0,1,0
1021,842,2019,9,6,6,0,0,1,0
1021,844,2019,6,4,4,0,0,1,0
1021,846,2019,1,7,9,0,0,1,0
1021,847,2019,3,16,16,0,0,1,0
1021,848,2019,5,12,10,0,0,1,0
1022,1,2019,131,3,2,0,0,1,0
1022,8,2019,51,8,16,0,0,3,1
1022,9,2019,3,20,17,0,0,1,0
1022,20,2019,6,2,4,0,0,2,0
1022,154,2019,210,11,13,0,0,1,0
1022,807,2019,4,7,8,0,0,2,0
1022,815,2019,211,9,6,0,0,1,0
1022,817,2019,4,6,14,0,0,1,0
1022,822,2019,131,4,3,0,0,1,0
1022,825,2019,210,10,12,0,0,1,0
1022,826,2019,5,18,7,0,0,1,0
1022,830,2019,9,5,20,0,0,0,0
1022,832,2019,1,17,19,0,0,1,0
1022,840,2019,211,13,10,0,0,2,0
1022,841,2019,51,15,18,0,0,1,0
1022,842,2019,5,16,9,0,0,1,0
1022,844,2019,6,1,1,1,1,1,0
1022,846,2019,1,12,11,0,0,1,0
1022,847,2019,3,19,15,0,0,1,0
1022,848,2019,9,14,5,0,0,1,0
1023,1,2019,131,2,3,0,0,2,0
1023,8,2019,51,10,15,0,0,2,0
1023,9,2019,3,19,17,0,0,2,0
1023,20,2019,6,4,13,0,0,3,1
1023,154,2019,210,16,16,0,0,2,0
1023,807,2019,4,6,5,0,0,1,0
1023,815,2019,211,17,7,0,0,1,0
1023,817,2019,4,5,4,0,0,1,0
1023,822,2019,131,3,2,0,0,1,0
1023,825,2019,210,12,18,0,0,2,0
1023,826,2019,5,13,19,0,0,1,0
1023,830,2019,9,20,8,0,0,2,0
1023,832,2019,1,7,20,0,0,1,0
1023,840,2019,211,9,12,0,0,2,0
1023,841,2019,51,11,9,0,0,1,0
1023,842,2019,5,15,11,0,0,1,0
1023,844,2019,6,1,1,1,1,1,0
1023,846,2019,1,14,10,0,0,1,0
1023,847,2019,3,18,14,0,0,1,0
1023,848,2019,9,8,6,0,0,1,0
1024,1,2019,131,2,4,0,0,1,0
1024,8,2019,51,13,18,0,0,1,0
1024,9,2019,3,19,16,0,0,2,0
1024,20,2019,6,3,1,1,0,1,0
1024,154,2019,210,17,11,0,0,2,0
1024,807,2019,4,8,9,0,0,2,0
1024,815,2019,211,10,19,0,0,1,0
1024,817,2019,4,20,14,0,0,1,0
1024,822,2019,131,5,5,0,0,1,0
1024,825,2019,210,14,17,0,0,2,0
1024,826,2019,5,15,15,0,0,2,0
1024,830,2019,9,4,3,0,0,1,0
1024,832,2019,1,7,12,0,0,1,0
1024,840,2019,211,16,13,0,0,3,1
1024,841,2019,51,11,10,0,0,2,0
1024,842,2019,5,12,8,0,0,1,0
1024,844,2019,6,1,2,0,1,1,0
1024,846,2019,1,9,7,0,0,1,0
1024,847,2019,3,18,20,0,0,1,0
1024,848,2019,9,6,6,0,0,1,0
1025,1,2019,131,2,1,1,0,1,0
1025,8,2019,51,16,13,0,0,2,0
1025,9,2019,3,18,16,0,0,2,0
1025,20,2019,6,3,18,0,0,1,0
1025,154,2019,210,9,20,0,0,0,0
1025,807,2019,4,7,10,0,0,2,0
1025,815,2019,211,12,7,0,0,1,0
1025,817,2019,4,10,19,0,0,1,0
1025,822,2019,131,5,2,0,0,1,0
1025,825,2019,210,14,9,0,0,1,0
1025,826,2019,5,20,12,0,0,2,0
1025,830,2019,9,4,4,0,0,1,0
1025,832,2019,1,6,6,0,0,1,0
1025,840,2019,211,15,11,0,0,1,0
1025,841,2019,51,13,15,0,0,2,0
1025,842,2019,5,11,14,0,0,1,0
1025,844,2019,6,1,3,0,1,2,0
1025,846,2019,1,8,8,0,0,1,0
1025,847,2019,3,17,17,0,0,1,0
1025,848,2019,9,19,5,0,0,1,0
1026,1,2019,131,4,3,0,0,2,0
1026,8,2019,51,13,12,0,0,2,0
1026,9,2019,3,20,17,0,0,2,0
1026,20,2019,6,1,2,0,1,2,0
1026,154,2019,210,10,13,0,0,1,0
1026,807,2019,4,15,20,0,0,1,0
1026,815,2019,211,17,8,0,0,2,0
1026,817,2019,4,16,19,0,0,1,0
1026,822,2019,131,3,1,1,0,2,0
1026,825,2019,210,19,15,0,0,2,0
1026,826,2019,5,14,10,0,0,1,0
1026,830,2019,9,5,18,0,0,0,0
1026,832,2019,1,7,5,0,0,1,0
1026,840,2019,211,12,9,0,0,1,0
1026,841,2019,51,11,14,0,0,2,0
1026,842,2019,5,9,7,0,0,1,0
1026,844,2019,6,2,6,0,0,3,1
1026,846,2019,1,8,11,0,0,2,0
1026,847,2019,3,18,16,0,0,1,0
1026,848,2019,9,6,4,0,0,2,0
1027,1,2019,131,4,1,1,0,1,0
1027,8,2019,51,14,19,0,0,2,0
1027,9,2019,3,20,18,0,0,2,0
1027,20,2019,6,3,2,0,0,1,0
1027,154,2019,210,18,17,0,0,1,0
1027,807,2019,4,12,10,0,0,1,0
1027,815,2019,211,11,7,0,0,1,0
1027,817,2019,4,13,8,0,0,1,0
1027,822,2019,131,6,3,0,0,1,0
1027,825,2019,210,17,15,0,0,1,0
1027,826,2019,5,9,11,0,0,2,0
1027,830,2019,9,1,6,0,1,1,0
1027,832,2019,1,7,13,0,0,2,0
1027,840,2019,211,16,12,0,0,1,0
1027,841,2019,51,15,14,0,0,1,0
1027,842,2019,5,10,9,0,0,2,0
1027,844,2019,6,2,4,0,0,2,0
1027,846,2019,1,8,20,0,0,0,0
1027,847,2019,3,19,16,0,0,1,0
1027,848,2019,9,5,5,0,0,2,0
1028,1,2019,131,5,2,0,0,1,0
1028,8,2019,51,17,11,0,0,2,0
1028,9,2019,3,20,19,0,0,1,0
1028,20,2019,6,2,20,0,0,0,0
1028,154,2019,210,15,15,0,0,1,0
1028,807,2019,4,11,9,0,0,2,0
1028,815,2019,211,19,10,0,0,1,0
1028,817,2019,4,9,6,0,0,1,0
1028,822,2019,131,1,1,1,1,2,0
1028,825,2019,210,12,18,0,0,2,0
1028,826,2019,5,13,12,0,0,2,0
1028,830,2019,9,3,3,0,0,2,0
1028,832,2019,1,7,8,0,0,1,0
1028,840,2019,211,14,13,0,0,2,0
1028,841,2019,51,16,14,0,0,2,0
1028,842,2019,5,10,16,0,0,2,0
1028,844,2019,6,4,4,0,0,2,0
1028,846,2019,1,8,7,0,0,2,0
1028,847,2019,3,18,17,0,0,2,0
1028,848,2019,9,6,5,0,0,3,1
1029,1,2019,131,3,7,0,0,3,1
1029,8,2019,51,9,4,0,0,2,0
1029,9,2019,3,19,16,0,0,4,1
1029,20,2019,6,2,17,0,0,2,0
1029,154,2019,210,8,13,0,0,2,0
1029,807,2019,4,14,15,0,0,3,1
1029,815,2019,211,15,9,0,0,2,0
1029,817,2019,4,12,6,0,0,2,0
1029,822,2019,131,5,20,0,0,2,0
1029,825,2019,210,10,11,0,0,2,0
1029,826,2019,5,16,10,0,0,2,0
1029,830,2019,9,1,1,1,1,3,1
1029,832,2019,1,20,3,0,0,1,0
1029,840,2019,211,17,19,0,0,2,0
1029,841,2019,51,13,5,0,0,2,0
1029,842,2019,5,7,2,0,0,2,0
1029,844,2019,6,4,18,0,0,2,0
1029,846,2019,1,11,8,0,0,2,0
1029,847,2019,3,18,12,0,0,3,1
1029,848,2019,9,6,14,0,0,2,0
1030,1,2019,131,1,1,1,1,1,0
1030,8,2019,51,18,13,0,0,1,0
1030,9,2019,3,20,19,0,0,1,0
1030,20,2019,6,5,5,0,0,2,0
1030,154,2019,210,16,15,0,0,1,0
1030,807,2019,4,10,12,0,0,1,0
1030,815,2019,211,11,7,0,0,1,0
1030,817,2019,4,8,11,0,0,2,0
1030,822,2019,131,2,4,0,0,1,0
1030,825,2019,210,15,14,0,0,1,0
1030,826,2019,5,14,9,0,0,1,0
1030,830,2019,9,3,2,0,0,1,0
1030,832,2019,1,9,10,0,0,2,0
1030,840,2019,211,13,20,0,0,2,0
1030,841,2019,51,17,16,0,0,2,0
1030,842,2019,5,12,18,0,0,0,0
1030,844,2019,6,4,3,0,0,2,0
1030,846,2019,1,7,8,0,0,1,0
1030,847,2019,3,19,17,0,0,1,0
1030,848,2019,9,6,6,0,0,1,0
1031,1,2020,131,2,4,0,0,2,0
1031,8,2020,51,19,14,0,0,2,0
1031,20,2020,6,11,10,0,0,3,1
1031,154,2020,210,15,16,0,0,1,0
1031,815,2020,211,6,6,0,0,2,0
1031,817,2020,4,10,19,0,0,0,0
1031,822,2020,131,1,1,1,1,2,0
1031,825,2020,210,16,17,0,0,0,0
1031,826,2020,213,13,12,0,0,3,1
1031,830,2020,9,3,20,0,0,0,0
1031,832,2020,1,8,5,0,0,3,1
1031,839,2020,4,14,8,0,0,2,0
1031,840,2020,211,9,18,0,0,0,0
1031,841,2020,51,18,9,0,0,3,1
1031,842,2020,213,12,7,0,0,2,0
1031,844,2020,6,7,2,0,0,3,1
1031,846,2020,1,4,3,0,0,3,1
1031,847,2020,3,17,15,0,0,1,0
1031,848,2020,9,5,13,0,0,3,1
1031,849,2020,3,20,11,0,0,3,1
1032,1,2020,131,1,1,1,1,1,0
1032,8,2020,51,16,11,0,0,1,0
1032,20,2020,6,10,20,0,0,0,0
1032,154,2020,210,20,13,0,0,1,0
1032,815,2020,211,17,6,0,0,1,0
1032,817,2020,4,9,8,0,0,1,0
1032,822,2020,131,4,2,0,0,1,0
1032,825,2020,210,15,12,0,0,1,0
1032,826,2020,213,14,10,0,0,1,0
1032,830,2020,9,2,3,0,0,2,0
1032,832,2020,1,3,9,0,0,2,0
1032,839,2020,4,5,18,0,0,0,0
1032,840,2020,211,13,7,0,0,1,0
1032,841,2020,51,19,14,0,0,1,0
1032,842,2020,213,8,15,0,0,2,0
1032,844,2020,6,11,19,0,0,1,0
1032,846,2020,1,6,5,0,0,1,0
1032,847,2020,3,12,16,0,0,1,0
1032,848,2020,9,7,4,0,0,1,0
1032,849,2020,3,18,17,0,0,1,0
1033,1,2020,131,1,1,1,1,3,1
1033,8,2020,51,20,15,0,0,2,0
1033,20,2020,6,5,6,0,0,2,0
1033,154,2020,210,18,16,0,0,1,0
1033,815,2020,211,4,7,0,0,2,0
1033,817,2020,4,11,8,0,0,2,0
1033,822,2020,131,2,3,0,0,3,1
1033,825,2020,210,16,10,0,0,1,0
1033,826,2020,213,17,12,0,0,2,0
1033,830,2020,9,7,2,0,0,2,0
1033,832,2020,1,9,9,0,0,2,0
1033,839,2020,4,14,14,0,0,2,0
1033,840,2020,211,3,4,0,0,3,1
1033,841,2020,51,19,17,0,0,3,1
1033,842,2020,213,10,20,0,0,1,0
1033,844,2020,6,6,11,0,0,2,0
1033,846,2020,1,8,13,0,0,2,0
1033,847,2020,3,12,18,0,0,3,1
1033,848,2020,9,13,5,0,0,2,0
1033,849,2020,3,15,19,0,0,5,1
1034,1,2020,131,1,1,1,1,1,0
1034,8,2020,51,18,17,0,0,2,0
1034,20,2020,6,10,10,0,0,1,0
1034,154,2020,210,19,16,0,0,1,0
1034,807,2020,211,13,20,0,0,0,0
1034,817,2020,4,8,4,0,0,1,0
1034,822,2020,131,2,11,0,0,2,0
1034,825,2020,210,16,19,0,0,0,0
1034,826,2020,213,14,18,0,0,0,0
1034,830,2020,9,3,2,0,0,2,0
1034,832,2020,1,7,13,0,0,2,0
1034,839,2020,4,9,6,0,0,1,0
1034,840,2020,211,6,9,0,0,1,0
1034,841,2020,51,17,14,0,0,1,0
1034,842,2020,213,11,7,0,0,1,0
1034,844,2020,6,4,3,0,0,1,0
1034,846,2020,1,5,5,0,0,1,0
1034,847,2020,3,15,12,0,0,1,0
1034,848,2020,9,12,8,0,0,2,0
1034,849,2020,3,20,15,0,0,1,0
1035,1,2020,131,2,2,0,0,2,0
1035,8,2020,51,20,15,0,0,1,0
1035,20,2020,6,12,12,0,0,2,0
1035,154,2020,210,14,16,0,0,2,0
1035,807,2020,211,3,7,0,0,3,1
1035,817,2020,4,5,14,0,0,3,1
1035,822,2020,131,1,3,0,1,2,0
1035,825,2020,210,17,20,0,0,2,0
1035,826,2020,213,16,10,0,0,2,0
1035,830,2020,9,4,1,1,0,2,0
1035,832,2020,1,13,13,0,0,2,0
1035,839,2020,4,11,8,0,0,1,0
1035,840,2020,211,6,6,0,0,2,0
1035,841,2020,51,19,17,0,0,2,0
1035,842,2020,213,7,11,0,0,2,0
1035,844,2020,6,8,4,0,0,1,0
1035,846,2020,1,10,9,0,0,2,0
1035,847,2020,3,15,18,0,0,3,1
1035,848,2020,9,9,5,0,0,2,0
1035,849,2020,3,18,19,0,0,3,1
1036,1,2020,131,1,1,1,1,2,0
1036,8,2020,51,14,14,0,0,2,0
1036,20,2020,6,11,7,0,0,1,0
1036,154,2020,210,17,19,0,0,2,0
1036,815,2020,211,4,5,0,0,1,0
1036,817,2020,4,13,11,0,0,1,0
1036,822,2020,131,2,3,0,0,3,1
1036,825,2020,210,16,15,0,0,1,0
1036,826,2020,213,12,12,0,0,2,0
1036,830,2020,9,3,2,0,0,2,0
1036,832,2020,1,7,6,0,0,2,0
1036,839,2020,4,15,13,0,0,1,0
1036,840,2020,211,5,4,0,0,2,0
1036,841,2020,51,20,16,0,0,2,0
1036,842,2020,213,10,9,0,0,2,0
1036,844,2020,6,9,20,0,0,1,0
1036,846,2020,1,8,10,0,0,2,0
1036,847,2020,3,18,17,0,0,2,0
1036,848,2020,9,6,8,0,0,2,0
1036,849,2020,3,19,18,0,0,2,0
1037,1,2020,131,1,1,1,1,1,0
1037,8,2020,51,16,12,0,0,1,0
1037,20,2020,6,14,13,0,0,1,0
1037,154,2020,210,17,15,0,0,1,0
1037,815,2020,211,8,10,0,0,1,0
1037,817,2020,4,4,4,0,0,1,0
1037,822,2020,131,2,2,0,0,1,0
1037,825,2020,210,20,17,0,0,2,0
1037,826,2020,213,11,11,0,0,1,0
1037,830,2020,9,3,3,0,0,1,0
1037,832,2020,1,7,20,0,0,0,0
1037,839,2020,4,6,5,0,0,1,0
1037,840,2020,211,9,9,0,0,1,0
1037,841,2020,51,18,18,0,0,0,0
1037,842,2020,213,12,8,0,0,1,0
1037,844,2020,6,13,14,0,0,2,0
1037,846,2020,1,10,7,0,0,1,0
1037,847,2020,3,15,19,0,0,0,0
1037,848,2020,9,5,6,0,0,1,0
1037,849,2020,3,19,16,0,0,2,0
1038,1,2020,131,1,7,0,1,3,1
1038,8,2020,51,14,13,0,0,2,0
1038,20,2020,6,17,20,0,0,0,0
1038,154,2020,210,16,12,0,0,2,0
1038,815,2020,211,4,10,0,0,2,0
1038,817,2020,4,7,6,0,0,2,0
1038,822,2020,131,2,5,0,0,2,0
1038,825,2020,210,15,19,0,0,1,0
1038,826,2020,213,11,9,0,0,2,0
1038,830,2020,9,5,17,0,0,2,0
1038,832,2020,1,3,2,0,0,2,0
1038,839,2020,4,12,8,0,0,2,0
1038,840,2020,211,8,3,0,0,1,0
1038,841,2020,51,18,16,0,0,3,1
1038,842,2020,213,10,1,1,0,2,0
1038,844,2020,6,13,18,0,0,1,0
1038,846,2020,1,6,4,0,0,2,0
1038,847,2020,3,19,14,0,0,2,0
1038,848,2020,9,9,15,0,0,2,0
1038,849,2020,3,20,11,0,0,2,0
1039,1,2020,131,1,1,1,1,5,1
1039,8,2020,51,13,9,0,0,6,1
1039,20,2020,6,14,10,0,0,6,1
1039,154,2020,210,15,12,0,0,5,1
1039,815,2020,211,6,5,0,0,5,1
1039,817,2020,4,8,4,0,0,5,1
1039,822,2020,131,2,2,0,0,5,1
1039,825,2020,210,20,16,0,0,0,0
1039,826,2020,213,12,7,0,0,5,1
1039,830,2020,9,3,19,0,0,0,0
1039,832,2020,1,9,18,0,0,0,0
1039,839,2020,4,10,14,0,0,1,0
1039,840,2020,211,7,13,0,0,3,1
1039,841,2020,51,17,17,0,0,0,0
1039,842,2020,213,16,20,0,0,0,0
1039,844,2020,6,5,8,0,0,5,1
1039,846,2020,1,11,6,0,0,5,1
1039,847,2020,3,18,11,0,0,5,1
1039,848,2020,9,4,3,0,0,5,1
1039,849,2020,3,19,15,0,0,0,0
1040,1,2020,131,1,3,0,1,1,0
1040,8,2020,51,20,14,0,0,1,0
1040,20,2020,6,15,13,0,0,1,0
1040,154,2020,210,16,17,0,0,2,0
1040,815,2020,211,4,4,0,0,1,0
1040,817,2020,4,5,5,0,0,1,0
1040,822,2020,131,3,1,1,0,1,0
1040,825,2020,210,18,12,0,0,1,0
1040,826,2020,213,12,8,0,0,1,0
1040,830,2020,9,2,2,0,0,1,0
1040,832,2020,1,6,19,0,0,0,0
1040,839,2020,4,7,7,0,0,1,0
1040,840,2020,211,13,20,0,0,0,0
1040,841,2020,51,17,11,0,0,1,0
1040,842,2020,213,9,9,0,0,2,0
1040,844,2020,6,11,6,0,0,1,0
1040,846,2020,1,8,15,0,0,2,0
1040,847,2020,3,14,18,0,0,3,1
1040,848,2020,9,10,10,0,0,2,0
1040,849,2020,3,19,16,0,0,1,0
1041,1,2020,131,2,1,1,0,2,0
1041,8,2020,51,19,12,0,0,2,0
1041,20,2020,6,11,11,0,0,2,0
1041,154,2020,210,16,9,0,0,1,0
1041,807,2020,211,20,8,0,0,2,0
1041,815,2020,211,9,4,0,0,2,0
1041,817,2020,4,6,3,0,0,2,0
1041,822,2020,131,1,19,0,1,1,0
1041,825,2020,210,15,13,0,0,2,0
1041,826,2020,213,13,15,0,0,2,0
1041,830,2020,9,3,2,0,0,2,0
1041,832,2020,1,10,5,0,0,2,0
1041,839,2020,4,7,18,0,0,0,0
1041,841,2020,51,14,10,0,0,2,0
1041,842,2020,213,12,6,0,0,2,0
1041,844,2020,6,4,7,0,0,2,0
1041,846,2020,1,8,16,0,0,1,0
1041,847,2020,3,17,20,0,0,1,0
1041,848,2020,9,5,17,0,0,1,0
1041,849,2020,3,18,14,0,0,2,0
1042,1,2020,131,1,1,1,1,1,0
1042,8,2020,51,16,11,0,0,1,0
1042,20,2020,6,15,10,0,0,1,0
1042,154,2020,210,18,17,0,0,1,0
1042,815,2020,211,5,7,0,0,2,0
1042,817,2020,4,10,9,0,0,1,0
1042,822,2020,131,2,2,0,0,1,0
1042,825,2020,210,19,16,0,0,1,0
1042,826,2020,213,13,19,0,0,2,0
1042,830,2020,9,3,3,0,0,1,0
1042,832,2020,1,7,6,0,0,1,0
1042,839,2020,4,11,8,0,0,1,0
1042,840,2020,211,12,20,0,0,2,0
1042,841,2020,51,17,15,0,0,1,0
1042,842,2020,213,9,5,0,0,1,0
1042,844,2020,6,4,4,0,0,1,0
1042,846,2020,1,8,13,0,0,2,0
1042,847,2020,3,14,14,0,0,1,0
1042,848,2020,9,6,12,0,0,2,0
1042,849,2020,3,20,18,0,0,1,0
1043,1,2020,131,2,1,1,0,2,0
1043,8,2020,51,18,9,0,0,1,0
1043,20,2020,6,14,12,0,0,2,0
1043,154,2020,210,16,14,0,0,2,0
1043,815,2020,211,11,6,0,0,2,0
1043,817,2020,4,5,3,0,0,1,0
1043,822,2020,131,1,2,0,1,2,0
1043,825,2020,210,17,18,0,0,1,0
1043,826,2020,213,8,4,0,0,2,0
1043,830,2020,9,3,17,0,0,1,0
1043,832,2020,1,10,7,0,0,2,0
1043,839,2020,4,12,19,0,0,1,0
1043,840,2020,211,15,13,0,0,3,1
1043,841,2020,51,20,10,0,0,1,0
1043,842,2020,213,4,20,0,0,0,0
1043,844,2020,6,7,5,0,0,1,0
1043,846,2020,1,9,8,0,0,2,0
1043,847,2020,3,13,16,0,0,1,0
1043,848,2020,9,6,15,0,0,2,0
1043,849,2020,3,19,11,0,0,1,0
1044,1,2020,131,6,1,1,0,1,0
1044,8,2020,51,8,15,0,0,3,1
1044,20,2020,6,12,3,0,0,2,0
1044,154,2020,210,19,18,0,0,2,0
1044,815,2020,211,3,2,0,0,1,0
1044,817,2020,4,5,10,0,0,2,0
1044,822,2020,131,9,14,0,0,2,0
1044,825,2020,210,16,17,0,0,2,0
1044,826,2020,213,17,12,0,0,1,0
1044,830,2020,9,2,6,0,0,3,1
1044,832,2020,1,13,5,0,0,2,0
1044,839,2020,4,7,11,0,0,2,0
1044,840,2020,211,1,9,0,1,2,0
1044,841,2020,51,10,20,0,0,1,0
1044,842,2020,213,15,13,0,0,2,0
1044,844,2020,6,14,4,0,0,2,0
1044,846,2020,1,11,8,0,0,2,0
1044,847,2020,3,18,16,0,0,2,0
1044,848,2020,9,4,7,0,0,2,0
1044,849,2020,3,20,19,0,0,2,0
1045,1,2020,131,1,1,1,1,3,1
1045,8,2020,51,17,15,0,0,3,1
1045,20,2020,6,11,13,0,0,3,1
1045,154,2020,210,19,20,0,0,0,0
1045,815,2020,211,5,18,0,0,3,1
1045,817,2020,4,6,7,0,0,3,1
1045,822,2020,131,2,8,0,0,4,1
1045,825,2020,210,18,17,0,0,4,1
1045,826,2020,213,10,11,0,0,3,1
1045,830,2020,9,3,2,0,0,4,1
1045,832,2020,1,15,5,0,0,3,1
1045,839,2020,4,7,9,0,0,3,1
1045,840,2020,211,13,19,0,0,1,0
1045,841,2020,51,16,16,0,0,3,1
1045,842,2020,213,8,6,0,0,2,0
1045,844,2020,6,12,10,0,0,3,1
1045,846,2020,1,9,4,0,0,3,1
1045,847,2020,3,14,12,0,0,3,1
1045,848,2020,9,4,3,0,0,3,1
1045,849,2020,3,20,14,0,0,3,1
1046,8,2020,51,19,14,0,0,3,1
1046,20,2020,6,13,12,0,0,3,1
1046,815,2020,211,5,1,1,0,2,0
1046,817,2020,4,7,5,0,0,2,0
1046,822,2020,131,1,8,0,1,2,0
1046,825,2020,210,16,15,0,0,2,0
1046,826,2020,213,6,7,0,0,2,0
1046,830,2020,9,3,19,0,0,0,0
1046,832,2020,1,8,4,0,0,2,0
1046,839,2020,4,11,2,0,0,1,0
1046,840,2020,211,10,3,0,0,1,0
1046,841,2020,51,14,13,0,0,2,0
1046,842,2020,213,9,11,0,0,2,0
1046,844,2020,6,4,20,0,0,0,0
1046,846,2020,1,15,10,0,0,2,0
1046,847,2020,131,2,9,0,0,4,1
1046,848,2020,9,12,6,0,0,2,0
1046,849,2020,3,17,18,0,0,1,0
1046,850,2020,210,20,17,0,0,3,1
1046,851,2020,3,18,16,0,0,3,1
1047,1,2020,131,3,3,0,0,1,0
1047,8,2020,51,16,12,0,0,1,0
1047,20,2020,6,13,14,0,0,1,0
1047,815,2020,211,15,20,0,0,0,0
1047,817,2020,4,12,7,0,0,1,0
1047,822,2020,131,2,2,0,0,1,0
1047,825,2020,210,17,18,0,0,2,0
1047,826,2020,213,7,11,0,0,1,0
1047,830,2020,9,1,1,1,1,1,0
1047,832,2020,1,6,6,0,0,1,0
1047,839,2020,4,11,9,0,0,1,0
1047,840,2020,211,8,10,0,0,1,0
1047,841,2020,51,14,16,0,0,1,0
1047,842,2020,213,10,8,0,0,1,0
1047,844,2020,6,9,13,0,0,1,0
1047,846,2020,1,4,5,0,0,1,0
1047,847,2020,3,18,15,0,0,1,0
1047,848,2020,9,5,4,0,0,1,0
1047,849,2020,3,20,17,0,0,2,0
1047,850,2020,210,19,19,0,0,3,1
1051,1,2021,131,1,1,1,1,2,0
1051,4,2021,214,5,3,0,0,1,0
1051,8,2021,51,16,14,0,0,2,0
1051,20,2021,117,10,10,0,0,1,0
1051,815,2021,9,11,4,0,0,2,0
1051,817,2021,1,14,12,0,0,1,0
1051,822,2021,131,3,20,0,0,1,0
1051,830,2021,9,2,2,0,0,3,1
1051,832,2021,6,7,7,0,0,1,0
1051,839,2021,214,9,5,0,0,1,0
1051,840,2021,117,12,6,0,0,1,0
1051,841,2021,51,18,15,0,0,2,0
1051,842,2021,213,4,11,0,0,2,0
1051,844,2021,6,13,8,0,0,1,0
1051,846,2021,1,6,9,0,0,2,0
1051,847,2021,3,15,17,0,0,2,0
1051,849,2021,3,17,19,0,0,1,0
1051,852,2021,213,8,13,0,0,2,0
1051,853,2021,210,20,18,0,0,1,0
1051,854,2021,210,19,16,0,0,1,0
1052,1,2021,131,2,1,1,0,2,0
1052,4,2021,214,9,19,0,0,2,0
1052,8,2021,51,14,11,0,0,2,0
1052,20,2021,117,18,15,0,0,1,0
1052,815,2021,9,11,5,0,0,3,1
1052,817,2021,1,6,7,0,0,2,0
1052,822,2021,131,3,3,0,0,3,1
1052,830,2021,9,1,2,0,1,2,0
1052,832,2021,6,8,8,0,0,2,0
1052,839,2021,214,16,13,0,0,2,0
1052,840,2021,117,10,10,0,0,2,0
1052,841,2021,51,12,12,0,0,2,0
1052,842,2021,213,5,17,0,0,3,1
1052,844,2021,6,4,6,0,0,2,0
1052,846,2021,1,7,4,0,0,2,0
1052,847,2021,3,15,14,0,0,2,0
1052,849,2021,3,17,18,0,0,2,0
1052,852,2021,213,13,9,0,0,2,0
1052,853,2021,210,20,20,0,0,0,0
1052,854,2021,210,19,16,0,0,2,0
1053,1,2021,131,1,2,0,1,4,1
1053,4,2021,214,15,10,0,0,3,1
1053,8,2021,51,16,13,0,0,3,1
1053,20,2021,117,13,15,0,0,5,1
1053,815,2021,9,2,11,0,0,2,0
1053,817,2021,1,6,6,0,0,2,0
1053,822,2021,131,8,18,0,0,1,0
1053,830,2021,9,3,1,1,0,2,0
1053,832,2021,6,11,5,0,0,2,0
1053,839,2021,214,9,9,0,0,5,1
1053,840,2021,117,10,8,0,0,3,1
1053,841,2021,51,17,14,0,0,4,1
1053,842,2021,213,5,7,0,0,4,1
1053,844,2021,6,4,4,0,0,2,0
1053,846,2021,1,7,3,0,0,2,0
1053,847,2021,3,12,19,0,0,1,0
1053,849,2021,3,14,20,0,0,0,0
1053,852,2021,213,20,12,0,0,3,1
1053,853,2021,210,19,17,0,0,4,1
1053,854,2021,210,18,16,0,0,4,1
1054,1,2021,131,2,1,1,0,3,1
1054,4,2021,214,13,8,0,0,3,1
1054,8,2021,51,15,20,0,0,0,0
1054,20,2021,117,10,13,0,0,3,1
1054,815,2021,9,4,4,0,0,3,1
1054,817,2021,1,16,9,0,0,3,1
1054,822,2021,131,1,3,0,1,4,1
1054,830,2021,9,3,2,0,0,4,1
1054,832,2021,6,5,11,0,0,3,1
1054,839,2021,214,6,7,0,0,3,1
1054,840,2021,117,17,14,0,0,3,1
1054,841,2021,51,12,12,0,0,3,1
1054,842,2021,213,9,10,0,0,3,1
1054,844,2021,6,8,6,0,0,3,1
1054,846,2021,1,7,5,0,0,3,1
1054,847,2021,3,11,16,0,0,3,1
1054,849,2021,3,18,18,0,0,3,1
1054,852,2021,213,14,15,0,0,3,1
1054,853,2021,210,20,19,0,0,4,1
1054,854,2021,210,19,17,0,0,3,1
1055,1,2021,131,1,1,1,1,2,0
1055,4,2021,214,10,17,0,0,2,0
1055,8,2021,51,17,12,0,0,1,0
1055,20,2021,117,13,13,0,0,2,0
1055,815,2021,9,8,5,0,0,2,0
1055,817,2021,1,7,6,0,0,2,0
1055,822,2021,131,3,3,0,0,2,0
1055,830,2021,9,2,2,0,0,2,0
1055,832,2021,6,6,7,0,0,2,0
1055,839,2021,214,5,9,0,0,1,0
1055,840,2021,117,11,11,0,0,2,0
1055,841,2021,51,14,15,0,0,2,0
1055,842,2021,213,12,10,0,0,2,0
1055,844,2021,6,4,4,0,0,2,0
1055,846,2021,1,9,8,0,0,2,0
1055,847,2021,3,15,14,0,0,2,0
1055,849,2021,3,19,16,0,0,3,1
1055,852,2021,213,16,20,0,0,0,0
1055,853,2021,210,20,19,0,0,2,0
1055,854,2021,210,18,18,0,0,2,0
1056,1,2021,131,7,7,0,0,2,0
1056,4,2021,214,17,13,0,0,1,0
1056,8,2021,51,14,11,0,0,1,0
1056,20,2021,117,8,5,0,0,1,0
1056,815,2021,9,9,4,0,0,1,0
1056,817,2021,1,12,12,0,0,1,0
1056,822,2021,131,3,19,0,0,0,0
1056,830,2021,9,2,1,1,0,1,0
1056,832,2021,6,4,2,0,0,1,0
1056,839,2021,214,11,9,0,0,1,0
1056,840,2021,117,13,8,0,0,1,0
1056,841,2021,51,10,10,0,0,1,0
1056,842,2021,213,6,6,0,0,1,0
1056,844,2021,6,1,20,0,1,0,0
1056,846,2021,1,5,3,0,0,1,0
1056,847,2021,3,15,14,0,0,1,0
1056,849,2021,3,18,15,0,0,1,0
1056,852,2021,213,16,16,0,0,1,0
1056,853,2021,210,19,17,0,0,1,0
1057,1,2021,131,2,15,0,0,3,1
1057,4,2021,214,9,6,0,0,4,1
1057,8,2021,51,14,10,0,0,3,1
1057,20,2021,117,11,2,0,0,3,1
1057,815,2021,9,7,1,1,0,3,1
1057,817,2021,1,13,9,0,0,3,1
1057,822,2021,131,10,12,0,0,3,1
1057,830,2021,9,3,18,0,0,1,0
1057,832,2021,6,5,8,0,0,3,1
1057,839,2021,214,12,20,0,0,0,0
1057,840,2021,117,19,19,0,0,0,0
1057,841,2021,51,20,11,0,0,4,1
1057,842,2021,213,4,3,0,0,3,1
1057,844,2021,6,1,4,0,1,3,1
1057,846,2021,1,6,5,0,0,3,1
1057,847,2021,3,15,17,0,0,4,1
1057,849,2021,3,16,16,0,0,2,0
1057,852,2021,213,8,7,0,0,3,1
1057,853,2021,210,18,14,0,0,6,1
1057,854,2021,210,17,13,0,0,5,1
1058,1,2021,131,3,2,0,0,2,0
1058,4,2021,214,9,9,0,0,1,0
1058,8,2021,51,18,11,0,0,1,0
1058,20,2021,117,14,12,0,0,1,0
1058,815,2021,9,5,4,0,0,2,0
1058,817,2021,1,13,13,0,0,1,0
1058,822,2021,131,2,3,0,0,1,0
1058,830,2021,9,1,1,1,1,1,0
1058,832,2021,6,12,6,0,0,1,0
1058,839,2021,214,17,14,0,0,1,0
1058,840,2021,117,10,8,0,0,1,0
1058,841,2021,51,15,15,0,0,1,0
1058,842,2021,213,6,20,0,0,0,0
1058,844,2021,6,7,7,0,0,2,0
1058,846,2021,1,4,5,0,0,1,0
1058,847,2021,3,11,19,0,0,2,0
1058,849,2021,3,16,17,0,0,2,0
1058,852,2021,213,8,10,0,0,1,0
1058,853,2021,210,20,18,0,0,1,0
1058,854,2021,210,19,16,0,0,1,0
1059,1,2021,131,2,2,0,0,1,0
1059,4,2021,214,9,8,0,0,1,0
1059,8,2021,51,17,17,0,0,1,0
1059,20,2021,117,12,9,0,0,1,0
1059,815,2021,9,4,3,0,0,1,0
1059,817,2021,1,10,6,0,0,1,0
1059,822,2021,131,3,4,0,0,1,0
1059,830,2021,9,1,1,1,1,2,0
1059,832,2021,6,5,11,0,0,1,0
1059,839,2021,214,11,14,0,0,1,0
1059,840,2021,117,19,10,0,0,1,0
1059,841,2021,51,13,15,0,0,1,0
1059,842,2021,213,6,7,0,0,1,0
1059,844,2021,6,7,16,0,0,2,0
1059,846,2021,1,8,5,0,0,1,0
1059,847,2021,3,14,12,0,0,1,0
1059,849,2021,3,16,18,0,0,1,0
1059,852,2021,213,20,13,0,0,1,0
1059,853,2021,210,18,20,0,0,1,0
1059,854,2021,210,15,19,0,0,1,0
1060,1,2021,131,4,4,0,0,2,0
1060,4,2021,214,14,10,0,0,1,0
1060,8,2021,51,16,15,0,0,1,0
1060,20,2021,117,8,17,0,0,2,0
1060,815,2021,9,3,6,0,0,1,0
1060,817,2021,1,13,7,0,0,1,0
1060,822,2021,131,5,2,0,0,1,0
1060,830,2021,9,1,1,1,1,2,0
1060,832,2021,6,11,5,0,0,1,0
1060,839,2021,214,17,20,0,0,0,0
1060,840,2021,117,10,13,0,0,2,0
1060,841,2021,51,15,14,0,0,2,0
1060,842,2021,213,6,9,0,0,2,0
1060,844,2021,6,12,8,0,0,1,0
1060,846,2021,1,2,3,0,0,1,0
1060,847,2021,3,9,11,0,0,1,0
1060,849,2021,3,18,16,0,0,1,0
1060,852,2021,213,7,12,0,0,2,0
1060,853,2021,210,20,19,0,0,2,0
1060,854,2021,210,19,18,0,0,1,0
1061,1,2021,131,1,1,1,1,2,0
1061,4,2021,214,11,7,0,0,2,0
1061,8,2021,51,17,15,0,0,2,0
1061,20,2021,117,10,19,0,0,2,0
1061,815,2021,9,5,16,0,0,4,1
1061,817,2021,1,7,5,0,0,2,0
1061,822,2021,131,3,3,0,0,2,0
1061,830,2021,9,2,20,0,0,0,0
1061,832,2021,6,9,6,0,0,2,0
1061,839,2021,214,13,9,0,0,2,0
1061,840,2021,117,15,8,0,0,2,0
1061,841,2021,51,14,13,0,0,2,0
1061,842,2021,213,12,11,0,0,3,1
1061,844,2021,6,4,2,0,0,2,0
1061,846,2021,1,6,4,0,0,2,0
1061,847,2021,3,8,12,0,0,2,0
1061,849,2021,3,18,14,0,0,2,0
1061,852,2021,213,16,10,0,0,2,0
1061,853,2021,210,20,17,0,0,2,0
1061,854,2021,210,19,18,0,0,2,0
1062,1,2021,131,1,2,0,1,4,1
1062,4,2021,214,9,4,0,0,3,1
1062,8,2021,51,13,10,0,0,4,1
1062,20,2021,117,10,20,0,0,3,1
1062,815,2021,9,4,17,0,0,0,0
1062,817,2021,1,11,11,0,0,3,1
1062,822,2021,131,2,16,0,0,0,0
1062,830,2021,9,3,9,0,0,5,1
1062,832,2021,6,15,3,0,0,3,1
1062,839,2021,214,8,1,1,0,3,1
1062,840,2021,117,12,19,0,0,0,0
1062,841,2021,51,14,13,0,0,5,1
1062,842,2021,213,5,5,0,0,4,1
1062,844,2021,6,7,18,0,0,0,0
1062,846,2021,1,6,15,0,0,1,0
1062,847,2021,3,17,8,0,0,3,1
1062,849,2021,3,18,7,0,0,3,1
1062,852,2021,213,16,6,0,0,3,1
1062,853,2021,210,19,14,0,0,2,0
1062,854,2021,210,20,12,0,0,3,1
1063,1,2021,131,3,3,0,0,0,0
1063,4,2021,214,14,11,0,0,0,0
1063,8,2021,51,19,18,0,0,0,0
1063,20,2021,117,5,5,0,0,0,0
1063,815,2021,9,7,19,0,0,0,0
1063,817,2021,1,4,4,0,0,0,0
1063,822,2021,131,8,12,0,0,0,0
1063,830,2021,9,1,1,1,1,0,0
1063,832,2021,6,13,10,0,0,0,0
1063,839,2021,214,9,7,0,0,0,0
1063,840,2021,117,15,20,0,0,0,0
1063,841,2021,51,16,13,0,0,0,0
1063,842,2021,213,6,6,0,0,0,0
1063,844,2021,6,11,8,0,0,0,0
1063,846,2021,1,10,14,0,0,0,0
1063,847,2021,3,2,2,0,0,0,0
1063,849,2021,3,12,9,0,0,0,0
1063,852,2021,213,17,15,0,0,0,0
1063,853,2021,210,20,17,0,0,0,0
1063,854,2021,210,18,16,0,0,0,0
1064,1,2021,131,2,2,0,0,3,1
1064,4,2021,214,9,6,0,0,1,0
1064,9,2021,51,18,15,0,0,1,0
1064,20,2021,117,17,13,0,0,2,0
1064,815,2021,9,16,8,0,0,2,0
1064,817,2021,1,10,11,0,0,1,0
1064,822,2021,131,3,3,0,0,2,0
1064,830,2021,9,1,1,1,1,2,0
1064,832,2021,6,6,7,0,0,1,0
1064,839,2021,214,8,9,0,0,1,0
1064,840,2021,117,12,12,0,0,1,0
1064,841,2021,51,7,14,0,0,2,0
1064,842,2021,213,4,4,0,0,1,0
1064,844,2021,6,5,5,0,0,1,0
1064,846,2021,1,13,10,0,0,1,0
1064,847,2021,3,11,17,0,0,2,0
1064,849,2021,3,14,16,0,0,1,0
1064,852,2021,213,15,19,0,0,1,0
1064,853,2021,210,20,20,0,0,1,0
1064,854,2021,210,19,18,0,0,2,0
1065,1,2021,131,2,17,0,0,1,0
1065,4,2021,214,13,8,0,0,1,0
1065,9,2021,51,19,14,0,0,1,0
1065,20,2021,117,11,12,0,0,2,0
1065,815,2021,9,9,5,0,0,1,0
1065,817,2021,1,5,1,1,0,1,0
1065,822,2021,131,1,3,0,1,1,0
1065,830,2021,9,3,18,0,0,1,0
1065,832,2021,6,7,6,0,0,1,0
1065,839,2021,214,14,10,0,0,1,0
1065,840,2021,117,12,7,0,0,1,0
1065,841,2021,51,10,13,0,0,2,0
1065,842,2021,213,6,19,0,0,0,0
1065,844,2021,6,8,4,0,0,1,0
1065,846,2021,1,4,2,0,0,1,0
1065,847,2021,3,15,9,0,0,1,0
1065,849,2021,3,16,11,0,0,1,0
1065,852,2021,213,17,20,0,0,0,0
1065,853,2021,210,20,16,0,0,3,1
1065,854,2021,210,18,15,0,0,1,0
1066,1,2021,131,4,1,1,0,2,0
1066,4,2021,214,6,6,0,0,2,0
1066,8,2021,51,16,8,0,0,2,0
1066,20,2021,117,11,12,0,0,2,0
1066,815,2021,9,9,9,0,0,2,0
1066,817,2021,1,5,4,0,0,2,0
1066,822,2021,131,7,5,0,0,2,0
1066,830,2021,9,20,2,0,0,2,0
1066,832,2021,6,2,3,0,0,2,0
1066,839,2021,214,10,14,0,0,2,0
1066,840,2021,117,8,11,0,0,2,0
1066,841,2021,51,18,16,0,0,2,0
1066,842,2021,213,12,13,0,0,2,0
1066,844,2021,6,15,15,0,0,2,0
1066,846,2021,1,1,7,0,1,2,0
1066,847,2021,3,3,10,0,0,2,0
1066,849,2021,3,14,19,0,0,1,0
1066,852,2021,213,13,17,0,0,3,1
1066,853,2021,210,19,18,0,0,2,0
1066,854,2021,210,17,20,0,0,1,0
1067,1,2021,131,1,5,0,1,1,0
1067,4,2021,214,6,16,0,0,1,0
1067,8,2021,51,19,12,0,0,1,0
1067,20,2021,117,11,18,0,0,2,0
1067,815,2021,9,7,3,0,0,1,0
1067,817,2021,1,16,13,0,0,1,0
1067,822,2021,131,2,1,1,0,1,0
1067,830,2021,9,3,2,0,0,1,0
1067,832,2021,6,15,8,0,0,1,0
1067,839,2021,214,12,10,0,0,0,0
1067,840,2021,117,9,9,0,0,1,0
1067,841,2021,51,18,11,0,0,1,0
1067,842,2021,213,5,6,0,0,1,0
1067,844,2021,6,4,4,0,0,1,0
1067,846,2021,1,8,7,0,0,1,0
1067,847,2021,3,13,15,0,0,1,0
1067,849,2021,3,17,17,0,0,1,0
1067,852,2021,213,10,14,0,0,1,0
1067,853,2021,210,20,20,0,0,1,0
1067,854,2021,210,14,19,0,0,1,0
1069,1,2021,131,2,2,0,0,2,0
1069,4,2021,214,14,18,0,0,3,1
1069,8,2021,51,18,13,0,0,2,0
1069,20,2021,117,12,10,0,0,2,0
1069,815,2021,9,3,3,0,0,2,0
1069,817,2021,1,7,5,0,0,2,0
1069,822,2021,131,4,6,0,0,2,0
1069,830,2021,9,1,1,1,1,2,0
1069,832,2021,6,6,7,0,0,2,0
1069,839,2021,214,11,19,0,0,2,0
1069,840,2021,117,16,12,0,0,2,0
1069,841,2021,51,13,11,0,0,2,0
1069,842,2021,213,9,20,0,0,1,0
1069,844,2021,6,5,4,0,0,2,0
1069,846,2021,1,8,8,0,0,2,0
1069,847,2021,3,15,14,0,0,2,0
1069,849,2021,3,17,15,0,0,2,0
1069,852,2021,213,10,9,0,0,2,0
1069,853,2021,210,20,17,0,0,3,1
1069,854,2021,210,19,16,0,0,2,0
1070,1,2021,131,2,2,0,0,1,0
1070,4,2021,214,16,9,0,0,1,0
1070,8,2021,51,12,8,0,0,1,0
1070,20,2021,117,11,7,0,0,1,0
1070,815,2021,9,4,3,0,0,1,0
1070,817,2021,1,7,12,0,0,2,0
1070,822,2021,131,1,15,0,1,4,1
1070,830,2021,9,3,1,1,0,1,0
1070,832,2021,6,6,6,0,0,1,0
1070,839,2021,214,15,13,0,0,1,0
1070,840,2021,117,20,14,0,0,2,0
1070,841,2021,51,14,11,0,0,1,0
1070,842,2021,213,5,4,0,0,1,0
1070,844,2021,6,8,5,0,0,1,0
1070,846,2021,1,10,10,0,0,1,0
1070,847,2021,3,13,16,0,0,1,0
1070,849,2021,3,17,17,0,0,2,0
1070,852,2021,213,9,20,0,0,0,0
1070,853,2021,210,19,18,0,0,2,0
1070,854,2021,210,18,19,0,0,0,0
1071,1,2021,131,1,1,1,1,4,1
1071,4,2021,214,10,9,0,0,3,1
1071,8,2021,51,14,12,0,0,4,1
1071,20,2021,117,12,11,0,0,4,1
1071,815,2021,9,4,4,0,0,5,1
1071,817,2021,1,9,19,0,0,3,1
1071,822,2021,131,3,3,0,0,4,1
1071,830,2021,9,2,2,0,0,4,1
1071,832,2021,6,6,6,0,0,4,1
1071,839,2021,214,11,8,0,0,3,1
1071,840,2021,117,16,20,0,0,3,1
1071,841,2021,51,15,14,0,0,4,1
1071,842,2021,213,5,7,0,0,4,1
1071,844,2021,6,7,5,0,0,4,1
1071,846,2021,1,8,10,0,0,5,1
1071,847,2021,3,18,13,0,0,4,1
1071,849,2021,3,17,16,0,0,4,1
1071,852,2021,213,13,15,0,0,5,1
1071,853,2021,210,20,17,0,0,3,1
1071,854,2021,210,19,18,0,0,5,1
1072,1,2021,131,1,1,1,1,3,1
1072,4,2021,214,13,13,0,0,4,1
1072,8,2021,51,12,15,0,0,3,1
1072,20,2021,117,17,16,0,0,2,0
1072,815,2021,9,5,17,0,0,2,0
1072,817,2021,1,11,5,0,0,2,0
1072,822,2021,131,2,3,0,0,3,1
1072,830,2021,9,3,2,0,0,2,0
1072,832,2021,6,15,8,0,0,2,0
1072,839,2021,214,9,4,0,0,2,0
1072,840,2021,117,18,11,0,0,3,1
1072,841,2021,51,10,9,0,0,2,0
1072,842,2021,213,6,6,0,0,2,0
1072,844,2021,6,4,7,0,0,3,1
1072,846,2021,1,7,10,0,0,3,1
1072,847,2021,3,14,19,0,0,2,0
1072,849,2021,3,16,12,0,0,3,1
1072,852,2021,213,8,14,0,0,3,1
1072,853,2021,210,20,18,0,0,1,0
1072,854,2021,210,19,20,0,0,0,0
1073,1,2021,131,2,2,0,0,1,0
1073,4,2021,214,11,8,0,0,1,0
1073,8,2021,51,18,19,0,0,1,0
1073,20,2021,117,15,11,0,0,1,0
1073,815,2021,9,4,15,0,0,3,1
1073,817,2021,1,10,12,0,0,2,0
1073,822,2021,131,6,6,0,0,1,0
1073,830,2021,9,1,1,1,1,3,1
1073,832,2021,6,5,3,0,0,1,0
1073,839,2021,214,9,9,0,0,1,0
1073,840,2021,117,13,13,0,0,2,0
1073,841,2021,51,14,17,0,0,1,0
1073,842,2021,213,12,5,0,0,2,0
1073,844,2021,6,7,10,0,0,2,0
1073,846,2021,1,3,7,0,0,2,0
1073,847,2021,3,17,18,0,0,0,0
1073,849,2021,3,16,16,0,0,1,0
1073,852,2021,213,8,4,0,0,2,0
1073,853,2021,210,20,20,0,0,0,0
1073,854,2021,210,19,14,0,0,2,0
1074,1,2022,131,5,3,0,0,3,1
1074,4,2022,214,8,9,0,0,3,1
1074,807,2022,117,17,17,0,0,3,1
1074,815,2022,9,4,18,0,0,3,1
1074,817,2022,1,18,14,0,0,3,1
1074,822,2022,51,6,6,0,0,3,1
1074,825,2022,210,7,5,0,0,3,1
1074,830,2022,9,2,19,0,0,3,1
1074,832,2022,6,3,2,0,0,3,1
1074,839,2022,214,11,7,0,0,3,1
1074,840,2022,117,19,12,0,0,3,1
1074,842,2022,213,10,20,0,0,2,0
1074,844,2022,6,1,1,1,1,3,1
1074,846,2022,1,13,15,0,0,3,1
1074,847,2022,131,9,4,0,0,3,1
1074,848,2022,3,14,13,0,0,3,1
1074,849,2022,3,20,16,0,0,3,1
1074,852,2022,213,16,8,0,0,3,1
1074,854,2022,210,12,11,0,0,2,0
1074,855,2022,51,15,10,0,0,3,1
1075,1,2022,131,16,10,0,0,1,0
1075,4,2022,214,7,16,0,0,1,0
1075,807,2022,117,18,12,0,0,1,0
1075,815,2022,9,1,4,0,1,1,0
1075,817,2022,1,12,17,0,0,1,0
1075,822,2022,51,8,15,0,0,2,0
1075,825,2022,210,10,9,0,0,1,0
1075,830,2022,9,4,1,1,0,1,0
1075,832,2022,6,3,3,0,0,1,0
1075,839,2022,214,5,6,0,0,1,0
1075,840,2022,117,15,13,0,0,1,0
1075,842,2022,213,9,8,0,0,1,0
1075,844,2022,6,2,2,0,0,1,0
1075,846,2022,1,11,7,0,0,1,0
1075,847,2022,131,6,5,0,0,1,0
1075,848,2022,3,17,14,0,0,1,0
1075,849,2022,3,19,18,0,0,0,0
1075,852,2022,213,20,19,0,0,0,0
1075,854,2022,210,14,20,0,0,0,0
1075,855,2022,51,13,11,0,0,2,0
1076,1,2022,131,5,4,0,0,1,0
1076,4,2022,214,10,17,0,0,2,0
1076,20,2022,117,18,19,0,0,0,0
1076,815,2022,9,3,2,0,0,1,0
1076,817,2022,1,7,6,0,0,1,0
1076,822,2022,51,12,8,0,0,1,0
1076,825,2022,210,17,14,0,0,1,0
1076,830,2022,9,2,18,0,0,1,0
1076,832,2022,6,9,20,0,0,0,0
1076,839,2022,214,8,7,0,0,1,0
1076,840,2022,117,20,12,0,0,3,1
1076,842,2022,213,11,9,0,0,1,0
1076,844,2022,6,1,1,1,1,1,0
1076,846,2022,1,4,5,0,0,1,0
1076,847,2022,131,6,3,0,0,1,0
1076,848,2022,3,16,10,0,0,1,0
1076,849,2022,3,19,16,0,0,2,0
1076,852,2022,213,13,15,0,0,1,0
1076,854,2022,210,15,13,0,0,1,0
1076,855,2022,51,14,11,0,0,1,0
1077,1,2022,131,13,13,0,0,1,0
1077,4,2022,214,5,19,0,0,0,0
1077,20,2022,117,9,8,0,0,1,0
1077,815,2022,9,7,2,0,0,2,0
1077,817,2022,1,6,18,0,0,3,1
1077,822,2022,51,8,5,0,0,1,0
1077,825,2022,210,4,9,0,0,1,0
1077,830,2022,9,1,1,1,1,2,0
1077,832,2022,6,10,20,0,0,0,0
1077,839,2022,214,19,14,0,0,1,0
1077,840,2022,117,15,10,0,0,1,0
1077,842,2022,213,17,12,0,0,1,0
1077,844,2022,6,2,6,0,0,3,1
1077,846,2022,1,3,3,0,0,1,0
1077,847,2022,131,11,4,0,0,1,0
1077,848,2022,3,20,11,0,0,1,0
1077,849,2022,3,18,16,0,0,1,0
1077,852,2022,213,16,7,0,0,1,0
1077,854,2022,210,12,17,0,0,2,0
1077,855,2022,51,14,15,0,0,1,0
1078,1,2022,131,6,6,0,0,1,0
1078,4,2022,214,11,11,0,0,1,0
1078,20,2022,117,13,17,0,0,1,0
1078,815,2022,9,4,4,0,0,2,0
1078,817,2022,1,14,13,0,0,2,0
1078,822,2022,51,5,7,0,0,1,0
1078,825,2022,210,16,16,0,0,2,0
1078,830,2022,9,3,1,1,0,1,0
1078,832,2022,6,2,3,0,0,1,0
1078,839,2022,214,20,8,0,0,1,0
1078,840,2022,117,10,10,0,0,1,0
1078,842,2022,213,7,18,0,0,2,0
1078,844,2022,6,1,2,0,1,1,0
1078,846,2022,1,8,19,0,0,1,0
1078,847,2022,131,12,5,0,0,1,0
1078,848,2022,3,18,9,0,0,1,0
1078,849,2022,3,19,14,0,0,1,0
1078,852,2022,213,9,12,0,0,2,0
1078,854,2022,210,15,15,0,0,2,0
1078,855,2022,51,17,20,0,0,0,0
1079,1,2022,131,6,5,0,0,3,1
1079,4,2022,214,17,9,0,0,3,1
1079,20,2022,117,16,11,0,0,2,0
1079,815,2022,9,5,2,0,0,3,1
1079,817,2022,1,9,12,0,0,3,1
1079,822,2022,51,7,6,0,0,2,0
1079,825,2022,210,8,17,0,0,2,0
1079,830,2022,9,2,1,1,0,3,1
1079,832,2022,6,3,4,0,0,3,1
1079,839,2022,214,12,7,0,0,3,1
1079,840,2022,117,18,15,0,0,3,1
1079,842,2022,213,14,13,0,0,3,1
1079,844,2022,6,1,20,0,1,1,0
1079,846,2022,1,11,8,0,0,3,1
1079,847,2022,131,4,3,0,0,3,1
1079,848,2022,3,19,18,0,0,4,1
1079,849,2022,3,20,16,0,0,3,1
1079,852,2022,213,13,10,0,0,3,1
1079,854,2022,210,10,14,0,0,2,0
1079,855,2022,51,15,19,0,0,1,0
1080,1,2022,131,8,8,0,0,3,1
1080,4,2022,214,7,7,0,0,2,0
1080,20,2022,117,9,10,0,0,3,1
1080,815,2022,9,3,1,1,0,3,1
1080,817,2022,1,14,13,0,0,2,0
1080,822,2022,51,12,9,0,0,2,0
1080,825,2022,210,13,20,0,0,0,0
1080,830,2022,9,4,3,0,0,3,1
1080,832,2022,6,2,2,0,0,2,0
1080,839,2022,214,10,12,0,0,2,0
1080,840,2022,117,18,14,0,0,4,1
1080,842,2022,213,17,11,0,0,3,1
1080,844,2022,6,1,4,0,1,3,1
1080,846,2022,1,5,6,0,0,4,1
1080,847,2022,131,6,5,0,0,2,0
1080,848,2022,3,16,18,0,0,3,1
1080,849,2022,3,19,15,0,0,4,1
1080,852,2022,213,11,17,0,0,4,1
1080,854,2022,210,15,19,0,0,2,0
1080,855,2022,51,20,16,0,0,2,0
1081,1,2022,131,7,4,0,0,2,0
1081,4,2022,214,10,7,0,0,1,0
1081,20,2022,117,9,6,0,0,1,0
1081,815,2022,9,2,2,0,0,2,0
1081,817,2022,1,12,8,0,0,1,0
1081,822,2022,51,15,11,0,0,1,0
1081,825,2022,210,16,17,0,0,1,0
1081,830,2022,9,3,1,1,0,2,0
1081,832,2022,6,4,20,0,0,0,0
1081,839,2022,214,13,10,0,0,1,0
1081,840,2022,117,19,16,0,0,1,0
1081,842,2022,213,6,5,0,0,1,0
1081,844,2022,6,1,19,0,1,1,0
1081,846,2022,1,11,9,0,0,1,0
1081,847,2022,131,5,3,0,0,2,0
1081,848,2022,3,17,12,0,0,2,0
1081,849,2022,3,18,15,0,0,2,0
1081,852,2022,213,8,13,0,0,2,0
1081,854,2022,210,20,14,0,0,2,0
1081,855,2022,51,14,18,0,0,1,0
1082,1,2022,131,4,3,0,0,2,0
1082,4,2022,214,2,9,0,0,2,0
1082,20,2022,117,17,12,0,0,2,0
1082,815,2022,9,13,20,0,0,0,0
1082,817,2022,1,9,11,0,0,2,0
1082,822,2022,51,11,7,0,0,1,0
1082,825,2022,210,5,17,0,0,1,0
1082,830,2022,9,1,1,1,1,2,0
1082,832,2022,6,3,2,0,0,2,0
1082,839,2022,214,7,6,0,0,2,0
1082,840,2022,117,18,10,0,0,1,0
1082,842,2022,213,16,14,0,0,2,0
1082,844,2022,6,15,5,0,0,1,0
1082,846,2022,1,14,15,0,0,2,0
1082,847,2022,131,8,4,0,0,2,0
1082,848,2022,3,12,13,0,0,2,0
1082,849,2022,3,19,16,0,0,2,0
1082,852,2022,213,20,18,0,0,2,0
1082,854,2022,210,6,19,0,0,0,0
1082,855,2022,51,10,8,0,0,2,0
1083,1,2022,131,5,3,0,0,3,1
1083,4,2022,214,7,5,0,0,3,1
1083,20,2022,117,18,9,0,0,3,1
1083,815,2022,9,4,2,0,0,3,1
1083,817,2022,1,14,13,0,0,4,1
1083,822,2022,51,12,17,0,0,1,0
1083,825,2022,210,17,10,0,0,2,0
1083,830,2022,9,2,7,0,0,4,1
1083,832,2022,6,1,1,1,1,3,1
1083,839,2022,214,15,15,0,0,2,0
1083,840,2022,117,20,11,0,0,3,1
1083,842,2022,213,11,16,0,0,2,0
1083,844,2022,6,3,4,0,0,2,0
1083,846,2022,1,6,6,0,0,3,1
1083,847,2022,131,8,18,0,0,0,0
1083,848,2022,3,16,20,0,0,0,0
1083,849,2022,3,10,12,0,0,3,1
1083,852,2022,213,13,14,0,0,3,1
1083,854,2022,210,19,8,0,0,3,1
1083,855,2022,51,9,19,0,0,0,0
1084,1,2022,131,9,3,0,0,2,0
1084,4,2022,214,8,10,0,0,3,1
1084,20,2022,117,20,17,0,0,2,0
1084,815,2022,9,13,20,0,0,1,0
1084,817,2022,1,16,9,0,0,2,0
1084,822,2022,51,12,11,0,0,2,0
1084,825,2022,210,6,8,0,0,2,0
1084,830,2022,9,1,2,0,1,3,1
1084,832,2022,6,3,18,0,0,2,0
1084,839,2022,214,5,5,0,0,2,0
1084,840,2022,117,17,13,0,0,2,0
1084,842,2022,213,10,15,0,0,2,0
1084,844,2022,6,2,1,1,0,3,1
1084,846,2022,1,15,7,0,0,2,0
1084,847,2022,131,4,4,0,0,2,0
1084,848,2022,3,11,12,0,0,2,0
1084,849,2022,3,19,19,0,0,2,0
1084,852,2022,213,14,16,0,0,2,0
1084,854,2022,210,7,6,0,0,2,0
1084,855,2022,51,18,14,0,0,2,0
1085,1,2022,131,4,2,0,0,1,0
1085,4,2022,214,7,6,0,0,1,0
1085,20,2022,117,14,11,0,0,1,0
1085,815,2022,9,3,4,0,0,1,0
1085,817,2022,1,11,9,0,0,1,0
1085,822,2022,51,13,14,0,0,2,0
1085,825,2022,210,10,18,0,0,2,0
1085,830,2022,9,2,1,1,0,1,0
1085,832,2022,6,9,5,0,0,2,0
1085,839,2022,214,12,8,0,0,1,0
1085,840,2022,117,17,10,0,0,1,0
1085,842,2022,213,16,12,0,0,1,0
1085,844,2022,6,1,19,0,1,0,0
1085,846,2022,1,5,7,0,0,1,0
1085,847,2022,131,6,3,0,0,1,0
1085,848,2022,3,15,13,0,0,1,0
1085,849,2022,3,20,17,0,0,2,0
1085,852,2022,213,8,20,0,0,1,0
1085,854,2022,210,19,15,0,0,2,0
1085,855,2022,51,18,16,0,0,2,0
1086,1,2022,131,7,2,0,0,2,0
1086,4,2022,214,6,8,0,0,1,0
1086,20,2022,117,18,10,0,0,2,0
1086,815,2022,9,11,5,0,0,2,0
1086,817,2022,1,9,15,0,0,2,0
1086,822,2022,51,8,20,0,0,1,0
1086,825,2022,210,13,16,0,0,3,1
1086,830,2022,9,10,1,1,0,2,0
1086,832,2022,6,2,4,0,0,2,0
1086,839,2022,214,5,9,0,0,1,0
1086,840,2022,117,14,11,0,0,2,0
1086,842,2022,213,19,12,0,0,2,0
1086,844,2022,6,3,6,0,0,3,1
1086,846,2022,1,4,7,0,0,2,0
1086,847,2022,131,1,3,0,1,2,0
1086,848,2022,3,17,17,0,0,3,1
1086,849,2022,3,20,18,0,0,3,1
1086,852,2022,213,16,19,0,0,3,1
1086,854,2022,210,15,14,0,0,2,0
1086,855,2022,51,12,13,0,0,2,0
1087,1,2022,131,7,20,0,0,0,0
1087,4,2022,214,6,5,0,0,2,0
1087,20,2022,117,16,8,0,0,2,0
1087,815,2022,9,3,2,0,0,2,0
1087,817,2022,1,11,15,0,0,2,0
1087,822,2022,51,20,19,0,0,0,0
1087,825,2022,210,18,16,0,0,2,0
1087,830,2022,9,1,1,1,1,2,0
1087,832,2022,6,2,3,0,0,2,0
1087,839,2022,214,5,7,0,0,2,0
1087,840,2022,117,14,11,0,0,2,0
1087,842,2022,213,12,9,0,0,2,0
1087,844,2022,6,4,6,0,0,3,1
1087,846,2022,1,10,12,0,0,2,0
1087,847,2022,131,8,4,0,0,2,0
1087,848,2022,3,9,10,0,0,2,0
1087,849,2022,3,17,18,0,0,3,1
1087,852,2022,213,19,13,0,0,2,0
1087,854,2022,210,15,17,0,0,2,0
1087,855,2022,51,13,14,0,0,2,0
1088,1,2022,131,4,4,0,0,3,1
1088,4,2022,214,13,6,0,0,3,1
1088,20,2022,117,19,14,0,0,4,1
1088,815,2022,9,5,5,0,0,4,1
1088,817,2022,1,17,17,0,0,5,1
1088,822,2022,51,16,19,0,0,2,0
1088,825,2022,210,18,15,0,0,4,1
1088,830,2022,9,1,1,1,1,4,1
1088,832,2022,6,3,8,0,0,3,1
1088,839,2022,214,12,9,0,0,3,1
1088,840,2022,117,10,10,0,0,4,1
1088,842,2022,213,11,11,0,0,4,1
1088,844,2022,6,2,3,0,0,4,1
1088,846,2022,1,7,7,0,0,3,1
1088,847,2022,131,6,2,0,0,3,1
1088,848,2022,3,15,12,0,0,4,1
1088,849,2022,3,20,18,0,0,4,1
1088,852,2022,213,9,20,0,0,3,1
1088,854,2022,210,8,13,0,0,4,1
1088,855,2022,51,14,16,0,0,4,1
1089,1,2022,131,5,5,0,0,1,0
1089,4,2022,214,10,19,0,0,0,0
1089,20,2022,117,17,20,0,0,0,0
1089,815,2022,9,4,6,0,0,2,0
1089,817,2022,1,8,17,0,0,1,0
1089,822,2022,51,12,13,0,0,1,0
1089,825,2022,210,19,16,0,0,2,0
1089,830,2022,9,2,1,1,0,2,0
1089,832,2022,6,3,4,0,0,2,0
1089,839,2022,214,11,11,0,0,1,0
1089,840,2022,117,18,18,0,0,1,0
1089,842,2022,213,9,8,0,0,1,0
1089,844,2022,6,1,2,0,1,3,1
1089,846,2022,1,7,7,0,0,2,0
1089,847,2022,131,6,3,0,0,2,0
1089,849,2022,3,16,15,0,0,2,0
1089,852,2022,213,15,14,0,0,2,0
1089,854,2022,210,20,12,0,0,1,0
1089,855,2022,51,14,10,0,0,1,0
1089,856,2022,3,13,9,0,0,1,0
1091,1,2022,131,3,9,0,0,1,0
1091,4,2022,214,5,18,0,0,0,0
1091,20,2022,117,14,8,0,0,1,0
1091,815,2022,9,2,1,1,0,1,0
1091,817,2022,1,17,5,0,0,1,0
1091,822,2022,51,16,11,0,0,1,0
1091,825,2022,210,9,12,0,0,2,0
1091,830,2022,9,8,7,0,0,2,0
1091,832,2022,6,4,3,0,0,1,0
1091,839,2022,214,18,16,0,0,0,0
1091,840,2022,117,12,6,0,0,1,0
1091,842,2022,213,7,10,0,0,1,0
1091,844,2022,6,1,2,0,1,1,0
1091,846,2022,1,6,4,0,0,1,0
1091,847,2022,131,11,14,0,0,4,1
1091,848,2022,3,19,17,0,0,0,0
1091,849,2022,3,20,19,0,0,0,0
1091,852,2022,213,10,15,0,0,1,0
1091,854,2022,210,13,13,0,0,2,0
1091,855,2022,51,15,20,0,0,0,0
1092,1,2022,131,6,5,0,0,2,0
1092,4,2022,214,7,7,0,0,3,1
1092,20,2022,117,9,6,0,0,2,0
1092,815,2022,9,4,2,0,0,2,0
1092,817,2022,1,11,11,0,0,2,0
1092,822,2022,51,12,15,0,0,2,0
1092,825,2022,210,18,14,0,0,2,0
1092,830,2022,9,1,1,1,1,2,0
1092,832,2022,6,3,19,0,0,0,0
1092,839,2022,214,5,4,0,0,2,0
1092,840,2022,117,19,12,0,0,3,1
1092,842,2022,213,17,18,0,0,4,1
1092,844,2022,6,2,3,0,0,2,0
1092,846,2022,1,10,10,0,0,2,0
1092,847,2022,131,8,8,0,0,2,0
1092,848,2022,3,16,20,0,0,0,0
1092,849,2022,3,20,9,0,0,2,0
1092,852,2022,213,13,13,0,0,3,1
1092,854,2022,210,15,17,0,0,2,0
1092,855,2022,51,14,16,0,0,3,1
1093,1,2022,131,5,2,0,0,2,0
1093,4,2022,214,9,7,0,0,2,0
1093,20,2022,117,12,8,0,0,2,0
1093,815,2022,9,4,4,0,0,2,0
1093,817,2022,1,17,16,0,0,2,0
1093,822,2022,51,10,19,0,0,1,0
1093,825,2022,210,16,9,0,0,1,0
1093,830,2022,9,3,1,1,0,2,0
1093,832,2022,6,1,20,0,1,0,0
1093,839,2022,214,18,11,0,0,2,0
1093,840,2022,117,7,18,0,0,1,0
1093,842,2022,213,13,14,0,0,2,0
1093,844,2022,6,2,3,0,0,2,0
1093,846,2022,1,8,6,0,0,2,0
1093,847,2022,131,6,5,0,0,3,1
1093,848,2022,3,11,13,0,0,2,0
1093,849,2022,3,20,17,0,0,2,0
1093,852,2022,213,15,10,0,0,2,0
1093,854,2022,210,19,15,0,0,2,0
1093,855,2022,51,14,12,0,0,2,0
1094,1,2022,131,3,2,0,0,1,0
1094,4,2022,214,9,19,0,0,1,0
1094,20,2022,117,17,14,0,0,1,0
1094,815,2022,9,4,3,0,0,1,0
1094,817,2022,1,11,7,0,0,1,0
1094,822,2022,51,6,10,0,0,1,0
1094,825,2022,210,15,17,0,0,1,0
1094,830,2022,9,1,1,1,1,1,0
1094,832,2022,6,5,5,0,0,1,0
1094,839,2022,214,10,8,0,0,1,0
1094,840,2022,117,18,15,0,0,2,0
1094,842,2022,213,14,11,0,0,1,0
1094,844,2022,6,7,6,0,0,1,0
1094,846,2022,1,8,9,0,0,1,0
1094,847,2022,131,2,4,0,0,2,0
1094,848,2022,3,19,12,0,0,1,0
1094,849,2022,3,20,18,0,0,2,0
1094,852,2022,213,13,20,0,0,1,0
1094,854,2022,210,16,16,0,0,1,0
1094,855,2022,51,12,13,0,0,1,0
1095,1,2022,131,8,2,0,0,2,0
1095,4,2022,214,7,5,0,0,3,1
1095,20,2022,117,13,11,0,0,2,0
1095,815,2022,9,9,7,0,0,2,0
1095,817,2022,1,14,20,0,0,0,0
1095,822,2022,51,18,9,0,0,2,0
1095,825,2022,210,1,19,0,1,0,0
1095,830,2022,9,2,6,0,0,3,1
1095,832,2022,6,5,3,0,0,3,1
1095,839,2022,214,6,8,0,0,2,0
1095,840,2022,117,15,10,0,0,2,0
1095,842,2022,213,12,14,0,0,3,1
1095,844,2022,6,10,4,0,0,3,1
1095,846,2022,1,4,18,0,0,2,0
1095,847,2022,131,3,1,1,0,2,0
1095,848,2022,3,11,15,0,0,3,1
1095,849,2022,3,16,16,0,0,3,1
1095,852,2022,213,19,17,0,0,3,1
1095,854,2022,210,20,13,0,0,2,0
1095,855,2022,51,17,12,0,0,2,0
1096,1,2022,131,5,18,0,0,1,0
1096,4,2022,214,11,20,0,0,1,0
1096,20,2022,117,9,10,0,0,1,0
1096,815,2022,9,2,3,0,0,2,0
1096,817,2022,1,10,9,0,0,1,0
1096,822,2022,51,18,15,0,0,1,0
1096,825,2022,210,16,17,0,0,1,0
1096,830,2022,9,1,1,1,1,1,0
1096,832,2022,6,4,4,0,0,2,0
1096,839,2022,214,8,7,0,0,2,0
1096,840,2022,117,14,8,0,0,2,0
1096,842,2022,213,17,14,0,0,1,0
1096,844,2022,6,3,2,0,0,1,0
1096,846,2022,1,7,6,0,0,2,0
1096,847,2022,131,6,5,0,0,2,0
1096,848,2022,3,19,13,0,0,2,0
1096,849,2022,3,20,19,0,0,2,0
1096,852,2022,213,12,11,0,0,2,0
1096,854,2022,210,13,16,0,0,2,0
1096,855,2022,51,15,12,0,0,2,0
