raceId,driverId,grid,position,constructorId
18,1,1,1,1
18,9,2,9,2
18,5,3,5,1
18,13,4,13,6
18,2,5,2,2
18,15,6,15,7
18,3,7,3,3
18,14,8,14,9
18,10,9,10,7
18,20,10,20,5
18,22,11,22,11
18,4,12,4,4
18,18,13,18,11
18,6,14,6,3
18,17,15,17,9
18,8,16,8,6
18,21,17,21,10
18,7,18,7,5
18,16,19,16,10
18,11,20,11,8
18,12,21,12,4
18,19,22,19,8
19,13,1,19,6
19,8,2,1,6
19,5,3,3,1
19,1,4,5,1
19,15,5,4,7
19,9,6,2,2
19,2,7,6,2
19,17,8,7,9
19,4,9,8,4
19,10,10,21,7
19,18,11,10,11
19,14,12,9,9
19,12,13,11,4
19,22,14,13,11
19,20,15,18,5
19,3,16,14,3
19,21,17,12,10
19,6,18,17,3
19,7,19,22,5
19,11,20,16,8
19,16,21,20,10
19,19,22,15,8
20,9,1,3,2
20,13,2,1,6
20,1,3,13,1
20,8,4,2,6
20,5,5,5,1
20,2,6,4,2
20,15,7,6,7
20,3,8,8,3
20,18,9,21,11
20,4,10,10,4
20,17,11,7,9
20,22,12,11,11
20,10,13,9,7
20,12,14,20,4
20,7,15,15,5
20,6,16,14,3
20,14,17,18,9
20,21,18,12,10
20,20,19,22,5
20,16,20,19,10
20,19,21,16,8
20,11,22,17,8
21,8,1,1,6
21,4,2,15,4
21,13,3,2,6
21,9,4,4,2
21,1,5,3,1
21,5,6,17,1
21,17,7,5,9
21,15,8,8,7
21,2,9,9,2
21,12,10,20,4
21,22,11,16,11
21,6,12,7,3
21,18,13,6,11
21,10,14,11,7
21,3,15,14,3
21,7,16,19,5
21,14,17,12,9
21,20,18,22,5
21,21,19,10,10
21,16,20,21,10
21,19,21,18,8
21,11,22,13,8
22,13,1,1,6
22,5,2,12,1
22,1,3,2,1
22,8,4,3,6
22,9,5,4,2
22,17,6,7,9
22,4,7,6,4
22,15,8,10,7
22,2,9,5,2
22,14,10,9,9
22,3,11,8,3
22,22,12,14,11
22,18,13,11,11
22,20,14,17,5
22,10,15,13,7
22,6,16,19,3
22,12,17,15,4
22,7,18,18,5
22,21,19,20,10
22,16,20,16,10
23,13,1,3,6
23,8,2,9,6
23,1,3,1,1
23,5,4,8,1
23,9,5,2,2
23,3,6,16,3
23,4,7,10,4
23,15,8,13,7
23,17,9,4,9
23,14,10,19,9
23,10,11,12,7
23,18,12,11,11
23,2,13,14,2
23,6,14,7,3
23,22,15,6,11
23,7,16,20,5
23,12,17,17,4
23,20,18,5,5
23,16,19,15,10
23,21,20,18,10
24,1,1,19,1
24,9,2,1,2
24,8,3,18,6
24,4,4,16,4
24,3,5,10,3
24,13,6,5,6
24,5,7,9,1
24,2,8,2,2
24,22,9,7,11
24,17,10,12,9
24,10,11,4,7
24,6,12,15,3
24,14,13,3,9
24,15,14,6,7
24,12,15,17,4
24,7,16,13,5
24,16,17,20,10
24,21,18,14,10
24,18,19,11,11
24,20,20,8,5
25,8,1,2,6
25,13,2,1,6
25,1,3,10,1
25,4,4,8,4
25,15,5,3,7
25,5,6,4,1
25,9,7,5,2
25,17,8,6,9
25,14,9,9,9
25,10,10,11,7
25,12,11,7,4
25,2,12,13,2
25,20,13,12,5
25,7,14,17,5
25,3,15,16,3
25,6,16,15,3
25,18,17,20,11
25,22,18,14,11
25,21,19,18,10
25,16,20,19,10
26,5,1,5,1
26,17,2,10,9
26,8,3,4,6
26,1,4,1,1
26,2,5,2,2
26,4,6,6,4
26,12,7,16,4
26,20,8,19,5
26,13,9,13,6
26,9,10,14,2
26,14,11,20,9
26,10,12,12,7
26,7,13,11,5
26,15,14,7,7
26,6,15,8,3
26,22,16,3,11
26,18,17,15,11
26,3,18,9,3
26,16,19,18,10
26,21,20,17,10
27,1,1,1,1
27,13,2,3,6
27,5,3,5,1
27,15,4,9,7
27,4,5,11,4
27,8,6,6,6
27,9,7,7,2
27,17,8,19,9
27,20,9,8,5
27,14,10,13,9
27,10,11,20,7
27,2,12,4,2
27,3,13,10,3
27,18,14,17,11
27,7,15,12,5
27,6,16,14,3
27,12,17,2,4
27,22,18,18,11
27,16,19,15,10
27,21,20,16,10
28,1,1,5,1
28,5,2,1,1
28,13,3,17,6
28,9,4,8,2
28,10,5,2,7
28,8,6,3,6
28,4,7,4,4
28,17,8,9,9
28,15,9,7,7
28,12,10,6,4
28,20,11,20,5
28,18,12,12,11
28,14,13,11,9
28,7,14,18,5
28,3,15,14,3
28,2,16,10,2
28,6,17,13,3
28,22,18,16,11
28,21,19,15,10
28,16,20,19,10
29,13,1,1,6
29,1,2,2,1
29,9,3,3,2
29,8,4,18,6
29,5,5,4,1
29,20,6,6,5
29,15,7,5,7
29,2,8,9,2
29,3,9,8,3
29,7,10,10,5
29,6,11,15,3
29,4,12,20,4
29,10,13,7,7
29,17,14,12,9
29,12,15,11,4
29,18,16,13,11
29,14,17,17,9
29,21,18,14,10
29,22,19,16,11
29,16,20,19,10
30,1,1,3,1
30,13,2,1,6
30,5,3,10,1
30,8,4,18,6
30,2,5,2,2
30,4,6,4,4
30,17,7,8,9
30,9,8,6,2
30,7,9,7,5
30,20,10,5,5
30,15,11,16,7
30,12,12,20,4
30,10,13,9,7
30,14,14,11,9
30,3,15,12,3
30,22,16,19,11
30,18,17,15,11
30,16,18,13,10
30,6,19,14,3
30,21,20,17,10
31,20,1,1,5
31,5,2,2,1
31,17,3,8,9
31,7,4,18,5
31,3,5,14,3
31,13,6,6,6
31,15,7,13,7
31,4,8,4,4
31,10,9,11,7
31,2,10,5,2
31,9,11,3,2
31,21,12,20,10
31,14,13,16,9
31,8,14,9,6
31,1,15,7,1
31,22,16,17,11
31,12,17,10,4
31,6,18,12,3
31,18,19,15,11
31,16,20,19,10
32,13,1,13,6
32,1,2,3,1
32,8,3,15,6
32,9,4,11,2
32,5,5,10,1
32,2,6,6,2
32,20,7,5,5
32,10,8,4,7
32,3,9,2,3
32,6,10,8,3
32,15,11,16,7
32,18,12,9,11
32,17,13,18,9
32,14,14,7,9
32,4,15,1,4
32,12,16,20,4
32,7,17,12,5
32,22,18,19,11
32,16,19,17,10
32,21,20,14,10
33,1,1,12,1
33,8,2,3,6
33,5,3,17,1
33,4,4,1,4
33,13,5,7,6
33,9,6,2,2
33,15,7,5,7
33,10,8,19,7
33,20,9,6,5
33,7,10,10,5
33,14,11,20,9
33,12,12,4,4
33,17,13,8,9
33,6,14,15,3
33,3,15,11,3
33,2,16,9,2
33,22,17,13,11
33,18,18,14,11
33,16,19,18,10
33,21,20,16,10
34,1,1,1,1
34,8,2,3,6
34,13,3,2,6
34,4,4,4,4
34,5,5,18,1
34,17,6,14,9
34,2,7,5,2
34,20,8,9,5
34,15,9,20,7
34,7,10,13,5
34,12,11,8,4
34,9,12,6,2
34,10,13,7,7
34,22,14,11,11
34,3,15,15,3
34,14,16,10,9
34,6,17,12,3
34,18,18,16,11
34,16,19,19,10
34,21,20,17,10
35,13,1,1,6
35,15,2,8,7
35,8,3,3,6
35,1,4,5,1
35,5,5,7,1
35,4,6,2,4
35,20,7,4,5
35,2,8,10,2
35,7,9,14,5
35,10,10,6,7
35,12,11,19,4
35,17,12,9,9
35,9,13,11,2
35,14,14,20,9
35,22,15,15,11
35,6,16,17,3
35,18,17,13,11
35,3,18,12,3
35,21,19,18,10
35,16,20,16,10
36,8,1,1,6
36,4,2,2,1
36,2,3,4,2
36,1,4,3,1
36,9,5,20,2
36,21,6,5,4
36,17,7,13,9
36,15,8,9,7
36,23,9,8,7
36,11,10,12,8
36,19,11,16,8
36,3,12,7,3
36,5,13,10,4
36,18,14,15,11
36,25,15,18,3
36,13,16,6,6
36,22,17,11,11
36,26,18,21,5
36,14,19,19,9
36,24,20,14,5
36,16,21,17,12
36,27,22,22,12
37,13,1,5,6
37,4,2,1,1
37,8,3,3,6
37,1,4,2,1
37,2,5,4,2
37,3,6,19,3
37,9,7,18,2
37,15,8,7,7
37,23,9,15,7
37,17,10,10,9
37,5,11,8,4
37,21,12,6,4
37,14,13,20,9
37,11,14,13,8
37,18,15,12,11
37,24,16,17,5
37,26,17,14,5
37,19,18,16,8
37,22,19,11,11
37,25,20,9,3
37,27,21,21,12
37,16,22,22,12
38,13,1,1,6
38,1,2,2,1
38,8,3,3,6
38,4,4,5,1
38,2,5,4,2
38,9,6,6,2
38,21,7,8,4
38,17,8,17,9
38,15,9,7,7
38,3,10,10,3
38,25,11,11,3
38,5,12,9,4
38,19,13,16,8
38,23,14,12,7
38,22,15,13,11
38,18,16,21,11
38,11,17,19,8
38,24,18,20,5
38,26,19,22,5
38,16,20,15,12
38,14,21,18,9
38,27,22,14,12
39,13,1,1,6
39,4,2,3,1
39,8,3,19,6
39,1,4,2,1
39,9,5,4,2
39,15,6,20,7
39,2,7,15,2
39,5,8,7,4
39,14,9,5,9
39,21,10,9,4
39,3,11,6,3
39,22,12,10,11
39,11,13,8,8
39,18,14,12,11
39,19,15,11,8
39,24,16,17,5
39,23,17,16,7
39,25,18,22,3
39,17,19,21,9
39,16,20,13,12
39,27,21,14,12
39,26,22,18,5
40,4,1,1,1
40,1,2,2,1
40,13,3,3,6
40,21,4,4,4
40,3,5,12,3
40,17,6,21,9
40,2,7,6,2
40,9,8,5,2
40,22,9,10,11
40,18,10,11,11
40,25,11,7,3
40,24,12,22,5
40,14,13,14,9
40,15,14,15,7
40,5,15,13,4
40,8,16,8,6
40,19,17,18,8
40,26,18,9,5
40,16,19,20,12
40,23,20,16,7
40,11,21,17,8
40,27,22,19,12
41,1,1,1,1
41,4,2,7,1
41,2,3,2,2
41,8,4,5,6
41,13,5,21,6
41,17,6,9,9
41,3,7,10,3
41,9,8,17,2
41,21,9,22,4
41,15,10,13,7
41,11,11,6,8
41,24,12,14,5
41,22,13,12,11
41,14,14,16,9
41,18,15,20,11
41,26,16,19,5
41,19,17,11,8
41,23,18,8,7
41,25,19,3,3
41,16,20,18,12
41,27,21,15,12
41,5,22,4,4
42,1,1,1,1
42,4,2,2,1
42,13,3,3,6
42,8,4,4,6
42,2,5,18,2
42,5,6,5,4
42,20,7,8,2
42,15,8,6,7
42,17,9,7,9
42,21,10,9,4
42,14,11,20,9
42,23,12,22,7
42,18,13,12,11
42,3,14,16,3
42,22,15,21,11
42,19,16,11,8
42,25,17,10,3
42,11,18,19,8
42,24,19,17,5
42,26,20,13,5
42,16,21,14,12
42,27,22,15,12
43,13,1,2,6
43,1,2,3,1
43,8,3,1,6
43,9,4,4,2
43,21,5,6,4
43,5,6,15,4
43,2,7,5,2
43,15,8,21,7
43,3,9,9,3
43,4,10,7,1
43,23,11,10,7
43,18,12,8,11
43,22,13,11,11
43,17,14,12,9
43,26,15,18,5
43,14,16,13,9
43,24,17,22,5
43,25,18,14,3
43,19,19,20,8
43,27,20,19,12
43,16,21,17,12
43,11,22,16,8
44,1,1,3,1
44,8,2,1,6
44,4,3,2,1
44,13,4,5,6
44,9,5,4,2
44,23,6,20,7
44,5,7,7,4
44,21,8,8,4
44,2,9,6,2
44,15,10,17,7
44,17,11,22,9
44,14,12,11,9
44,25,13,13,3
44,22,14,9,11
44,26,15,19,5
44,24,16,16,5
44,3,17,12,3
44,18,18,10,11
44,19,19,18,8
44,16,20,21,12
44,11,21,14,8
44,27,22,15,12
45,8,1,14,6
45,4,2,1,1
45,13,3,2,6
45,2,4,6,2
45,9,5,7,2
45,17,6,3,9
45,5,7,8,4
45,15,8,13,7
45,23,9,16,7
45,1,10,9,1
45,3,11,20,3
45,25,12,4,3
45,21,13,10,4
45,22,14,11,11
45,19,15,12,8
45,11,16,15,8
45,18,17,18,11
45,26,18,21,5
45,24,19,22,5
45,14,20,5,9
45,16,21,19,12
45,28,22,17,12
46,4,1,4,1
46,1,2,1,1
46,2,3,3,2
46,8,4,2,6
46,3,5,7,3
46,23,6,6,7
46,9,7,5,2
46,21,8,12,4
46,15,9,10,7
46,17,10,9,9
46,14,11,11,9
46,5,12,8,4
46,25,13,14,3
46,13,14,13,6
46,19,15,20,8
46,24,16,19,5
46,18,17,21,11
46,22,18,18,11
46,11,19,15,8
46,20,20,16,5
46,16,21,17,12
46,29,22,22,12
47,13,1,1,6
47,1,2,5,1
47,8,3,2,6
47,4,4,3,1
47,9,5,8,2
47,2,6,4,2
47,5,7,6,4
47,3,8,7,3
47,15,9,16,7
47,21,10,9,4
47,19,11,14,8
47,17,12,22,9
47,14,13,10,9
47,25,14,11,3
47,24,15,15,5
47,23,16,12,7
47,11,17,18,8
47,20,18,19,5
47,16,19,21,12
47,29,20,20,12
47,18,21,13,11
47,22,22,17,11
48,4,1,1,1
48,1,2,2,1
48,13,3,21,6
48,2,4,4,2
48,8,5,3,6
48,9,6,5,2
48,5,7,7,4
48,3,8,6,3
48,15,9,11,7
48,18,10,8,11
48,17,11,9,9
48,22,12,10,11
48,25,13,13,3
48,19,14,14,8
48,21,15,12,4
48,20,16,18,5
48,11,17,16,8
48,23,18,15,7
48,24,19,17,5
48,14,20,22,9
48,16,21,19,12
48,29,22,20,12
49,8,1,1,6
49,13,2,2,6
49,4,3,3,1
49,1,4,4,1
49,3,5,6,3
49,2,6,5,2
49,17,7,7,9
49,15,8,11,7
49,5,9,8,4
49,23,10,10,7
49,14,11,20,9
49,18,12,18,11
49,24,13,12,5
49,9,14,9,2
49,25,15,19,3
49,20,16,21,5
49,22,17,13,11
49,11,18,15,8
49,16,19,14,12
49,19,20,16,8
49,29,21,17,12
49,21,22,22,4
50,1,1,1,1
50,4,2,21,1
50,8,3,3,6
50,13,4,6,6
50,2,5,14,2
50,18,6,11,11
50,17,7,20,9
50,20,8,19,5
50,9,9,7,2
50,21,10,5,4
50,5,11,2,4
50,14,12,4,9
50,15,13,13,7
50,24,14,9,5
50,23,15,16,7
50,3,16,18,3
50,22,17,10,11
50,25,18,22,3
50,19,19,17,8
50,16,20,8,12
50,11,21,15,8
50,29,22,12,12
51,1,1,19,1
51,8,2,1,6
51,13,3,3,6
51,4,4,2,1
51,14,5,8,9
51,23,6,20,7
51,17,7,10,9
51,2,8,7,2
51,9,9,18,2
51,18,10,5,11
51,24,11,6,5
51,15,12,13,7
51,5,13,9,4
51,19,14,22,8
51,3,15,16,3
51,22,16,15,11
51,20,17,4,5
51,21,18,11,4
51,25,19,12,3
51,11,20,14,8
51,16,21,21,12
51,29,22,17,12
52,13,1,2,6
52,1,2,7,1
52,8,3,1,6
52,4,4,3,1
52,17,5,20,9
52,2,6,6,2
52,9,7,5,2
52,15,8,8,7
52,14,9,9,9
52,3,10,4,3
52,22,11,16,11
52,21,12,22,4
52,20,13,18,5
52,24,14,13,5
52,23,15,11,7
52,18,16,19,11
52,5,17,17,4
52,11,18,12,8
52,6,19,10,3
52,19,20,14,8
52,16,21,15,12
52,29,22,21,12
53,30,1,2,6
53,13,2,9,6
53,18,3,4,11
53,4,4,1,4
53,31,5,5,1
53,22,6,15,11
53,17,7,6,3
53,32,8,8,9
53,21,9,21,4
53,2,10,12,2
53,35,11,20,2
53,3,12,7,3
53,14,13,10,9
53,15,14,16,7
53,24,15,11,5
53,26,16,13,5
53,23,17,14,7
53,27,18,22,13
53,33,19,17,13
53,11,20,18,8
53,34,21,19,8
53,8,22,3,1
54,21,1,1,4
54,18,2,3,11
54,3,3,21,3
54,30,4,6,6
54,17,5,19,3
54,31,6,4,1
54,8,7,22,1
54,4,8,2,4
54,32,9,18,9
54,23,10,8,7
54,14,11,20,9
54,22,12,10,11
54,15,13,9,7
54,35,14,7,2
54,2,15,15,2
54,13,16,5,6
54,26,17,16,5
54,24,18,11,5
54,27,19,12,13
54,33,20,13,13
54,11,21,14,8
54,34,22,17,8
55,18,1,10,11
55,21,2,5,4
55,4,3,1,4
55,8,4,2,1
55,31,5,14,1
55,23,6,3,7
55,17,7,18,3
55,2,8,4,2
55,35,9,6,2
55,15,10,20,7
55,30,11,17,6
55,14,12,8,9
55,24,13,16,5
55,32,14,19,9
55,3,15,21,3
55,13,16,22,6
55,22,17,7,11
55,27,18,11,13
55,26,19,9,5
55,33,20,15,13
55,11,21,12,8
55,34,22,13,8
56,30,1,1,6
56,18,2,7,11
56,22,3,10,11
56,13,4,4,6
56,4,5,2,4
56,23,6,9,7
56,31,7,3,1
56,8,8,5,1
56,15,9,21,7
56,17,10,6,3
56,21,11,8,4
56,35,12,12,2
56,3,13,11,3
56,14,14,17,9
56,2,15,13,2
56,24,16,14,5
56,32,17,19,9
56,26,18,15,5
56,33,19,16,13
56,27,20,22,13
56,11,21,18,8
56,34,22,20,8
57,4,1,2,4
57,30,2,1,6
57,13,3,3,6
57,22,4,5,11
57,8,5,4,1
57,18,6,18,11
57,15,7,9,7
57,35,8,8,2
57,31,9,15,1
57,17,10,20,3
57,23,11,14,7
57,3,12,7,3
57,21,13,6,4
57,14,14,21,9
57,2,15,10,2
57,24,16,22,5
57,32,17,19,9
57,27,18,13,13
57,26,19,11,5
57,33,20,12,13
57,11,21,16,8
57,36,22,17,8
58,4,1,1,4
58,21,2,3,4
58,30,3,2,6
58,13,4,4,6
58,22,5,7,11
58,23,6,20,7
58,15,7,10,7
58,18,8,6,11
58,8,9,5,1
58,2,10,8,2
58,17,11,9,3
58,31,12,21,1
58,3,13,11,3
58,35,14,12,2
58,32,15,13,9
58,24,16,15,5
58,26,17,19,5
58,33,18,16,13
58,27,19,18,13
58,11,20,17,8
58,36,21,22,8
58,14,22,14,9
59,4,1,1,4
59,17,2,21,3
59,8,3,20,1
59,31,4,2,1
59,22,5,4,11
59,15,6,17,7
59,14,7,3,9
59,3,8,19,3
59,21,9,6,4
59,23,10,8,7
59,32,11,18,9
59,24,12,10,5
59,18,13,11,11
59,35,14,14,2
59,2,15,7,2
59,27,16,12,13
59,33,17,15,13
59,26,18,13,5
59,11,19,22,8
59,36,20,16,8
59,13,21,9,6
59,30,22,5,6
60,4,1,1,4
60,8,2,3,1
60,30,3,2,6
60,13,4,5,6
60,21,5,4,4
60,22,6,10,11
60,23,7,21,7
60,31,8,6,1
60,2,9,7,2
60,35,10,8,2
60,14,11,12,9
60,3,12,9,3
60,24,13,13,5
60,32,14,14,9
60,26,15,20,5
60,33,16,16,13
60,17,17,22,3
60,27,18,15,13
60,18,19,19,11
60,11,20,17,8
60,36,21,18,8
60,15,22,11,7
61,4,1,1,4
61,21,2,4,4
61,8,3,3,1
61,15,4,6,7
61,30,5,2,6
61,3,6,21,3
61,31,7,18,1
61,18,8,9,11
61,22,9,19,11
61,13,10,5,6
61,35,11,16,2
61,32,12,11,9
61,2,13,7,2
61,23,14,17,7
61,24,15,13,5
61,14,16,8,9
61,17,17,12,3
61,26,18,10,5
61,33,19,14,13
61,27,20,22,13
61,11,21,15,8
61,36,22,20,8
62,30,1,1,6
62,13,2,2,6
62,21,3,3,4
62,22,4,6,11
62,4,5,5,4
62,35,6,12,2
62,18,7,15,11
62,23,8,10,7
62,8,9,16,1
62,2,10,17,2
62,31,11,18,1
62,17,12,19,3
62,26,13,20,5
62,27,14,11,13
62,33,15,13,13
62,32,16,21,9
62,14,17,7,9
62,11,18,14,8
62,3,19,9,3
62,15,20,4,7
62,24,21,8,5
62,36,22,22,8
63,30,1,1,6
63,13,2,3,6
63,4,3,2,4
63,15,4,19,7
63,23,5,4,7
63,8,6,5,1
63,21,7,6,4
63,37,8,7,1
63,3,9,14,3
63,14,10,9,9
63,17,11,18,3
63,2,12,8,2
63,32,13,12,9
63,22,14,20,11
63,26,15,10,5
63,27,16,15,13
63,24,17,13,5
63,35,18,11,2
63,18,19,17,11
63,33,20,21,13
63,36,21,16,8
63,11,22,22,8
64,8,1,3,1
64,30,2,1,6
64,13,3,2,6
64,18,4,4,11
64,21,5,6,4
64,22,6,16,11
64,4,7,5,4
64,23,8,9,7
64,37,9,18,1
64,14,10,11,9
64,17,11,13,3
64,32,12,8,9
64,15,13,7,7
64,35,14,15,2
64,3,15,20,3
64,2,16,17,2
64,24,17,10,5
64,27,18,21,13
64,11,19,14,8
64,33,20,22,13
64,29,21,19,8
64,26,22,12,5
65,8,1,15,1
65,13,2,7,6
65,22,3,4,11
65,18,4,1,11
65,37,5,2,1
65,17,6,20,3
65,23,7,6,7
65,21,8,18,4
65,15,9,12,7
65,9,10,22,2
65,2,11,3,2
65,30,12,8,6
65,14,13,5,9
65,32,14,19,9
65,4,15,14,4
65,33,16,9,13
65,24,17,16,5
65,3,18,17,3
65,26,19,11,5
65,11,20,13,8
65,27,21,10,13
65,29,22,21,8
66,13,1,1,6
66,30,2,3,6
66,4,3,2,4
66,21,4,6,4
66,23,5,7,7
66,2,6,14,2
66,18,7,4,11
66,8,8,21,1
66,9,9,12,2
66,17,10,10,3
66,32,11,11,9
66,37,12,5,1
66,15,13,9,7
66,22,14,8,11
66,3,15,18,3
66,27,16,16,13
66,14,17,15,9
66,26,18,13,5
66,24,19,20,5
66,33,20,22,13
66,29,21,19,8
66,11,22,17,8
67,8,1,2,1
67,30,2,1,6
67,2,3,8,2
67,13,4,9,6
67,18,5,5,11
67,9,6,3,2
67,37,7,20,1
67,22,8,6,11
67,21,9,4,4
67,4,10,19,4
67,15,11,7,7
67,3,12,22,3
67,23,13,15,7
67,14,14,12,9
67,26,15,13,5
67,32,16,11,9
67,24,17,14,5
67,27,18,17,14
67,17,19,10,3
67,33,20,18,14
67,11,21,16,8
67,29,22,21,8
68,4,1,2,4
68,21,2,3,4
68,22,3,6,11
68,18,4,4,11
68,8,5,21,1
68,30,6,1,6
68,37,7,5,1
68,2,8,7,2
68,9,9,13,2
68,38,10,12,9
68,26,11,14,5
68,14,12,9,9
68,24,13,10,5
68,17,14,8,3
68,3,15,11,3
68,23,16,17,7
68,15,17,19,7
68,33,18,20,14
68,29,19,16,8
68,13,20,18,6
68,11,21,22,8
68,27,22,15,14
69,13,1,2,6
69,30,2,20,6
69,23,3,7,7
69,15,4,6,7
69,4,5,1,4
69,21,6,3,4
69,18,7,4,11
69,22,8,12,11
69,2,9,8,2
69,3,10,10,3
69,8,11,5,1
69,9,12,9,2
69,37,13,11,1
69,17,14,19,3
69,24,15,14,5
69,27,16,22,14
69,14,17,21,9
69,38,18,13,9
69,26,19,18,5
69,11,20,15,8
69,33,21,16,14
69,29,22,17,8
70,13,1,1,6
70,8,2,5,1
70,15,3,19,7
70,4,4,2,4
70,22,5,7,11
70,21,6,6,4
70,23,7,20,7
70,2,8,17,2
70,9,9,9,2
70,30,10,4,6
70,17,11,21,3
70,37,12,8,1
70,3,13,22,3
70,18,14,3,11
70,38,15,12,9
70,24,16,13,5
70,26,17,11,5
70,27,18,14,14
70,14,19,18,9
70,11,20,10,8
70,29,21,16,8
70,33,22,15,14
77,2,1,2,3
77,8,2,11,1
77,17,3,20,3
77,15,4,8,7
77,31,5,7,1
77,4,6,1,4
77,22,7,3,6
77,23,8,19,7
77,21,9,6,4
77,30,10,5,6
77,13,11,14,15
77,14,12,4,9
77,18,13,10,16
77,24,14,9,9
77,35,15,13,15
77,11,16,12,16
77,33,17,15,17
77,40,18,18,18
77,39,19,16,17
77,27,20,17,18
78,18,1,13,16
78,30,2,2,6
78,4,3,17,4
78,21,4,18,4
78,31,5,20,1
78,11,6,15,16
78,8,7,1,1
78,35,8,9,15
78,15,9,12,7
78,23,10,6,7
78,13,11,4,15
78,14,12,7,9
78,2,13,14,3
78,17,14,5,3
78,27,15,11,18
78,32,16,8,9
78,39,17,19,17
78,33,18,10,17
78,40,19,16,18
78,22,20,3,6
79,15,1,7,7
79,8,2,8,1
79,18,3,9,16
79,21,4,10,4
79,30,5,1,6
79,4,6,11,4
79,22,7,2,6
79,11,8,12,16
79,17,9,13,3
79,13,10,14,15
79,31,11,15,1
79,35,12,16,15
79,41,13,17,7
79,32,14,18,9
79,2,15,19,3
79,14,16,20,9
79,33,17,3,17
79,27,18,5,18
79,39,19,4,17
79,40,20,6,18
80,4,1,1,4
80,15,2,5,7
80,8,3,2,1
80,30,4,3,6
80,11,5,11,16
80,22,6,9,6
80,21,7,6,4
80,18,8,4,16
80,31,9,16,1
80,13,10,19,15
80,35,11,8,15
80,23,12,7,7
80,17,13,12,3
80,2,14,14,3
80,14,15,10,9
80,32,16,20,9
80,39,17,15,17
80,40,18,18,18
80,33,19,13,17
80,27,20,17,18
81,4,1,2,4
81,8,2,3,1
81,18,3,5,16
81,31,4,1,1
81,15,5,9,7
81,22,6,7,6
81,21,7,4,4
81,11,8,16,16
81,23,9,8,7
81,30,10,6,6
81,35,11,14,15
81,17,12,11,3
81,14,13,13,9
81,2,14,12,3
81,32,15,15,9
81,13,16,10,15
81,39,17,20,17
81,27,18,18,18
81,40,19,19,18
81,33,20,17,17
82,8,1,20,1
82,18,2,3,16
82,4,3,1,4
82,21,4,4,4
82,30,5,5,6
82,17,6,19,3
82,2,7,11,3
82,11,8,12,16
82,15,9,14,7
82,32,10,9,9
82,14,11,7,9
82,23,12,6,7
82,13,13,8,15
82,35,14,15,15
82,22,15,10,6
82,27,16,13,18
82,38,17,18,18
82,33,18,17,17
82,31,19,2,1
82,39,20,16,17
83,30,1,2,6
83,31,2,17,1
83,15,3,4,7
83,8,4,1,1
83,23,5,3,7
83,4,6,11,4
83,22,7,10,6
83,18,8,5,16
83,21,9,9,4
83,11,10,8,16
83,32,11,20,9
83,2,12,6,3
83,14,13,19,9
83,13,14,14,15
83,35,15,16,15
83,17,16,7,3
83,27,17,15,18
83,39,18,12,17
83,38,19,18,18
83,33,20,13,17
84,8,1,1,1
84,21,2,4,4
84,4,3,2,4
84,31,4,3,1
84,15,5,6,7
84,2,6,18,3
84,17,7,20,3
84,13,8,19,15
84,23,9,12,7
84,32,10,8,9
84,22,11,10,6
84,14,12,7,9
84,18,13,5,16
84,11,14,9,16
84,33,15,15,17
84,27,16,16,18
84,38,17,13,18
84,35,18,11,15
84,39,19,14,17
84,30,20,17,6
85,8,1,4,1
85,31,2,1,1
85,4,3,2,4
85,18,4,8,16
85,11,5,16,16
85,15,6,5,7
85,30,7,10,6
85,22,8,12,6
85,21,9,3,4
85,23,10,6,7
85,14,11,15,9
85,35,12,11,15
85,32,13,13,9
85,17,14,14,3
85,13,15,9,15
85,42,16,7,3
85,33,17,17,17
85,38,18,18,18
85,39,19,20,17
85,27,20,19,18
86,31,1,14,1
86,8,2,1,1
86,21,3,20,4
86,15,4,16,7
86,4,5,2,4
86,23,6,7,7
86,30,7,18,6
86,13,8,10,15
86,18,9,3,16
86,17,10,4,3
86,11,11,19,16
86,14,12,17,9
86,22,13,5,6
86,35,14,6,15
86,42,15,15,3
86,32,16,9,9
86,38,17,13,18
86,27,18,12,18
86,33,19,8,17
86,39,20,11,17
87,4,1,3,4
87,31,2,1,1
87,21,3,5,4
87,18,4,7,16
87,8,5,2,1
87,32,6,9,9
87,30,7,4,6
87,15,8,13,7
87,13,9,11,15
87,22,10,6,6
87,23,11,8,7
87,35,12,12,15
87,33,13,16,17
87,17,14,17,3
87,42,15,19,3
87,14,16,20,9
87,39,17,15,17
87,27,18,14,18
87,11,19,10,16
87,38,20,18,18
88,23,1,8,7
88,18,2,5,16
88,21,3,2,4
88,32,4,9,9
88,11,5,20,16
88,14,6,6,9
88,17,7,4,3
88,35,8,12,15
88,22,9,11,6
88,13,10,10,15
88,39,11,15,17
88,42,12,17,3
88,27,13,16,18
88,30,14,7,6
88,38,15,14,18
88,4,16,3,4
88,8,17,1,1
88,31,18,19,1
88,15,19,18,7
88,33,20,13,17
89,4,1,1,4
89,21,2,4,4
89,8,3,2,1
89,18,4,8,16
89,31,5,19,1
89,30,6,20,6
89,14,7,9,9
89,22,8,12,6
89,23,9,3,7
89,17,10,7,3
89,13,11,6,15
89,15,12,15,7
89,42,13,13,3
89,32,14,5,9
89,39,15,18,17
89,35,16,10,15
89,11,17,17,16
89,27,18,16,18
89,33,19,11,17
89,38,20,14,18
104,22,1,1,6
104,31,2,5,3
104,30,3,2,6
104,4,4,16,4
104,11,5,4,16
104,18,6,3,16
104,8,7,19,1
104,42,8,7,3
104,15,9,10,4
104,14,10,6,1
104,41,11,11,7
104,17,12,9,19
104,44,13,20,7
104,32,14,13,19
104,21,15,8,15
104,13,16,12,15
104,2,17,14,17
104,45,18,17,17
104,47,19,15,18
104,46,20,18,18
109,4,1,3,4
109,15,2,5,4
109,30,3,6,6
109,14,4,18,1
109,22,5,2,6
109,2,6,8,15
109,8,7,1,1
109,31,8,12,3
109,18,9,7,16
109,44,10,17,7
109,43,11,11,7
109,35,12,20,16
109,49,13,9,15
109,21,14,19,17
109,42,15,14,19
109,17,16,16,19
109,23,17,4,3
109,50,18,13,18
109,51,19,15,18
109,52,20,10,17
1,18,1,1,23
1,22,2,2,23
1,20,3,13,9
1,9,4,14,2
1,3,5,6,3
1,10,6,4,7
1,13,7,16,6
1,15,8,3,7
1,8,9,15,6
1,17,10,12,9
1,2,11,10,2
1,4,12,5,4
1,6,13,18,3
1,5,14,19,1
1,1,15,20,1
1,67,16,7,5
1,12,17,17,4
1,21,18,11,10
1,16,19,9,10
1,7,20,8,5
2,18,1,1,23
2,15,2,4,7
2,20,3,15,9
2,22,4,5,23
2,10,5,3,7
2,3,6,8,3
2,17,7,6,9
2,9,8,19,2
2,8,9,14,6
2,4,10,11,4
2,2,11,2,2
2,6,12,12,3
2,1,13,7,1
2,5,14,20,1
2,7,15,10,5
2,13,16,9,6
2,12,17,13,4
2,21,18,18,10
2,16,19,17,10
2,67,20,16,5
3,20,1,1,9
3,4,2,9,4
3,17,3,2,9
3,22,4,4,23
3,18,5,3,23
3,15,6,20,7
3,3,7,15,3
3,8,8,10,6
3,1,9,6,1
3,67,10,8,5
3,2,11,12,2
3,5,12,5,1
3,13,13,19,6
3,10,14,7,7
3,6,15,18,3
3,7,16,11,5
3,12,17,16,4
3,9,18,13,2
3,16,19,17,10
3,21,20,14,10
4,15,1,3,7
4,10,2,7,7
4,20,3,2,9
4,18,4,1,23
4,1,5,4,1
4,22,6,5,23
4,4,7,8,4
4,13,8,14,6
4,3,9,9,3
4,8,10,6,6
4,5,11,12,1
4,6,12,20,3
4,9,13,18,2
4,2,14,19,2
4,12,15,10,4
4,16,16,16,10
4,67,17,17,5
4,21,18,15,10
4,17,19,11,9
4,7,20,13,5
5,18,1,1,23
5,20,2,4,9
5,22,3,2,23
5,13,4,6,6
5,17,5,3,9
5,10,6,10,7
5,15,7,17,7
5,4,8,5,4
5,3,9,8,3
5,9,10,11,2
5,6,11,13,3
5,12,12,12,4
5,2,13,7,2
5,1,14,9,1
5,67,15,18,5
5,8,16,15,6
5,7,17,19,5
5,5,18,16,1
5,16,19,20,10
5,21,20,14,10
6,18,1,1,23
6,8,2,3,6
6,22,3,2,23
6,20,4,18,9
6,13,5,4,6
6,3,6,6,3
6,5,7,16,1
6,17,8,5,9
6,4,9,7,4
6,6,10,15,3
6,67,11,20,5
6,12,12,19,4
6,21,13,9,10
6,7,14,8,5
6,16,15,14,10
6,1,16,12,1
6,2,17,11,2
6,9,18,17,2
6,15,19,13,7
6,10,20,10,7
7,20,1,3,9
7,18,2,1,23
7,22,3,19,23
7,17,4,2,9
7,15,5,4,7
7,8,6,9,6
7,13,7,6,6
7,4,8,10,4
7,3,9,5,3
7,9,10,7,2
7,2,11,11,2
7,6,12,12,3
7,10,13,8,7
7,5,14,14,1
7,16,15,17,10
7,1,16,13,1
7,12,17,16,4
7,67,18,15,5
7,21,19,20,10
7,7,20,18,5
8,20,1,1,9
8,22,2,3,23
8,17,3,2,9
8,15,4,7,7
8,6,5,11,3
8,18,6,6,23
8,3,7,5,3
8,10,8,9,7
8,8,9,8,6
8,4,10,14,4
8,13,11,4,6
8,9,12,13,2
8,5,13,20,1
8,12,14,12,4
8,2,15,15,2
8,21,16,10,10
8,7,17,19,5
8,16,18,17,10
8,1,19,16,1
8,67,20,18,5
9,17,1,1,9
9,22,2,6,23
9,18,3,5,23
9,20,4,2,9
9,1,5,18,1
9,5,6,8,1
9,16,7,15,10
9,13,8,3,6
9,8,9,19,6
9,12,10,13,4
9,2,11,10,2
9,4,12,7,4
9,6,13,12,3
9,15,14,17,7
9,3,15,4,3
9,9,16,14,2
9,67,17,16,5
9,21,18,11,10
9,10,19,9,7
9,7,20,20,5
10,4,1,18,4
10,20,2,17,9
10,17,3,3,9
10,1,4,1,1
10,3,5,4,3
10,5,6,5,1
10,8,7,2,6
10,18,8,7,23
10,6,9,9,3
10,13,10,20,6
10,67,11,16,5
10,15,12,8,7
10,22,13,10,23
10,10,14,6,7
10,12,15,12,4
10,2,16,11,2
10,21,17,14,10
10,16,18,19,10
10,9,19,13,2
10,153,20,15,5
11,1,1,2,1
11,5,2,4,1
11,22,3,1,23
11,20,4,20,9
11,18,5,7,23
11,8,6,3,6
11,3,7,5,3
11,4,8,6,4
11,17,9,9,9
11,9,10,8,2
11,2,11,11,2
11,16,12,10,10
11,10,13,14,7
11,154,14,15,4
11,67,15,19,5
11,21,16,12,10
11,6,17,18,3
11,15,18,13,7
11,153,19,16,5
11,69,20,17,6
12,21,1,2,10
12,15,2,16,7
12,2,3,5,2
12,22,4,7,23
12,9,5,4,2
12,8,6,1,6
12,10,7,10,7
12,20,8,3,9
12,17,9,9,9
12,3,10,8,3
12,16,11,11,10
12,1,12,19,1
12,4,13,15,4
12,18,14,17,23
12,5,15,6,1
12,67,16,12,5
12,153,17,20,5
12,6,18,13,3
12,154,19,18,4
12,69,20,14,6
13,1,1,12,1
13,16,2,4,10
13,8,3,3,6
13,5,4,6,1
13,22,5,1,23
13,18,6,2,23
13,24,7,17,10
13,4,8,5,4
13,20,9,8,9
13,17,10,20,9
13,15,11,14,7
13,154,12,15,4
13,9,13,19,2
13,21,14,9,6
13,2,15,7,2
13,10,16,11,7
13,6,17,10,3
13,3,18,16,3
13,67,19,13,5
13,153,20,18,5
14,1,1,1,1
14,20,2,4,9
14,3,3,11,3
14,17,4,17,9
14,22,5,6,23
14,4,6,3,4
14,10,7,2,7
14,2,8,19,2
14,9,9,8,2
14,5,10,7,1
14,6,11,9,3
14,18,12,5,23
14,8,13,10,6
14,67,14,16,5
14,15,15,12,7
14,16,16,18,10
14,153,17,15,5
14,21,18,13,6
14,154,19,20,4
14,24,20,14,10
15,20,1,1,9
15,15,2,2,7
15,1,3,3,1
15,16,4,13,10
15,22,5,7,23
15,2,6,6,2
15,18,7,8,23
15,8,8,4,6
15,5,9,11,1
15,67,10,19,5
15,3,11,5,3
15,4,12,10,4
15,9,13,9,2
15,10,14,20,7
15,153,15,18,5
15,21,16,12,6
15,6,17,15,3
15,154,18,16,4
15,24,19,14,10
15,17,20,17,9
16,22,1,8,23
16,17,2,1,9
16,16,3,18,10
16,15,4,19,7
16,8,5,6,6
16,67,6,7,5
16,3,7,16,3
16,9,8,2,2
16,6,9,15,3
16,4,10,20,4
16,155,11,10,7
16,153,12,14,5
16,154,13,13,4
16,18,14,5,23
16,24,15,12,10
16,20,16,4,9
16,5,17,9,1
16,1,18,3,1
16,2,19,17,2
16,21,20,11,6
17,1,1,19,1
17,20,2,1,9
17,17,3,2,9
17,22,4,4,23
17,18,5,3,23
17,15,6,7,7
17,9,7,10,2
17,2,8,5,2
17,3,9,9,3
17,67,10,8,5
17,8,11,12,6
17,155,12,6,7
17,5,13,11,1
17,6,14,13,3
17,153,15,20,5
17,4,16,14,4
17,24,17,15,10
17,16,18,17,10
17,154,19,18,4
17,21,20,16,6
337,20,1,4,9
337,13,2,2,6
337,4,3,1,6
337,1,4,3,1
337,3,5,5,131
337,17,6,8,9
337,30,7,6,131
337,18,8,7,1
337,9,9,11,4
337,16,10,12,10
337,22,11,10,3
337,24,12,9,10
337,807,13,14,3
337,37,14,18,15
337,67,15,16,5
337,155,16,22,15
337,808,17,21,4
337,153,18,13,5
337,10,19,20,166
337,15,20,17,205
337,5,21,15,205
337,810,22,23,166
337,811,23,19,164
337,812,24,24,164
338,20,1,17,9
338,17,2,9,9
338,4,3,4,6
338,18,4,1,1
338,13,5,3,6
338,3,6,5,131
338,30,7,10,131
338,22,8,8,3
338,9,9,2,4
338,16,10,18,10
338,1,11,6,1
338,67,12,21,5
338,24,13,7,10
338,37,14,12,15
338,807,15,22,3
338,155,16,23,15
338,153,17,11,5
338,808,18,19,4
338,5,19,13,205
338,15,20,24,205
338,10,21,15,166
338,810,22,16,166
338,811,23,20,164
338,812,24,14,164
339,17,1,2,9
339,3,2,3,131
339,20,3,1,9
339,16,4,5,10
339,807,5,10,3
339,9,6,4,4
339,22,7,12,3
339,30,8,21,131
339,155,9,22,15
339,24,10,20,10
339,808,11,19,4
339,37,12,24,15
339,67,13,11,5
339,153,14,9,5
339,5,15,18,205
339,10,16,23,166
339,18,17,8,1
339,15,18,17,205
339,4,19,13,6
339,1,20,6,1
339,13,21,7,6
339,812,22,15,164
339,811,23,16,164
339,810,24,14,166
340,20,1,6,9
340,17,2,8,9
340,4,3,4,6
340,3,4,3,131
340,18,5,1,1
340,1,6,2,1
340,13,7,9,6
340,9,8,5,4
340,30,9,10,131
340,16,10,11,10
340,22,11,12,3
340,153,12,13,5
340,67,13,21,5
340,808,14,7,4
340,155,15,22,15
340,807,16,15,3
340,37,17,20,15
340,24,18,23,10
340,10,19,24,166
340,15,20,18,205
340,5,21,14,205
340,810,22,19,166
340,811,23,16,164
340,812,24,17,164
341,17,1,1,9
341,20,2,3,9
341,1,3,14,1
341,4,4,2,6
341,18,5,5,1
341,30,6,4,131
341,9,7,8,4
341,3,8,13,131
341,13,9,6,6
341,155,10,12,15
341,16,11,7,10
341,37,12,22,15
341,807,13,16,3
341,808,14,11,4
341,67,15,20,5
341,153,16,10,5
341,24,17,15,10
341,22,18,9,3
341,15,19,17,205
341,5,20,24,205
341,10,21,18,166
341,810,22,19,166
341,812,23,21,164
341,811,24,23,164
342,17,1,1,9
342,9,2,3,4
342,20,3,2,9
342,13,4,4,6
342,1,5,5,1
342,3,6,7,131
342,30,7,12,131
342,18,8,23,1
342,22,9,18,3
342,24,10,9,10
342,807,11,24,3
342,16,12,8,10
342,67,13,10,5
342,808,14,13,4
342,37,15,22,15
342,155,16,19,15
342,153,17,11,5
342,5,18,16,205
342,15,19,15,205
342,10,20,21,166
342,810,21,20,166
342,811,22,17,164
342,812,23,14,164
342,4,24,6,6
343,17,1,3,9
343,1,2,1,1
343,20,3,22,9
343,18,4,2,1
343,30,5,4,131
343,3,6,5,131
343,9,7,6,4
343,13,8,7,6
343,808,9,15,4
343,155,10,10,15
343,16,11,9,10
343,4,12,8,6
343,37,13,11,15
343,67,14,16,5
343,22,15,14,3
343,153,16,12,5
343,807,17,17,3
343,24,18,13,10
343,15,19,24,205
343,5,20,23,205
343,10,21,18,166
343,811,22,21,164
343,810,23,19,166
343,812,24,20,164
344,1,1,1,1
344,17,2,5,9
344,20,3,4,9
344,4,4,3,6
344,18,5,2,1
344,24,6,9,10
344,13,7,15,6
344,9,8,7,4
344,16,9,10,10
344,3,10,6,131
344,22,11,14,3
344,807,12,13,3
344,30,13,11,131
344,808,14,17,4
344,67,15,8,5
344,153,16,12,5
344,37,17,22,15
344,155,18,24,15
344,5,19,16,205
344,15,20,21,205
344,10,21,20,166
344,811,22,23,164
344,810,23,19,166
344,812,24,18,164
345,20,1,1,9
345,17,2,24,9
345,1,3,2,1
345,4,4,8,6
345,13,5,11,6
345,9,6,5,4
345,18,7,3,1
345,807,8,22,3
345,22,9,4,3
345,808,10,14,4
345,67,11,9,5
345,3,12,10,131
345,16,13,6,10
345,24,14,16,10
345,30,15,15,131
345,37,16,12,15
345,153,17,13,5
345,155,18,7,15
345,15,19,21,205
345,5,20,23,205
345,810,21,17,166
345,10,22,19,166
345,812,23,18,164
345,811,24,20,164
346,20,1,7,9
346,17,2,1,9
346,4,3,14,6
346,1,4,2,1
346,3,5,3,131
346,9,6,23,4
346,13,7,15,6
346,22,8,5,3
346,37,9,22,15
346,30,10,9,131
346,16,11,8,10
346,155,12,6,15
346,807,13,10,3
346,18,14,4,1
346,24,15,11,10
346,808,16,13,4
346,67,17,12,5
346,153,18,21,5
346,5,19,17,205
346,10,20,18,166
346,15,21,16,205
346,810,22,24,166
346,812,23,19,164
346,29,24,20,164
347,20,1,3,9
347,4,2,1,6
347,13,3,2,6
347,17,4,6,9
347,18,5,5,1
347,1,6,4,1
347,9,7,7,4
347,22,8,12,3
347,3,9,8,131
347,807,10,13,3
347,30,11,9,131
347,155,12,11,15
347,808,13,10,4
347,16,14,17,10
347,37,15,14,15
347,153,16,15,5
347,67,17,24,5
347,15,18,23,205
347,5,19,20,205
347,10,20,18,166
347,811,21,19,164
347,24,22,16,10
347,29,23,22,164
347,810,24,21,166
348,20,1,3,9
348,17,2,1,9
348,4,3,2,6
348,13,4,4,6
348,1,5,20,1
348,3,6,22,131
348,808,7,5,4
348,9,8,21,4
348,37,9,7,15
348,807,10,6,3
348,18,11,8,1
348,22,12,10,3
348,16,13,23,10
348,30,14,11,131
348,67,15,12,5
348,24,16,13,10
348,153,17,24,5
348,155,18,9,15
348,10,19,16,166
348,5,20,14,205
348,15,21,15,205
348,810,22,18,166
348,811,23,17,164
348,29,24,19,164
349,17,1,2,9
349,1,2,1,1
349,9,3,3,4
349,20,4,15,9
349,18,5,22,1
349,13,6,4,6
349,22,7,24,3
349,16,8,5,10
349,807,9,14,3
349,4,10,21,6
349,30,11,7,131
349,3,12,6,131
349,153,13,13,5
349,24,14,10,10
349,67,15,12,5
349,5,16,16,205
349,10,17,18,166
349,15,18,19,205
349,155,19,8,15
349,811,20,23,164
349,29,21,20,164
349,37,22,11,15
349,810,23,17,166
349,808,24,9,4
350,4,1,1,6
350,18,2,2,1
350,13,3,3,6
350,17,4,6,9
350,1,5,23,1
350,20,6,4,9
350,3,7,5,131
350,807,8,7,3
350,9,9,8,4
350,22,10,10,3
350,16,11,16,10
350,30,12,9,131
350,155,13,24,15
350,67,14,11,5
350,808,15,13,4
350,153,16,15,5
350,37,17,14,15
350,15,18,21,205
350,5,19,18,205
350,24,20,12,10
350,10,21,17,166
350,810,22,20,166
350,811,23,22,164
350,29,24,19,164
351,4,1,1,6
351,20,2,2,9
351,1,3,19,1
351,18,4,4,1
351,17,5,3,9
351,22,6,6,3
351,3,7,5,131
351,9,8,7,4
351,30,9,13,131
351,155,10,21,15
351,153,11,12,5
351,807,12,10,3
351,808,13,11,4
351,67,14,14,5
351,2,15,18,15
351,16,16,9,10
351,24,17,24,10
351,10,18,17,166
351,5,19,16,205
351,810,20,15,166
351,15,21,23,205
351,32,22,20,164
351,811,23,22,164
351,13,24,8,6
352,20,1,1,9
352,17,2,2,9
352,1,3,5,1
352,9,4,19,4
352,4,5,3,6
352,18,6,4,1
352,3,7,17,131
352,22,8,9,3
352,807,9,20,3
352,30,10,6,131
352,2,11,8,15
352,13,12,21,6
352,808,13,22,4
352,155,14,7,15
352,16,15,18,10
352,153,16,11,5
352,24,17,23,10
352,67,18,10,5
352,15,19,13,205
352,5,20,12,205
352,810,21,24,166
352,10,22,14,166
352,811,23,15,164
352,29,24,16,164
353,20,1,17,9
353,17,2,23,9
353,4,3,1,6
353,1,4,2,1
353,3,5,24,131
353,13,6,3,6
353,18,7,12,1
353,9,8,5,4
353,30,9,4,131
353,22,10,7,3
353,807,11,10,3
353,155,12,8,15
353,2,13,9,15
353,16,14,16,10
353,808,15,18,4
353,153,16,11,5
353,67,17,20,5
353,24,18,6,10
353,15,19,22,205
353,10,20,19,166
353,5,21,13,205
353,810,22,21,166
353,29,23,15,164
353,811,24,14,164
354,807,1,8,3
354,20,2,1,9
354,17,3,2,9
354,1,4,4,1
354,4,5,3,6
354,22,6,14,3
354,9,7,9,4
354,30,8,7,131
354,13,9,15,6
354,808,10,16,4
354,18,11,5,1
354,155,12,10,15
354,3,13,6,131
354,153,14,11,5
354,67,15,13,5
354,2,16,17,15
354,24,17,24,10
354,16,18,12,10
354,10,19,20,166
354,15,20,19,205
354,5,21,18,205
354,810,22,23,166
354,32,23,22,164
354,811,24,21,164
355,20,1,1,9
355,1,2,2,1
355,4,3,7,6
355,18,4,3,1
355,17,5,8,9
355,13,6,10,6
355,22,7,12,3
355,30,8,23,131
355,3,9,4,131
355,808,10,6,4
355,9,11,5,4
355,155,12,14,15
355,16,13,13,10
355,2,14,11,15
355,807,15,16,3
355,24,16,24,10
355,153,17,9,5
355,67,18,15,5
355,15,19,21,205
355,5,20,17,205
355,10,21,22,166
355,810,22,18,166
355,811,23,19,164
355,32,24,20,164
108,30,1,4,6
108,22,2,20,6
108,31,3,2,3
108,49,4,6,15
108,44,5,14,7
108,35,6,9,16
108,2,7,15,15
108,18,8,10,16
108,23,9,8,3
108,4,10,7,4
108,14,11,1,1
108,15,12,5,4
108,21,13,12,17
108,17,14,17,19
108,8,15,3,1
108,43,16,18,7
108,52,17,19,17
108,42,18,13,19
108,51,19,16,18
108,50,20,11,18
110,22,1,11,6
110,14,2,4,1
110,17,3,9,19
110,8,4,2,1
110,15,5,8,4
110,23,6,7,3
110,30,7,14,6
110,21,8,1,17
110,31,9,15,3
110,4,10,3,4
110,18,11,12,16
110,2,12,20,15
110,35,13,6,16
110,49,14,5,15
110,44,15,17,7
110,52,16,18,17
110,42,17,16,19
110,43,18,10,7
110,50,19,13,18
110,51,20,19,18
111,30,1,1,6
111,23,2,4,3
111,22,3,3,6
111,31,4,7,3
111,17,5,16,19
111,8,6,2,1
111,35,7,20,16
111,4,8,6,4
111,18,9,8,16
111,44,10,9,7
111,2,11,10,15
111,14,12,5,1
111,43,13,12,7
111,49,14,11,15
111,42,15,14,19
111,15,16,13,4
111,21,17,15,17
111,51,18,19,18
111,52,19,17,17
111,50,20,18,18
112,30,1,1,6
112,22,2,3,6
112,4,3,2,4
112,15,4,18,4
112,18,5,9,16
112,44,6,14,7
112,23,7,5,3
112,14,8,16,1
112,31,9,4,3
112,49,10,15,15
112,35,11,17,16
112,17,12,7,19
112,43,13,6,7
112,2,14,10,15
112,52,15,8,17
112,42,16,19,19
112,21,17,13,17
112,51,18,11,18
112,50,19,12,18
112,8,20,20,1
113,30,1,1,6
113,8,2,2,1
113,31,3,17,3
113,2,4,15,15
113,22,5,3,6
113,15,6,8,4
113,18,7,4,16
113,42,8,9,19
113,21,9,14,17
113,23,10,6,3
113,44,11,18,7
113,35,12,12,16
113,43,13,10,7
113,14,14,5,1
113,49,15,20,15
113,52,16,11,17
113,17,17,7,19
113,51,18,13,18
113,4,19,16,4
113,50,20,19,18
114,23,1,4,3
114,8,2,2,1
114,31,3,1,3
114,15,4,6,4
114,30,5,3,6
114,14,6,7,1
114,22,7,8,6
114,4,8,5,4
114,17,9,17,19
114,43,10,9,7
114,35,11,14,16
114,21,12,10,17
114,42,13,18,19
114,2,14,11,15
114,49,15,19,15
114,52,16,12,17
114,44,17,13,7
114,50,18,16,18
114,51,19,15,18
115,23,1,2,3
115,31,2,3,3
115,30,3,1,6
115,4,4,4,4
115,22,5,5,6
115,17,6,7,19
115,44,7,8,7
115,15,8,16,4
115,43,9,11,7
115,49,10,20,15
115,14,11,14,1
115,2,12,15,15
115,42,13,10,19
115,35,14,19,16
115,50,15,9,18
115,21,16,17,17
115,18,17,13,16
115,51,18,12,18
115,52,19,18,17
115,8,20,6,1
116,8,1,20,1
116,30,2,5,6
116,23,3,1,3
116,31,4,2,3
116,22,5,3,6
116,15,6,18,4
116,44,7,19,7
116,4,8,4,4
116,14,9,15,1
116,43,10,16,7
116,17,11,6,19
116,18,12,7,16
116,21,13,12,17
116,52,14,11,17
116,49,15,9,15
116,42,16,10,19
116,35,17,17,16
116,50,18,14,18
116,51,19,13,18
116,2,20,8,15
117,23,1,1,3
117,31,2,2,3
117,30,3,3,6
117,8,4,4,1
117,14,5,5,1
117,15,6,17,4
117,4,7,18,4
117,22,8,7,6
117,17,9,6,19
117,44,10,8,7
117,42,11,10,19
117,35,12,9,16
117,43,13,11,7
117,18,14,20,16
117,2,15,13,15
117,49,16,12,15
117,21,17,19,17
117,52,18,15,17
117,50,19,16,18
117,51,20,14,18
118,22,1,1,6
118,15,2,6,4
118,8,3,3,1
118,23,4,9,3
118,30,5,4,6
118,43,6,7,7
118,31,7,2,3
118,4,8,18,4
118,35,9,10,16
118,42,10,20,19
118,17,11,14,19
118,14,12,5,1
118,44,13,11,7
118,49,14,12,15
118,21,15,19,17
118,2,16,17,15
118,52,17,13,17
118,51,18,16,18
118,50,19,15,18
118,18,20,8,16
119,31,1,1,3
119,23,2,16,3
119,22,3,18,6
119,15,4,3,4
119,8,5,19,1
119,30,6,7,6
119,44,7,5,7
119,4,8,4,4
119,43,9,6,7
119,14,10,2,1
119,17,11,11,19
119,21,12,13,17
119,35,13,9,16
119,49,14,17,15
119,2,15,10,15
119,51,16,15,19
119,18,17,8,16
119,52,18,20,17
119,50,19,14,18
119,53,20,12,18
120,4,1,1,4
120,23,2,4,3
120,17,3,6,19
120,31,4,3,3
120,22,5,19,6
120,15,6,7,4
120,8,7,2,1
120,30,8,8,6
120,14,9,5,1
120,44,10,17,7
120,2,11,9,15
120,51,12,15,19
120,21,13,18,17
120,18,14,10,16
120,43,15,11,7
120,35,16,20,16
120,49,17,14,15
120,50,18,12,18
120,47,19,16,17
120,53,20,13,18
121,30,1,1,6
121,31,2,2,3
121,22,3,3,6
121,8,4,4,1
121,48,5,5,3
121,15,6,20,4
121,18,7,17,16
121,14,8,14,1
121,44,9,15,7
121,35,10,6,16
121,17,11,7,19
121,43,12,18,7
121,21,13,10,17
121,49,14,13,15
121,51,15,19,19
121,2,16,9,15
121,50,17,16,18
121,47,18,11,17
121,53,19,12,18
121,4,20,8,4
122,8,1,2,1
122,22,2,20,6
122,44,3,17,7
122,31,4,6,3
122,23,5,19,3
122,4,6,15,4
122,30,7,1,6
122,14,8,14,1
122,43,9,9,7
122,15,10,4,4
122,18,11,16,16
122,35,12,12,16
122,2,13,5,15
122,17,14,18,19
122,49,15,3,15
122,51,16,8,19
122,21,17,7,17
122,52,18,13,17
122,50,19,10,18
122,53,20,11,18
123,22,1,1,6
123,31,2,20,3
123,43,3,7,7
123,44,4,10,7
123,4,5,18,4
123,17,6,11,19
123,14,7,3,1
123,8,8,2,1
123,18,9,4,16
123,51,10,13,19
123,2,11,9,15
123,49,12,19,15
123,11,13,6,16
123,30,14,8,6
123,52,15,14,17
123,21,16,17,17
123,50,17,15,18
123,53,18,16,18
123,23,19,12,3
123,15,20,5,4
90,30,1,1,6
90,22,2,2,6
90,31,3,5,3
90,18,4,6,16
90,4,5,3,4
90,17,6,18,19
90,11,7,9,16
90,23,8,4,3
90,15,9,7,4
90,8,10,20,1
90,13,11,15,15
90,14,12,8,1
90,43,13,12,7
90,21,14,10,15
90,2,15,16,17
90,45,16,14,17
90,47,17,19,18
90,44,18,13,7
90,32,19,11,19
90,46,20,17,18
91,30,1,1,6
91,17,2,20,19
91,22,3,4,6
91,31,4,2,3
91,8,5,17,1
91,18,6,3,16
91,23,7,19,3
91,15,8,5,4
91,14,9,6,1
91,43,10,9,7
91,13,11,8,15
91,21,12,11,15
91,32,13,10,19
91,44,14,12,7
91,2,15,18,17
91,46,16,14,18
91,47,17,16,18
91,45,18,13,17
91,4,19,7,4
91,11,20,15,16
92,30,1,1,6
92,22,2,2,6
92,31,3,13,3
92,23,4,7,3
92,11,5,5,16
92,18,6,3,16
92,15,7,4,4
92,44,8,9,7
92,43,9,10,7
92,14,10,18,1
92,21,11,11,15
92,32,12,14,19
92,13,13,12,15
92,17,14,8,19
92,2,15,15,17
92,45,16,16,17
92,4,17,6,4
92,46,18,17,18
92,47,19,19,18
92,8,20,20,1
93,18,1,2,16
93,30,2,1,6
93,31,3,3,3
93,22,4,6,6
93,23,5,7,3
93,4,6,4,4
93,11,7,16,16
93,17,8,13,19
93,15,9,5,4
93,43,10,18,7
93,14,11,12,1
93,13,12,10,15
93,44,13,11,7
93,32,14,14,19
93,45,15,20,17
93,2,16,17,17
93,46,17,19,18
93,47,18,15,18
93,21,19,9,15
93,8,20,8,1
94,30,1,1,6
94,31,2,15,3
94,11,3,5,16
94,15,4,3,4
94,22,5,2,6
94,23,6,6,3
94,44,7,17,7
94,4,8,4,4
94,17,9,12,19
94,14,10,10,1
94,43,11,13,7
94,21,12,7,15
94,8,13,11,1
94,18,14,8,16
94,2,15,18,17
94,32,16,16,19
94,13,17,9,15
94,46,18,19,18
94,45,19,14,17
94,47,20,20,18
95,15,1,1,4
95,23,2,10,3
95,18,3,2,16
95,4,4,12,4
95,30,5,11,6
95,8,6,13,1
95,22,7,3,6
95,11,8,17,16
95,14,9,18,1
95,31,10,4,3
95,21,11,19,15
95,17,12,16,19
95,44,13,8,7
95,32,14,20,19
95,43,15,6,7
95,13,16,5,15
95,2,17,7,17
95,45,18,15,17
95,47,19,9,18
95,46,20,14,18
96,30,1,1,6
96,11,2,16,16
96,15,3,4,4
96,8,4,18,1
96,18,5,3,16
96,4,6,5,4
96,22,7,2,6
96,31,8,8,3
96,23,9,19,3
96,44,10,11,7
96,43,11,20,7
96,32,12,12,19
96,2,13,10,17
96,17,14,7,19
96,45,15,13,17
96,13,16,9,15
96,47,17,15,18
96,14,18,17,1
96,21,19,6,15
96,46,20,14,18
97,23,1,17,3
97,18,2,3,16
97,15,3,16,4
97,31,4,18,3
97,4,5,13,4
97,30,6,1,6
97,22,7,2,6
97,8,8,5,1
97,14,9,6,1
97,32,10,9,19
97,21,11,4,15
97,43,12,19,7
97,44,13,20,7
97,17,14,15,19
97,2,15,8,17
97,10,16,7,17
97,11,17,12,16
97,47,18,10,18
97,13,19,11,15
97,46,20,14,18
98,22,1,2,6
98,30,2,1,6
98,11,3,3,16
98,18,4,13,16
98,31,5,11,3
98,23,6,15,3
98,8,7,6,1
98,44,8,5,7
98,4,9,16,4
98,17,10,10,19
98,43,11,14,7
98,14,12,7,1
98,32,13,17,19
98,21,14,9,15
98,13,15,18,15
98,2,16,12,17
98,45,17,19,17
98,46,18,20,18
98,47,19,8,18
98,15,20,4,4
99,4,1,2,4
99,30,2,1,6
99,14,3,6,1
99,18,4,5,16
99,15,5,4,4
99,31,6,8,3
99,11,7,20,16
99,48,8,10,3
99,8,9,7,1
99,22,10,3,6
99,43,11,14,7
99,17,12,9,19
99,32,13,11,19
99,44,14,15,7
99,21,15,12,15
99,13,16,13,15
99,2,17,16,17
99,45,18,17,17
99,46,19,18,18
99,47,20,19,18
100,8,1,2,1
100,22,2,3,6
100,18,3,4,16
100,30,4,1,6
100,15,5,18,4
100,4,6,10,4
100,14,7,7,1
100,31,8,5,3
100,11,9,11,16
100,17,10,8,19
100,13,11,9,15
100,44,12,20,7
100,48,13,12,3
100,43,14,13,7
100,32,15,14,19
100,45,16,17,17
100,2,17,15,17
100,46,18,16,18
100,47,19,19,18
100,21,20,6,15
101,30,1,1,6
101,31,2,5,3
101,18,3,2,16
101,8,4,20,1
101,14,5,4,1
101,4,6,3,4
101,15,7,11,4
101,22,8,12,6
101,11,9,8,16
101,44,10,14,7
101,42,11,7,3
101,17,12,6,19
101,32,13,10,19
101,21,14,9,15
101,43,15,19,7
101,13,16,13,15
101,45,17,15,17
101,2,18,18,17
101,46,19,17,18
101,47,20,16,18
102,30,1,1,6
102,22,2,2,6
102,11,3,6,16
102,18,4,5,16
102,4,5,3,4
102,42,6,7,3
102,31,7,4,3
102,21,8,8,15
102,15,9,17,4
102,8,10,20,1
102,17,11,10,19
102,14,12,9,1
102,44,13,11,7
102,32,14,13,19
102,41,15,18,7
102,2,16,12,17
102,45,17,16,17
102,47,18,15,18
102,46,19,14,18
102,13,20,19,15
103,15,1,9,4
103,30,2,2,6
103,4,3,16,4
103,14,4,7,1
103,21,5,5,15
103,22,6,3,6
103,17,7,17,19
103,13,8,4,15
103,44,9,8,7
103,8,10,1,1
103,31,11,12,3
103,18,12,14,16
103,32,13,6,19
103,42,14,13,3
103,11,15,18,16
103,2,16,11,17
103,46,17,19,18
103,47,18,15,18
103,45,19,20,17
103,41,20,10,7
105,22,1,1,6
105,8,2,3,1
105,18,3,2,16
105,13,4,8,15
105,23,5,18,3
105,4,6,4,4
105,21,7,7,15
105,44,8,14,7
105,11,9,6,16
105,14,10,9,1
105,31,11,5,3
105,17,12,10,19
105,35,13,11,4
105,41,14,19,7
105,2,15,13,17
105,32,16,20,19
105,10,17,15,17
105,47,18,16,18
105,46,19,17,18
105,30,20,12,6
106,30,1,1,6
106,23,2,2,3
106,17,3,20,19
106,11,4,4,16
106,18,5,3,16
106,15,6,11,7
106,21,7,8,15
106,14,8,18,1
106,35,9,10,4
106,44,10,14,7
106,4,11,5,4
106,8,12,6,1
106,31,13,7,3
106,32,14,12,19
106,22,15,19,6
106,2,16,13,17
106,10,17,15,17
106,46,18,16,18
106,47,19,17,18
106,13,20,9,15
107,22,1,3,6
107,31,2,1,3
107,8,3,2,1
107,13,4,8,15
107,18,5,20,16
107,11,6,6,16
107,23,7,5,3
107,30,8,7,6
107,4,9,4,4
107,15,10,12,7
107,21,11,9,15
107,17,12,18,19
107,14,13,11,1
107,35,14,10,4
107,41,15,13,7
107,32,16,14,19
107,2,17,19,17
107,10,18,15,17
107,47,19,16,18
107,46,20,17,18
71,21,1,1,4
71,15,2,9,7
71,17,3,5,3
71,35,4,13,15
71,14,5,4,9
71,32,6,7,9
71,2,7,19,3
71,18,8,11,16
71,31,9,6,1
71,8,10,8,1
71,22,11,2,6
71,39,12,15,17
71,4,13,3,4
71,33,14,16,17
71,23,15,12,7
71,40,16,17,18
71,27,17,20,18
71,30,18,18,6
71,11,19,14,16
71,13,20,10,15
72,4,1,1,4
72,15,2,2,7
72,21,3,15,4
72,17,4,16,3
72,23,5,5,7
72,8,6,9,1
72,32,7,8,9
72,14,8,6,9
72,18,9,18,16
72,2,10,3,3
72,31,11,4,1
72,22,12,14,6
72,30,13,7,6
72,13,14,10,15
72,19,15,19,16
72,35,16,17,15
72,39,17,11,17
72,33,18,12,17
72,40,19,20,18
72,27,20,13,18
73,4,1,1,4
73,30,2,17,6
73,15,3,2,7
73,2,4,16,3
73,17,5,6,3
73,23,6,4,7
73,32,7,20,9
73,37,8,5,1
73,8,9,3,1
73,21,10,18,4
73,18,11,14,16
73,13,12,7,15
73,11,13,15,16
73,14,14,8,9
73,22,15,9,6
73,35,16,11,15
73,33,17,10,17
73,39,18,19,17
73,27,19,13,18
73,40,20,12,18
74,8,1,16,1
74,4,2,1,4
74,18,3,19,16
74,17,4,7,3
74,15,5,5,7
74,11,6,20,16
74,25,7,3,1
74,13,8,10,15
74,2,9,6,3
74,22,10,15,6
74,23,11,9,7
74,35,12,4,15
74,21,13,18,4
74,30,14,2,6
74,14,15,11,9
74,24,16,8,9
74,39,17,12,17
74,33,18,13,17
74,40,19,17,18
74,27,20,14,18
75,8,1,1,1
75,17,2,6,3
75,4,3,2,4
75,23,4,4,7
75,15,5,3,7
75,21,6,5,4
75,31,7,7,1
75,30,8,15,6
75,14,9,8,9
75,13,10,11,15
75,24,11,18,9
75,35,12,14,15
75,39,13,13,17
75,33,14,12,17
75,27,15,16,18
75,40,16,17,18
75,2,17,10,3
75,22,18,9,6
76,8,1,1,1
76,4,2,4,4
76,17,3,3,3
76,21,4,12,4
76,15,5,10,7
76,2,6,2,3
76,14,7,17,9
76,30,8,7,6
76,35,9,11,15
76,22,10,8,6
76,13,11,9,15
76,24,12,15,9
76,40,13,16,18
76,27,14,14,18
76,33,15,13,17
76,31,16,5,1
76,39,17,18,17
76,23,18,6,7
841,20,1,1,9
841,1,2,2,1
841,17,3,5,9
841,18,4,6,1
841,4,5,4,6
841,808,6,3,4
841,3,7,17,131
841,13,8,7,6
841,155,9,21,15
841,67,10,8,5
841,30,11,19,131
841,153,12,11,5
841,815,13,22,15
841,814,14,10,10
841,813,15,20,3
841,16,16,9,10
841,22,17,16,3
841,2,18,12,4
841,5,19,18,205
841,15,20,13,205
841,10,21,15,166
841,816,22,14,166
842,20,1,1,9
841,24,23,23,164
841,39,24,24,164
842,1,2,8,1
842,17,3,4,9
842,18,4,2,1
842,4,5,6,6
842,2,6,3,4
842,13,7,5,6
842,808,8,17,4
842,3,9,12,131
842,155,10,7,15
842,30,11,9,131
842,67,12,13,5
842,153,13,14,5
842,814,14,10,10
842,22,15,22,3
842,815,16,21,15
842,16,17,11,10
842,813,18,24,3
842,5,19,15,205
842,15,20,20,205
842,10,21,16,166
842,816,22,19,166
842,24,23,18,164
842,39,24,23,164
843,20,1,2,9
843,18,2,4,1
843,1,3,1,1
843,3,4,5,131
843,4,5,7,6
843,13,6,6,6
843,153,7,24,5
843,814,8,11,10
843,67,9,14,5
843,808,10,9,4
843,16,11,15,10
843,815,12,17,15
843,155,13,10,15
843,30,14,8,131
843,22,15,13,3
843,2,16,12,4
843,813,17,18,3
843,17,18,3,9
843,5,19,16,205
843,15,20,19,205
843,816,21,20,166
843,10,22,21,166
843,24,23,22,164
843,39,24,23,164
844,20,1,1,9
844,17,2,2,9
844,3,3,5,131
844,1,4,4,1
844,4,5,3,6
844,18,6,6,1
844,808,7,8,4
844,30,8,12,131
844,2,9,7,4
844,13,10,11,6
844,22,11,15,3
844,16,12,13,10
844,814,13,23,10
844,813,14,17,3
844,815,15,14,15
844,67,16,9,5
844,153,17,16,5
844,5,18,19,205
844,15,19,18,205
844,816,20,20,166
844,24,21,22,164
844,10,22,24,166
844,39,23,21,164
845,17,1,4,9
845,20,2,1,9
845,1,3,2,1
845,4,4,5,6
845,18,5,3,1
845,808,6,11,4
845,3,7,7,131
845,13,8,22,6
845,813,9,15,3
845,30,10,6,131
845,67,11,14,5
845,815,12,9,15
845,153,13,16,5
845,155,14,10,15
845,5,15,23,205
845,814,16,12,10
845,16,17,13,10
845,15,18,18,205
845,22,19,17,3
845,10,20,19,166
845,24,21,24,164
845,39,22,21,164
845,816,23,20,166
846,20,1,1,9
846,18,2,3,1
846,17,3,4,9
846,4,4,2,6
846,30,5,22,131
846,13,6,21,6
846,1,7,6,1
846,3,8,11,131
846,813,9,18,3
846,815,10,24,15
846,808,11,19,4
846,22,12,9,3
846,155,13,5,15
846,814,14,12,10
846,16,15,7,10
846,2,16,8,4
846,67,17,10,5
846,5,18,14,205
846,15,19,13,205
846,153,20,20,5
846,10,21,23,166
846,816,22,15,166
846,39,23,17,164
846,24,24,16,164
847,20,1,2,9
847,4,2,22,6
847,13,3,6,6
847,17,4,3,9
847,1,5,24,1
847,3,6,11,131
847,18,7,1,1
847,30,8,4,131
847,2,9,20,4
847,808,10,5,4
847,814,11,18,10
847,813,12,19,3
847,155,13,7,15
847,16,14,21,10
847,67,15,10,5
847,22,16,9,3
847,37,17,12,15
847,153,18,8,5
847,15,19,17,205
847,5,20,23,205
847,24,21,13,164
847,10,22,16,166
847,39,23,14,164
847,816,24,15,166
848,20,1,1,9
848,17,2,3,9
848,1,3,4,1
848,4,4,2,6
848,13,5,5,6
848,18,6,6,1
848,3,7,7,131
848,30,8,17,131
848,2,9,10,4
848,16,10,9,10
848,808,11,15,4
848,814,12,14,10
848,22,13,12,3
848,155,14,16,15
848,813,15,18,3
848,815,16,11,15
848,67,17,13,5
848,153,18,8,5
848,5,19,19,205
848,15,20,20,205
848,10,21,21,166
848,24,22,23,164
848,816,23,22,166
848,39,24,24,164
849,17,1,3,9
849,20,2,2,9
849,4,3,1,6
849,13,4,5,6
849,18,5,20,1
849,814,6,15,10
849,813,7,14,3
849,155,8,22,15
849,3,9,6,131
849,1,10,4,1
849,16,11,11,10
849,815,12,7,15
849,30,13,9,131
849,808,14,12,4
849,22,15,13,3
849,2,16,8,4
849,5,17,24,205
849,153,18,10,5
849,67,19,21,5
849,10,20,16,166
849,15,21,23,205
849,816,22,17,166
849,24,23,18,164
849,817,24,19,164
850,17,1,3,9
850,1,2,1,1
850,20,3,4,9
850,4,4,2,6
850,13,5,5,6
850,3,6,7,131
850,18,7,22,1
850,16,8,6,10
850,808,9,10,4
850,30,10,8,131
850,2,11,24,4
850,814,12,13,10
850,813,13,14,3
850,22,14,23,3
850,815,15,11,15
850,67,16,15,5
850,153,17,12,5
850,155,18,9,15
850,5,19,16,205
850,10,20,17,166
850,812,21,20,205
850,816,22,18,166
850,24,23,21,164
850,817,24,19,164
851,20,1,2,9
851,1,2,4,1
851,18,3,1,1
851,13,4,6,6
851,4,5,3,6
851,17,6,5,9
851,3,7,9,131
851,16,8,14,10
851,30,9,22,131
851,815,10,15,15
851,814,11,7,10
851,808,12,12,4
851,155,13,11,15
851,2,14,23,4
851,22,15,13,3
851,153,16,10,5
851,813,17,16,3
851,67,18,8,5
851,5,19,21,205
851,15,20,24,205
851,10,21,17,166
851,24,22,20,164
851,817,23,18,164
851,816,24,19,166
852,20,1,1,9
852,1,2,22,1
852,17,3,2,9
852,13,4,8,6
852,3,5,6,131
852,153,6,24,5
852,811,7,13,4
852,4,8,4,6
852,815,9,20,15
852,808,10,9,4
852,67,11,23,5
852,155,12,12,15
852,18,13,3,1
852,22,14,16,3
852,16,15,7,10
852,813,16,10,3
852,5,17,15,205
852,814,18,11,10
852,15,19,14,205
852,10,20,18,166
852,816,21,17,166
852,24,22,19,164
852,817,23,21,164
854,20,1,1,9
854,17,2,3,9
854,18,3,2,1
854,1,4,5,1
854,4,5,4,6
854,13,6,9,6
854,3,7,7,131
854,30,8,23,131
854,16,9,8,10
854,814,10,6,10
854,815,11,10,15
854,22,12,13,3
854,813,13,11,3
854,67,14,12,5
854,811,15,15,4
854,153,16,21,5
854,155,17,14,15
854,808,18,17,4
854,5,19,16,205
854,15,20,22,205
854,10,21,24,166
854,816,22,18,166
854,817,23,19,164
854,24,24,20,164
855,20,1,3,9
855,18,2,1,1
855,1,3,5,1
855,13,4,7,6
855,4,5,2,6
855,17,6,4,9
855,155,10,13,15
855,30,7,6,131
855,811,8,16,4
855,808,9,9,4
855,16,11,11,10
855,814,12,12,10
855,22,13,17,3
855,813,14,14,3
855,67,15,24,5
855,153,16,15,5
855,815,17,8,15
855,5,18,18,205
855,15,19,19,205
855,816,20,21,166
855,10,21,20,166
855,817,22,22,164
855,3,23,10,131
855,24,24,23,164
856,1,1,2,1
856,20,2,1,9
856,18,3,4,1
856,17,4,3,9
856,13,5,6,6
856,4,6,5,6
856,3,7,8,131
856,808,8,23,4
856,814,9,10,10
856,16,10,11,10
856,153,11,7,5
856,30,12,24,131
856,67,13,9,5
856,155,14,15,15
856,811,15,13,4
856,813,16,22,3
856,815,17,16,15
856,22,18,12,3
856,5,19,14,205
856,15,20,17,205
856,10,21,18,166
856,816,22,20,166
856,24,23,21,164
856,817,24,19,164
857,20,1,1,9
857,1,2,7,1
857,17,3,4,9
857,4,4,3,6
857,18,5,2,1
857,13,6,20,6
857,3,7,6,131
857,16,8,9,10
857,67,9,21,5
857,153,10,8,5
857,808,11,11,4
857,30,12,5,131
857,814,13,13,10
857,813,14,22,3
857,811,15,12,4
857,22,16,15,3
857,815,17,10,15
857,155,18,24,15
857,5,19,14,205
857,15,20,19,205
857,817,21,18,164
857,39,22,17,164
857,816,23,16,166
857,10,24,23,166
858,20,1,24,9
858,1,2,1,1
858,18,3,3,1
858,17,4,4,9
858,4,5,2,6
858,13,6,5,6
858,3,7,6,131
858,30,8,7,131
858,16,9,8,10
858,814,10,9,10
858,815,11,11,15
858,808,12,13,4
858,67,13,22,5
858,811,14,16,4
858,153,15,15,5
858,155,16,10,15
858,813,17,14,3
858,5,18,17,205
858,15,19,18,205
858,10,20,19,166
858,817,21,21,164
858,816,22,23,166
858,24,23,20,164
859,20,1,2,9
859,17,2,1,9
859,18,3,3,1
859,1,4,22,1
859,4,5,4,6
859,3,6,7,131
859,13,7,5,6
859,16,8,6,10
859,811,9,17,4
859,30,10,15,131
859,814,11,8,10
859,22,12,14,3
859,153,13,11,5
859,67,14,12,5
859,808,15,10,4
859,155,16,9,15
859,815,17,13,15
859,813,18,23,3
859,5,19,16,205
859,15,20,18,205
859,24,21,21,164
859,817,22,20,164
859,816,23,19,166
859,10,24,24,166
860,1,1,3,1
860,18,2,1,1
860,154,3,21,208
860,30,4,20,131
860,17,5,4,9
860,20,6,2,9
860,3,7,12,131
860,813,8,13,3
860,807,9,22,10
860,817,10,9,5
860,818,11,11,5
860,4,12,5,6
860,155,13,6,15
860,811,14,16,3
860,814,15,10,10
860,13,16,17,6
860,815,17,8,15
860,8,18,7,208
860,5,19,18,207
860,808,20,19,207
860,10,21,14,206
860,819,22,15,206
860,37,23,23,164
860,39,24,24,164
861,1,1,3,1
861,18,2,14,1
861,30,3,10,131
861,17,4,4,9
861,8,5,5,208
861,20,6,11,9
861,154,7,24,208
861,3,8,13,131
861,4,9,1,6
861,815,10,2,15
861,813,11,19,3
861,13,12,15,6
861,811,13,6,3
861,814,14,7,10
861,817,15,12,5
861,807,16,9,10
861,155,17,23,15
861,818,18,8,5
861,5,19,18,207
861,808,20,16,207
861,10,21,17,206
861,819,22,20,206
861,37,23,22,164
861,39,24,21,164
862,3,1,1,131
862,1,2,3,1
862,30,3,24,131
862,155,4,10,15
862,8,5,14,208
862,18,6,2,1
862,17,7,4,9
862,815,8,11,15
862,4,9,9,6
862,154,10,6,208
862,20,11,5,9
862,13,12,13,6
862,813,13,8,3
862,811,14,7,3
862,814,15,12,10
862,807,16,15,10
862,817,17,17,5
862,818,18,16,5
862,5,19,23,207
862,808,20,18,207
862,10,21,19,206
862,819,22,20,206
862,37,23,21,164
862,39,24,22,164
863,20,1,1,9
863,1,2,8,1
863,17,3,4,9
863,18,4,18,1
863,3,5,5,131
863,817,6,15,5
863,154,7,3,208
863,815,8,11,15
863,4,9,7,6
863,814,10,6,10
863,8,11,2,208
863,155,12,13,15
863,807,13,12,10
863,13,14,9,6
863,811,15,22,3
863,5,16,17,207
863,813,17,23,3
863,30,18,10,131
863,818,19,14,5
863,808,20,16,207
863,819,21,24,206
863,37,22,20,164
863,10,23,19,206
863,39,24,21,164
864,1,1,8,1
864,813,2,1,3
864,4,3,2,6
864,154,4,4,208
864,8,5,3,208
864,815,6,20,15
864,3,7,7,131
864,20,8,6,9
864,30,9,24,131
864,155,10,5,15
864,18,11,9,1
864,17,12,11,9
864,814,13,14,10
864,807,14,10,10
864,818,15,12,5
864,817,16,13,5
864,13,17,15,6
864,811,18,23,3
864,808,19,17,207
864,5,20,16,207
864,819,21,21,206
864,10,22,18,206
864,37,23,19,164
864,39,24,22,164
865,30,1,19,131
865,17,2,1,9
865,3,3,2,131
865,1,4,5,1
865,154,5,24,208
865,4,6,3,6
865,13,7,6,6
865,8,8,9,208
865,813,9,23,3
865,20,10,4,9
865,807,11,8,10
865,155,12,21,15
865,18,13,16,1
865,811,14,10,3
865,814,15,7,10
865,817,16,17,5
865,818,17,12,5
865,5,18,13,207
865,808,19,20,207
865,10,20,14,206
865,37,21,22,164
865,819,22,18,206
865,39,23,15,164
866,20,1,4,9
866,1,2,1,1
866,4,3,5,6
866,17,4,7,9
866,3,5,6,131
866,13,6,10,6
866,154,7,2,208
866,814,8,11,10
866,30,9,22,131
866,18,10,16,1
866,155,11,9,15
866,8,12,8,208
866,807,13,12,10
866,817,14,14,5
866,815,15,3,15
866,811,16,17,3
866,813,17,13,3
866,5,18,18,207
866,808,19,19,207
866,818,20,15,5
866,37,21,23,164
866,10,22,21,206
866,819,23,20,206
866,39,24,24,164
867,20,1,21,9
867,1,2,19,1
867,813,3,12,3
867,154,4,20,208
867,8,5,2,208
867,3,6,6,131
867,155,7,22,15
867,807,8,5,10
867,18,9,8,1
867,814,10,7,10
867,4,11,1,6
867,30,12,3,131
867,13,13,16,6
867,811,14,10,3
867,815,15,9,15
867,5,16,14,207
867,817,17,11,5
867,818,18,23,5
867,17,19,4,9
867,808,20,13,207
867,37,21,17,164
867,39,22,18,164
867,819,23,15,206
868,4,1,2,6
868,17,2,1,9
868,30,3,7,131
868,20,4,3,9
868,13,5,4,6
868,8,6,5,208
868,813,7,16,3
868,1,8,8,1
868,807,9,12,10
868,154,10,6,208
868,814,11,23,10
868,155,12,11,15
868,3,13,15,131
868,817,14,13,5
868,811,15,9,3
868,818,16,14,5
868,815,17,22,15
868,18,18,10,1
868,808,19,24,207
868,5,20,17,207
868,10,21,18,206
868,37,22,20,164
868,39,23,21,164
868,819,24,19,206
869,4,1,1,6
869,20,2,5,9
869,17,3,8,9
869,30,4,7,131
869,807,5,9,10
869,813,6,15,3
869,18,7,2,1
869,1,8,24,1
869,814,9,11,10
869,8,10,3,208
869,817,11,13,5
869,815,12,6,15
869,155,13,4,15
869,13,14,12,6
869,154,15,18,208
869,811,16,17,3
869,3,17,10,131
869,818,18,14,5
869,5,19,19,207
869,808,20,16,207
869,819,21,20,206
869,10,22,22,206
869,37,23,21,164
869,39,24,23,164
870,1,1,1,1
870,154,2,3,208
870,20,3,4,9
870,18,4,6,1
870,8,5,2,208
870,4,6,5,6
870,13,7,9,6
870,813,8,13,3
870,811,9,7,3
870,807,10,11,10
870,17,11,8,9
870,814,12,12,10
870,3,13,10,131
870,815,14,14,15
870,155,15,18,15
870,818,16,16,5
870,30,17,24,131
870,817,18,15,5
870,5,19,17,207
870,808,20,19,207
870,819,21,20,206
870,10,22,21,206
870,37,23,22,164
870,39,24,23,164
871,18,1,1,1
871,155,2,13,15
871,813,3,20,3
871,8,4,3,208
871,815,5,21,15
871,4,6,22,6
871,17,7,6,9
871,1,8,23,1
871,154,9,24,208
871,814,10,10,10
871,20,11,2,9
871,807,12,4,10
871,30,13,7,131
871,13,14,5,6
871,818,15,8,5
871,817,16,9,5
871,811,17,12,3
871,3,18,11,131
871,5,19,17,207
871,808,20,14,207
871,10,21,15,206
871,37,22,18,164
871,819,23,16,206
871,39,24,19,164
872,1,1,1,1
872,18,2,23,1
872,13,3,4,6
872,814,4,8,10
872,30,5,6,131
872,20,6,22,9
872,3,7,7,131
872,8,8,5,208
872,155,9,9,15
872,4,10,3,6
872,17,11,20,9
872,813,12,11,3
872,815,13,2,15
872,811,14,10,3
872,817,15,12,5
872,816,16,13,208
872,818,17,24,5
872,5,18,14,207
872,808,19,15,207
872,10,20,17,206
872,819,21,16,206
872,39,22,19,164
872,37,23,18,164
873,1,1,24,1
873,813,2,22,3
873,20,3,1,9
873,18,4,2,1
873,4,5,3,6
873,814,6,4,10
873,17,7,11,9
873,154,8,7,208
873,30,9,21,131
873,3,10,5,131
873,807,11,14,10
873,8,12,6,208
873,13,13,8,6
873,815,14,10,15
873,817,15,9,5
873,818,16,20,5
873,811,17,18,3
873,155,18,13,15
873,808,19,19,207
873,5,20,15,207
873,10,21,12,206
873,819,22,16,206
873,39,23,23,164
873,37,24,17,164
874,20,1,1,9
874,17,2,9,9
874,18,3,4,1
874,155,4,3,15
874,154,5,19,208
874,815,6,22,15
874,4,7,23,6
874,8,8,6,208
874,1,9,5,1
874,807,10,7,10
874,13,11,2,6
874,814,12,12,10
874,30,13,11,131
874,813,14,8,3
874,3,15,24,131
874,817,16,10,5
874,818,17,13,5
874,811,18,14,3
874,5,19,15,207
874,10,20,16,206
874,37,21,18,164
874,819,22,20,206
874,808,23,17,207
874,39,24,21,164
875,17,1,2,9
875,20,2,1,9
875,1,3,10,1
875,4,4,3,6
875,8,5,5,208
875,13,6,4,6
875,154,7,7,208
875,807,8,6,10
875,3,9,23,131
875,30,10,13,131
875,18,11,24,1
875,815,12,11,15
875,155,13,22,15
875,814,14,12,10
875,813,15,14,3
875,817,16,9,5
875,818,17,8,5
875,811,18,15,3
875,808,19,16,207
875,5,20,17,207
875,819,21,19,206
875,10,22,18,206
875,37,23,21,164
876,20,1,1,9
876,17,2,3,9
876,1,3,4,1
876,18,4,5,1
876,4,5,2,6
876,13,6,6,6
876,8,7,7,208
876,815,8,24,15
876,813,9,16,3
876,3,10,11,131
876,154,11,9,208
876,807,12,8,10
876,811,13,10,3
876,30,14,22,131
876,817,15,13,5
876,814,16,12,10
876,155,17,14,15
876,818,18,15,5
876,808,19,17,207
876,5,20,18,207
876,10,21,20,206
876,37,22,23,164
876,39,23,21,164
876,819,24,19,206
877,1,1,21,1
877,17,2,20,9
877,20,3,3,9
877,813,4,5,3
877,8,5,1,208
877,18,6,4,1
877,4,7,2,6
877,3,8,23,131
877,13,9,7,6
877,154,10,19,208
877,807,11,24,10
877,815,12,15,15
877,814,13,9,10
877,30,14,11,131
877,811,15,8,3
877,155,16,6,15
877,817,17,10,5
877,818,18,12,5
877,5,19,13,207
877,819,20,18,206
877,808,21,16,207
877,10,22,14,206
877,37,23,17,164
877,39,24,22,164
878,20,1,2,9
878,1,2,1,1
878,17,3,23,9
878,154,4,7,208
878,8,5,6,208
878,30,6,16,131
878,13,7,4,6
878,807,8,8,10
878,4,9,3,6
878,813,10,9,3
878,811,11,10,3
878,18,12,5,1
878,814,13,15,10
878,818,14,24,5
878,815,15,11,15
878,155,16,14,15
878,3,17,13,131
878,817,18,12,5
878,10,19,19,206
878,819,20,20,206
878,808,21,17,207
878,5,22,18,207
878,37,23,21,164
878,39,24,22,164
879,1,1,20,1
879,18,2,1,1
879,17,3,4,9
879,20,4,6,9
879,13,5,3,6
879,813,6,22,3
879,807,7,5,10
879,4,8,2,6
879,8,9,10,208
879,3,10,15,131
879,814,11,19,10
879,811,12,23,3
879,815,13,24,15
879,30,14,7,131
879,155,15,9,15
879,817,16,13,5
879,818,17,8,5
879,154,18,21,208
879,808,19,11,207
879,5,20,14,207
879,10,21,16,206
879,819,22,12,206
879,39,23,18,164
879,37,24,17,164
880,20,1,3,9
880,17,2,6,9
880,1,3,5,131
880,13,4,4,6
880,4,5,2,6
880,3,6,20,131
880,8,7,1,208
880,154,8,10,208
880,814,9,8,10
880,18,10,9,1
880,807,11,22,15
880,16,12,7,10
880,818,13,12,5
880,817,14,19,5
880,815,15,11,1
880,822,16,14,3
880,813,17,21,3
880,821,18,13,15
880,824,19,15,206
880,820,20,17,206
880,823,21,18,207
880,819,22,16,207
881,20,1,1,9
881,13,2,5,6
881,4,3,22,6
881,1,4,3,131
881,17,5,2,9
881,3,6,4,131
881,8,7,7,208
881,18,8,17,1
881,16,9,20,10
881,815,10,9,1
881,154,11,6,208
881,807,12,8,15
881,817,13,18,5
881,821,14,12,15
881,814,15,21,10
881,813,16,19,3
881,818,17,10,5
881,822,18,11,3
881,824,19,13,206
881,819,20,14,207
881,820,21,16,206
881,823,22,15,207
882,1,1,3,131
882,8,2,2,208
882,4,3,1,6
882,3,4,19,131
882,13,5,6,6
882,154,6,9,208
882,817,7,7,5
882,18,8,5,1
882,20,9,4,9
882,807,10,10,15
882,814,11,8,10
882,815,12,11,1
882,16,13,21,10
882,17,14,20,9
882,813,15,14,3
882,818,16,12,5
882,822,17,13,3
882,821,18,22,15
882,824,19,15,206
882,820,20,17,206
882,819,21,16,207
882,823,22,18,207
883,3,1,9,131
883,20,2,1,9
883,4,3,8,6
883,1,4,5,131
883,17,5,7,9
883,13,6,15,6
883,814,7,4,10
883,16,8,13,10
883,8,9,2,208
883,18,10,10,1
883,154,11,3,208
883,815,12,6,1
883,817,13,16,5
883,807,14,12,15
883,822,15,14,3
883,818,16,22,5
883,813,17,11,3
883,821,18,18,15
883,819,19,17,207
883,824,20,19,206
883,823,21,21,207
883,820,22,20,206
884,3,1,6,131
884,1,2,12,131
884,20,3,4,9
884,8,4,2,208
884,4,5,1,6
884,13,6,3,6
884,154,7,22,208
884,17,8,5,9
884,815,9,9,1
884,814,10,7,10
884,817,11,10,5
884,818,12,20,5
884,16,13,13,10
884,18,14,8,1
884,807,15,15,15
884,821,16,11,15
884,822,17,16,3
884,813,18,14,3
884,823,19,21,207
884,824,20,18,206
884,820,21,19,206
884,819,22,17,207
885,3,1,1,131
885,1,2,4,131
885,20,3,2,9
885,17,4,3,9
885,8,5,10,208
885,4,6,7,6
885,815,7,16,1
885,16,8,5,10
885,18,9,6,1
885,818,10,8,5
885,807,11,11,15
885,817,12,18,5
885,154,13,17,208
885,822,14,12,3
885,823,15,15,207
885,813,16,20,3
885,814,17,9,10
885,819,18,22,207
885,821,19,13,15
885,820,20,14,206
885,824,21,19,206
885,13,22,21,6
886,20,1,1,9
886,1,2,3,131
886,822,3,14,3
886,3,4,5,131
886,17,5,4,9
886,4,6,2,6
886,818,7,6,5
886,16,8,10,10
886,8,9,9,208
886,817,10,15,5
886,807,11,21,15
886,815,12,11,1
886,813,13,16,3
886,18,14,12,1
886,821,15,20,15
886,13,16,8,6
886,814,17,7,10
886,819,18,18,207
886,154,19,13,208
886,824,20,17,206
886,820,21,19,206
886,823,22,22,207
887,1,1,4,131
887,3,2,1,131
887,20,3,21,9
887,17,4,2,9
887,814,5,9,10
887,817,6,8,5
887,16,7,7,10
887,154,8,19,208
887,8,9,5,208
887,4,10,3,6
887,18,11,13,1
887,13,12,6,6
887,818,13,22,5
887,815,14,20,1
887,807,15,10,15
887,813,16,11,3
887,822,17,12,3
887,821,18,14,15
887,819,19,15,207
887,824,20,16,206
887,823,21,18,207
887,820,22,17,206
888,1,1,5,131
888,20,2,1,9
888,17,3,7,9
888,8,4,2,208
888,154,5,3,208
888,817,6,12,5
888,13,7,22,6
888,4,8,4,6
888,18,9,6,1
888,807,10,10,15
888,3,11,9,131
888,814,12,11,10
888,815,13,8,1
888,821,14,14,15
888,16,15,13,10
888,818,16,20,5
888,822,17,16,3
888,813,18,15,3
888,819,19,17,207
888,824,20,21,206
888,823,21,18,207
888,820,22,19,206
890,1,1,1,131
890,20,2,3,9
890,154,3,6,208
890,3,4,19,131
890,4,5,5,6
890,8,6,2,208
890,13,7,8,6
890,817,8,13,5
890,815,9,9,1
890,17,10,4,9
890,16,11,22,10
890,807,12,11,15
890,18,13,7,1
890,818,14,12,5
890,813,15,10,3
890,822,16,20,3
890,821,17,21,15
890,814,18,18,10
890,819,19,15,207
890,823,20,14,207
890,824,21,16,206
890,820,22,17,206
891,1,1,3,131
891,20,2,1,9
891,17,3,5,9
891,3,4,4,131
891,814,5,20,10
891,18,6,6,1
891,154,7,8,208
891,8,8,21,208
891,4,9,2,6
891,13,10,7,6
891,807,11,13,15
891,16,12,9,10
891,815,13,11,1
891,823,14,16,207
891,824,15,18,206
891,820,16,19,206
891,813,17,17,3
891,818,18,12,5
891,817,19,10,5
891,822,20,15,3
891,821,21,14,15
891,819,22,22,207
892,20,1,1,9
892,17,2,3,9
892,807,3,5,15
892,13,4,4,6
892,4,5,2,6
892,3,6,6,131
892,817,7,7,5
892,815,8,12,1
892,18,9,10,1
892,818,10,21,5
892,8,11,11,208
892,1,12,9,131
892,154,13,8,208
892,16,14,16,10
892,813,15,14,3
892,814,16,22,10
892,821,17,13,15
892,822,18,15,3
892,823,19,18,207
892,819,20,17,207
892,824,21,19,206
892,820,22,20,206
893,20,1,1,9
893,3,2,4,131
893,154,3,21,208
893,17,4,15,9
893,1,5,5,131
893,13,6,6,6
893,4,7,2,6
893,18,8,7,1
893,817,9,22,5
893,821,10,12,15
893,807,11,9,15
893,818,12,14,5
893,8,13,3,208
893,815,14,8,1
893,16,15,10,10
893,822,16,13,3
893,814,17,20,10
893,813,18,11,3
893,819,19,19,207
893,823,20,16,207
893,824,21,18,206
893,820,22,17,206
894,20,1,1,9
894,1,2,5,131
894,17,3,21,9
894,154,4,3,208
894,3,5,7,131
894,4,6,6,6
894,13,7,9,6
894,807,8,4,15
894,821,9,11,15
894,8,10,2,208
894,815,11,10,1
894,18,12,8,1
894,817,13,19,5
894,16,14,20,10
894,814,15,22,10
894,818,16,18,5
894,822,17,12,3
894,813,18,13,3
894,819,19,14,207
894,823,20,15,207
894,824,21,16,206
894,820,22,17,206
895,17,1,2,9
895,20,2,1,9
895,1,3,20,131
895,154,4,3,208
895,13,5,10,6
895,3,6,8,131
895,807,7,6,15
895,4,8,4,6
895,8,9,5,208
895,18,10,9,1
895,815,11,15,1
895,814,12,11,10
895,822,13,17,3
895,821,14,7,15
895,813,15,16,3
895,817,16,13,5
895,16,17,14,10
895,818,18,12,5
895,820,19,19,206
895,819,20,18,207
895,823,21,21,207
895,824,22,22,206
896,20,1,1,9
896,3,2,2,131
896,1,3,6,131
896,17,4,20,9
896,13,5,4,6
896,8,6,7,208
896,807,7,19,15
896,4,8,11,6
896,815,9,5,1
896,18,10,14,1
896,817,11,10,5
896,814,12,8,10
896,16,13,9,10
896,818,14,13,5
896,822,15,16,3
896,821,16,15,15
896,154,17,3,208
896,813,18,12,3
896,824,19,18,206
896,823,20,22,207
896,819,21,21,207
896,820,22,17,206
897,17,1,2,9
897,20,2,1,9
897,3,3,3,131
897,1,4,7,131
897,8,5,22,208
897,807,6,14,15
897,154,7,4,208
897,13,8,8,6
897,815,9,9,1
897,817,10,16,5
897,4,11,5,6
897,814,12,6,10
897,18,13,12,1
897,818,14,17,5
897,813,15,11,3
897,822,16,15,3
897,821,17,13,15
897,16,18,10,10
897,823,19,18,207
897,824,20,20,206
897,819,21,19,207
897,820,22,21,206
898,20,1,1,9
898,17,2,3,9
898,154,3,2,208
898,807,4,6,15
898,1,5,4,131
898,4,6,5,6
898,815,7,7,1
898,5,8,15,208
898,822,9,8,3
898,821,10,14,15
898,817,11,11,5
898,814,12,16,10
898,18,13,10,1
898,3,14,9,131
898,13,15,13,6
898,818,16,12,5
898,16,17,22,10
898,813,18,17,3
898,823,19,19,207
898,824,20,18,206
898,819,21,20,207
898,820,22,21,206
899,20,1,1,9
899,3,2,5,131
899,4,3,3,6
899,17,4,2,9
899,1,5,9,131
899,154,6,22,208
899,817,7,10,5
899,818,8,15,5
899,13,9,7,6
899,807,10,8,15
899,5,11,14,208
899,814,12,11,10
899,822,13,21,3
899,815,14,6,1
899,18,15,4,1
899,16,16,13,10
899,813,17,16,3
899,821,18,12,15
899,819,19,20,207
899,823,20,18,207
899,824,21,17,206
899,820,22,19,206
900,1,1,19,131
900,817,2,22,9
900,3,3,1,131
900,825,4,2,1
900,4,5,4,6
900,818,6,8,5
900,807,7,6,10
900,826,8,9,5
900,13,9,20,3
900,822,10,5,3
900,18,11,3,1
900,8,12,7,6
900,20,13,18,9
900,16,14,11,15
900,155,15,21,207
900,815,16,10,10
900,820,17,13,206
900,824,18,14,206
900,821,19,12,15
900,828,20,17,207
900,154,21,15,208
900,813,22,16,208
901,1,1,1,131
901,20,2,3,9
901,3,3,2,131
901,4,4,4,6
901,817,5,16,9
901,8,6,12,6
901,807,7,5,10
901,825,8,9,1
901,818,9,19,5
901,18,10,6,1
901,826,11,10,5
901,821,12,17,15
901,13,13,7,3
901,815,14,22,10
901,822,15,8,3
901,154,16,11,208
901,813,17,21,208
901,16,18,18,15
901,824,19,20,206
901,155,20,13,207
901,820,21,15,206
901,828,22,14,207
902,3,1,2,131
902,1,2,1,131
902,817,3,4,9
902,822,4,8,3
902,815,5,3,10
902,8,6,10,6
902,18,7,17,1
902,13,8,7,3
902,825,9,18,1
902,4,10,9,6
902,20,11,6,9
902,807,12,5,10
902,826,13,11,5
902,818,14,21,5
902,821,15,19,15
902,154,16,12,208
902,813,17,14,208
902,16,18,22,15
902,155,19,15,207
902,824,20,16,206
902,828,21,20,207
902,820,22,13,206
853,20,1,1,9
853,1,2,4,1
853,18,3,2,1
853,4,4,3,6
853,17,5,20,9
853,13,6,6,6
853,808,7,22,4
853,30,8,5,131
853,3,9,23,131
853,811,10,9,4
853,814,11,8,10
853,16,12,19,10
853,22,13,12,3
853,813,14,11,3
853,815,15,17,15
853,67,16,10,5
853,155,17,18,15
853,153,18,7,5
853,15,19,14,205
853,5,20,13,205
853,10,21,15,166
853,816,22,21,166
853,817,23,16,164
853,24,24,24,164
903,1,1,1,131
903,817,2,4,9
903,20,3,5,9
903,3,4,2,131
903,4,5,3,6
903,13,6,15,3
903,822,7,7,3
903,807,8,6,10
903,818,9,12,5
903,154,10,21,208
903,8,11,8,6
903,18,12,11,1
903,826,13,10,5
903,16,14,22,15
903,825,15,13,1
903,815,16,9,10
903,821,17,16,15
903,155,18,18,207
903,824,19,17,206
903,828,20,20,207
903,820,21,19,206
903,813,22,14,208
904,1,1,1,131
904,3,2,2,131
904,817,3,3,9
904,822,4,5,3
904,154,5,8,208
904,8,6,7,6
904,4,7,6,6
904,18,8,11,1
904,13,9,13,3
904,20,10,4,9
904,807,11,10,10
904,815,12,9,10
904,826,13,14,5
904,821,14,16,15
904,825,15,12,1
904,818,16,22,5
904,16,17,17,15
904,820,18,19,206
904,824,19,18,206
904,828,20,20,207
904,155,21,21,207
904,813,22,15,208
905,3,1,1,131
905,1,2,2,131
905,817,3,3,9
905,20,4,20,9
905,4,5,4,6
905,8,6,12,6
905,818,7,17,5
905,825,8,10,1
905,826,9,19,5
905,815,10,21,10
905,807,11,5,10
905,18,12,6,1
905,822,13,16,3
905,154,14,8,208
905,813,15,22,208
905,13,16,7,3
905,821,17,15,15
905,16,18,18,15
905,824,19,9,206
905,820,20,14,206
905,155,21,13,207
905,828,22,11,207
906,3,1,2,131
906,1,2,17,131
906,20,3,3,9
906,822,4,7,3
906,13,5,12,3
906,817,6,1,9
906,4,7,6,6
906,818,8,8,5
906,18,9,4,1
906,8,10,10,6
906,807,11,5,10
906,825,12,9,1
906,815,13,11,10
906,154,14,15,208
906,826,15,16,5
906,16,16,13,15
906,813,17,19,208
906,820,18,21,206
906,824,19,22,206
906,155,20,18,207
906,828,21,20,207
906,821,22,14,15
907,13,1,4,3
907,822,2,3,3
907,3,3,1,131
907,4,4,5,6
907,817,5,8,9
907,825,6,7,1
907,826,7,22,5
907,8,8,10,6
907,1,9,2,131
907,807,10,9,10
907,815,11,6,10
907,18,12,11,1
907,20,13,21,9
907,813,14,12,208
907,818,15,20,5
907,154,16,14,208
907,16,17,13,15
907,821,18,19,15
907,824,19,15,206
907,155,20,16,207
907,820,21,17,206
907,828,22,18,207
908,3,1,18,131
908,20,2,5,9
908,18,3,4,1
908,807,4,8,10
908,825,5,7,1
908,1,6,1,131
908,815,7,11,10
908,817,8,3,9
908,826,9,9,5
908,818,10,10,5
908,154,11,12,208
908,824,12,14,206
908,820,13,16,206
908,821,14,20,15
908,813,15,17,208
908,16,16,13,15
908,822,17,2,3
908,13,18,21,3
908,4,19,6,6
908,8,20,22,6
908,828,21,19,207
908,155,22,15,207
909,3,1,1,131
909,822,2,2,3
909,13,3,22,3
909,825,4,9,1
909,817,5,6,9
909,20,6,4,9
909,4,7,5,6
909,826,8,20,5
909,807,9,7,10
909,815,10,10,10
909,18,11,8,1
909,8,12,11,6
909,818,13,13,5
909,821,14,14,15
909,154,15,21,208
909,1,16,3,131
909,16,17,19,15
909,824,18,15,206
909,813,19,12,208
909,155,20,16,207
909,820,21,17,206
909,828,22,18,207
910,3,1,4,131
910,20,2,7,9
910,822,3,8,3
910,817,4,1,9
910,4,5,2,6
910,13,6,5,3
910,18,7,10,1
910,818,8,9,5
910,807,9,20,10
910,825,10,12,1
910,826,11,14,5
910,16,12,11,15
910,815,13,19,10
910,821,14,17,15
910,154,15,21,208
910,824,16,15,206
910,8,17,6,6
910,155,18,18,207
910,820,19,16,206
910,828,20,22,207
910,1,21,3,131
910,813,22,13,208
911,3,1,2,131
911,1,2,19,131
911,20,3,5,9
911,4,4,7,6
911,817,5,1,9
911,822,6,3,3
911,825,7,12,1
911,8,8,4,6
911,13,9,13,3
911,18,10,6,1
911,826,11,9,5
911,818,12,11,5
911,815,13,8,10
911,16,14,14,15
911,154,15,20,208
911,824,16,18,206
911,813,17,21,208
911,807,18,10,10
911,820,19,16,206
911,821,20,15,15
911,827,21,22,207
911,828,22,17,207
912,1,1,1,131
912,3,2,2,131
912,822,3,4,3
912,13,4,3,3
912,825,5,10,1
912,18,6,8,1
912,4,7,21,6
912,20,8,6,9
912,817,9,5,9
912,815,10,7,10
912,826,11,11,5
912,8,12,9,6
912,818,13,13,5
912,807,14,12,10
912,16,15,15,15
912,821,16,19,15
912,813,17,14,208
912,154,18,16,208
912,155,19,17,207
912,824,20,18,206
912,820,21,22,206
912,828,22,20,207
913,1,1,1,131
913,3,2,21,131
913,817,3,3,9
913,20,4,2,9
913,4,5,4,6
913,13,6,5,3
913,8,7,8,6
913,822,8,11,3
913,825,9,10,1
913,826,10,14,5
913,18,11,18,1
913,818,12,6,5
913,807,13,9,10
913,821,14,20,15
913,815,15,7,10
913,154,16,13,208
913,16,17,19,15
913,813,18,12,208
913,824,19,16,206
913,155,20,22,207
913,820,21,17,206
913,828,22,15,207
914,3,1,2,131
914,1,2,1,131
914,822,3,6,3
914,13,4,7,3
914,4,5,22,6
914,817,6,4,9
914,825,7,14,1
914,18,8,5,1
914,20,9,3,9
914,8,10,12,6
914,818,11,9,5
914,815,12,10,10
914,826,13,11,5
914,807,14,8,10
914,16,15,21,15
914,821,16,13,15
914,813,17,16,208
914,154,18,15,208
914,828,19,17,207
914,824,20,20,206
914,155,21,19,207
914,820,22,18,206
915,1,1,1,131
915,3,2,2,131
915,822,3,3,3
915,18,4,4,1
915,826,5,14,5
915,825,6,5,1
915,817,7,7,9
915,4,8,6,6
915,8,9,9,6
915,818,10,13,5
915,20,11,8,9
915,807,12,12,10
915,815,13,10,10
915,821,14,15,15
915,16,15,16,15
915,154,16,17,208
915,828,17,19,207
915,13,18,11,3
915,155,19,20,207
915,813,20,18,208
915,820,21,21,206
916,3,1,2,131
916,1,2,1,131
916,822,3,5,3
916,13,4,4,3
916,817,5,3,9
916,4,6,6,6
916,18,7,12,1
916,825,8,8,1
916,8,9,13,6
916,16,10,18,15
916,813,11,9,208
916,815,12,17,10
916,807,13,16,10
916,826,14,15,5
916,818,15,10,5
916,821,16,14,15
916,20,17,7,9
916,154,18,11,208
917,3,1,1,131
917,1,2,2,131
917,13,3,3,3
917,822,4,10,3
917,18,5,4,1
917,20,6,5,9
917,825,7,9,1
917,4,8,6,6
917,817,9,18,9
917,8,10,7,6
917,821,11,14,15
917,807,12,8,10
917,16,13,16,15
917,826,14,11,5
917,154,15,17,208
917,818,16,13,5
917,815,17,15,10
917,813,18,12,208
918,821,15,15,15
918,154,14,13,208
918,16,13,16,15
918,807,12,6,10
918,815,11,7,10
918,818,10,12,5
918,825,9,11,1
918,4,8,9,6
918,8,7,10,6
918,18,6,5,1
918,826,5,20,5
918,13,4,2,3
918,822,3,3,3
918,1,2,1,131
918,3,1,14,131
918,813,16,19,208
918,155,17,18,207
918,829,18,17,207
926,1,1,1,131
926,3,2,2,131
926,13,3,4,3
926,20,4,3,6
926,8,5,12,6
926,822,6,18,3
926,817,7,6,9
926,832,8,9,5
926,154,9,14,208
926,813,10,15,208
926,831,11,5,15
926,830,12,13,5
926,826,13,16,9
926,807,14,7,10
926,815,15,10,10
926,828,16,8,15
926,18,17,11,1
926,825,18,17,1
927,1,1,2,131
927,20,2,1,6
927,3,3,3,131
927,817,4,10,9
927,826,5,9,9
927,830,6,7,5
927,13,7,6,3
927,154,8,11,208
927,822,9,5,3
927,828,10,19,15
927,8,11,4,6
927,813,12,16,208
927,807,13,14,10
927,815,14,13,10
927,832,15,8,5
927,831,16,12,15
927,18,17,17,1
927,4,18,18,1
927,833,19,15,209
928,1,1,1,131
928,3,2,2,131
928,20,3,3,6
928,13,4,5,3
928,822,5,6,3
928,8,6,4,6
928,817,7,9,9
928,154,8,7,208
928,831,9,8,15
928,828,10,10,15
928,813,11,18,208
928,826,12,19,9
928,830,13,17,5
928,832,14,13,5
928,815,15,11,10
928,807,16,20,10
928,18,17,14,1
928,4,18,12,1
928,829,19,15,209
928,833,20,16,209
929,1,1,1,131
929,20,2,5,6
929,3,3,3,131
929,8,4,2,6
929,822,5,4,3
929,13,6,10,3
929,817,7,6,9
929,807,8,13,10
929,832,9,19,5
929,154,10,7,208
929,815,11,8,10
929,831,12,12,15
929,828,13,14,15
929,4,14,11,1
929,830,15,18,5
929,813,16,15,208
929,826,17,9,9
929,829,18,16,209
929,833,19,17,209
930,3,1,1,131
930,1,2,2,131
930,20,3,3,6
930,822,4,4,3
930,832,5,9,5
930,830,6,11,5
930,8,7,5,6
930,826,8,10,9
930,13,9,6,3
930,817,10,7,9
930,154,11,8,208
930,813,12,19,208
930,4,13,20,1
930,18,14,16,1
930,831,15,12,15
930,828,16,14,15
930,807,17,15,10
930,815,18,13,10
930,829,19,17,209
930,833,20,18,209
931,1,1,3,131
931,3,2,1,131
931,20,3,2,6
931,817,4,5,9
931,826,5,4,9
931,8,6,6,6
931,815,7,7,10
931,832,8,10,5
931,813,9,20,208
931,830,10,18,5
931,154,11,12,208
931,18,12,8,1
931,807,13,11,10
931,13,14,15,3
931,4,15,19,1
931,831,16,9,15
931,822,17,14,3
931,828,18,13,15
931,829,19,17,209
931,833,20,16,209
932,1,1,1,131
932,3,2,2,131
932,8,3,4,6
932,822,4,3,3
932,154,5,10,208
932,813,6,7,208
932,807,7,8,10
932,826,8,9,9
932,817,9,13,9
932,815,10,11,10
932,832,11,12,5
932,830,12,15,5
932,828,13,14,15
932,4,14,20,1
932,831,15,16,15
932,20,16,5,6
932,13,17,6,3
932,833,18,18,209
932,829,19,17,209
933,1,1,2,131
933,3,2,1,131
933,20,3,4,6
933,13,4,3,3
933,807,5,6,10
933,822,6,5,3
933,830,7,8,5
933,826,8,12,9
933,831,9,11,15
933,154,10,15,208
933,813,11,7,208
933,828,12,13,15
933,832,13,16,5
933,817,14,10,9
933,4,15,20,1
933,815,16,9,10
933,18,17,17,1
933,8,18,19,6
933,833,19,14,209
933,829,20,18,209
934,1,1,1,131
934,3,2,2,131
934,13,3,4,3
934,822,4,5,3
934,8,5,8,6
934,20,6,3,6
934,826,7,6,9
934,832,8,14,5
934,807,9,7,10
934,817,10,15,9
934,815,11,9,10
934,154,12,17,208
934,830,13,16,5
934,813,14,18,208
934,828,15,11,15
934,831,16,20,15
934,4,17,10,1
934,18,18,19,1
934,829,19,13,209
934,833,20,12,209
936,1,1,6,131
936,3,2,8,131
936,20,3,1,6
936,817,4,3,9
936,8,5,18,6
936,822,6,13,3
936,826,7,2,9
936,13,8,12,3
936,830,9,4,5
936,154,10,7,208
936,807,11,20,10
936,832,12,17,5
936,815,13,19,10
936,813,14,14,208
936,4,15,5,1
936,18,16,9,1
936,828,17,10,15
936,831,18,11,15
936,833,19,15,209
936,829,20,16,209
937,1,1,1,131
937,3,2,2,131
937,822,3,9,3
937,154,4,3,208
937,815,5,5,10
937,817,6,18,9
937,13,7,6,3
937,813,8,19,208
937,20,9,12,6
937,832,10,17,5
937,807,11,20,10
937,826,12,4,9
937,828,13,10,15
937,8,14,7,6
937,830,15,8,5
937,831,16,11,15
937,18,17,14,1
937,4,18,13,1
937,829,19,16,206
937,833,20,15,206
938,1,1,1,131
938,8,2,5,6
938,20,3,2,6
938,3,4,17,131
938,13,5,3,3
938,822,6,4,3
938,815,7,6,10
938,154,8,19,208
938,807,9,7,10
938,828,10,9,15
938,813,11,20,208
938,831,12,13,15
938,832,13,11,5
938,826,14,10,9
938,817,15,8,9
938,18,16,14,1
938,4,17,18,1
938,829,18,15,209
938,833,19,16,209
938,830,20,12,5
939,20,1,1,6
939,817,2,2,9
939,8,3,3,6
939,826,4,6,9
939,1,5,18,131
939,3,6,4,131
939,822,7,5,3
939,830,8,8,5
939,13,9,19,3
939,154,10,13,208
939,807,11,20,10
939,4,12,17,1
939,815,13,7,10
939,832,14,9,5
939,18,15,16,1
939,831,16,10,15
939,828,17,11,15
939,813,18,12,208
939,829,19,15,209
939,834,20,14,209
940,3,1,2,131
940,1,2,1,131
940,822,3,5,3
940,20,4,3,6
940,13,5,17,3
940,8,6,4,6
940,817,7,15,9
940,154,8,7,208
940,815,9,12,10
940,826,10,13,9
940,807,11,6,10
940,832,12,10,5
940,813,13,8,208
940,4,14,11,1
940,830,15,9,5
940,18,16,16,1
940,828,17,14,15
940,831,18,20,15
940,829,19,19,209
940,834,20,18,209
941,3,1,18,131
941,1,2,1,131
941,822,3,12,3
941,20,4,2,6
941,8,5,8,6
941,807,6,19,10
941,815,7,3,10
941,154,8,17,208
941,830,9,10,5
941,817,10,15,9
941,826,11,5,9
941,831,12,6,15
941,18,13,9,1
941,813,14,7,208
941,13,15,4,3
941,4,16,11,1
941,828,17,20,15
941,829,18,14,206
941,833,19,13,206
942,3,1,2,131
942,1,2,1,131
942,817,3,10,9
942,826,4,13,9
942,20,5,3,6
942,815,6,5,10
942,807,7,14,10
942,8,8,16,6
942,13,9,17,3
942,830,10,4,5
942,4,11,11,1
942,822,12,19,3
942,154,13,18,208
942,18,14,6,1
942,813,15,8,208
942,828,16,15,15
942,831,17,9,15
942,834,18,12,206
942,829,19,20,206
942,832,20,7,5
943,3,1,1,131
943,1,2,2,131
943,20,3,18,6
943,826,4,4,9
943,817,5,5,9
943,822,6,3,3
943,13,7,6,3
943,830,8,9,5
943,815,9,8,10
943,807,10,7,10
943,832,11,13,5
943,154,12,10,208
943,813,13,11,208
943,828,14,12,15
943,8,15,19,6
943,4,16,20,1
943,831,17,17,15
943,834,18,15,206
943,829,19,16,206
943,18,20,14,1
944,3,1,1,131
944,1,2,2,131
944,20,3,3,6
944,822,4,5,3
944,8,5,4,6
944,807,6,6,10
944,826,7,7,9
944,13,8,20,3
944,817,9,11,9
944,830,10,9,5
944,831,11,13,15
944,832,12,19,5
944,815,13,12,10
944,828,14,16,15
944,154,15,8,208
944,813,16,10,208
944,18,17,14,1
944,834,18,18,206
944,829,19,17,206
944,4,20,15,1
945,3,1,1,131
945,1,2,2,131
945,8,3,3,6
945,815,4,5,10
945,817,5,6,9
945,822,6,13,3
945,807,7,7,10
945,13,8,8,3
945,826,9,10,9
945,832,10,11,5
945,830,11,16,5
945,18,12,12,1
945,813,13,20,208
945,831,14,15,15
945,154,15,9,208
945,20,16,4,6
945,4,17,17,1
945,828,18,14,15
945,829,19,18,209
945,833,20,19,209
948,1,1,2,131
948,3,2,1,131
948,20,3,3,6
948,8,4,18,6
948,830,5,10,5
948,13,6,5,3
948,832,7,9,5
948,817,8,4,9
948,815,9,13,10
948,807,10,7,10
948,822,11,8,3
948,4,12,21,1
948,18,13,14,1
948,835,14,11,4
948,825,15,12,4
948,828,16,17,15
948,831,17,15,15
948,826,18,22,9
948,154,19,6,210
948,821,20,20,210
948,837,21,19,209
948,836,22,16,209
949,1,1,3,131
949,3,2,1,131
949,20,3,21,6
949,8,4,2,6
949,817,5,4,9
949,822,6,9,3
949,13,7,8,3
949,807,8,15,10
949,154,9,5,210
949,830,10,6,5
949,832,11,18,5
949,838,12,10,1
949,821,13,19,210
949,18,14,20,1
949,826,15,7,9
949,836,16,13,209
949,828,17,12,15
949,815,18,16,10
949,825,19,11,4
949,835,20,22,4
949,837,21,17,209
949,831,22,14,15
950,3,1,1,131
950,817,2,4,9
950,8,3,5,6
950,20,4,2,6
950,822,5,10,3
950,826,6,3,9
950,815,7,11,10
950,832,8,9,5
950,830,9,8,5
950,807,10,15,10
950,13,11,6,3
950,4,12,12,1
950,18,13,13,1
950,154,14,19,210
950,828,15,16,15
950,831,16,20,15
950,825,17,17,4
950,821,18,14,210
950,835,19,22,4
950,837,20,21,209
950,836,21,18,209
950,1,22,7,131
951,3,1,1,131
951,20,2,20,6
951,822,3,4,3
951,8,4,3,6
951,13,5,5,3
951,817,6,11,9
951,815,7,9,10
951,826,8,15,9
951,830,9,19,5
951,1,10,2,131
951,832,11,12,5
951,18,12,10,1
951,807,13,21,10
951,4,14,6,1
951,154,15,8,210
951,821,16,17,210
951,825,17,7,4
951,835,18,13,4
951,831,19,16,15
951,836,20,18,209
951,837,21,22,209
951,828,22,14,15
952,1,1,21,131
952,3,2,22,131
952,817,3,4,9
952,830,4,1,9
952,8,5,2,6
952,20,6,3,6
952,822,7,5,3
952,832,8,6,5
952,815,9,7,10
952,4,10,19,1
952,807,11,20,10
952,18,12,9,1
952,826,13,10,5
952,154,14,18,210
952,825,15,14,4
952,821,16,11,210
952,835,17,13,4
952,13,18,8,3
952,828,19,12,15
952,831,20,15,15
952,836,21,16,209
952,837,22,17,209
953,817,1,2,9
953,3,2,7,131
953,1,3,1,131
953,20,4,4,6
953,807,5,6,10
953,8,6,21,6
953,832,7,8,5
953,815,8,3,10
953,826,9,20,5
953,4,10,5,1
953,822,11,12,3
953,821,12,11,210
953,18,13,9,1
953,13,14,10,3
953,154,15,13,210
953,825,16,19,4
953,828,17,16,15
953,835,18,22,4
953,837,19,15,209
953,836,20,14,209
953,830,21,18,9
953,831,22,17,15
954,1,1,1,131
954,3,2,5,131
954,20,3,2,6
954,817,4,7,9
954,830,5,4,9
954,8,6,6,6
954,822,7,3,3
954,13,8,20,3
954,807,9,8,10
954,4,10,11,1
954,815,11,10,10
954,18,12,22,1
954,826,13,12,5
954,821,14,13,210
954,154,15,14,210
954,832,16,9,5
954,835,17,21,4
954,836,18,17,209
954,828,19,15,15
954,831,20,18,15
954,837,21,19,209
955,3,1,1,131
955,815,2,3,10
955,817,3,7,9
955,20,4,2,6
955,8,5,4,6
955,13,6,10,3
955,826,7,22,5
955,822,8,6,3
955,830,9,8,9
955,1,10,5,131
955,154,11,13,210
955,807,12,9,10
955,832,13,21,5
955,4,14,19,1
955,821,15,16,210
955,831,16,12,15
955,837,17,18,209
955,836,18,20,209
955,18,19,11,1
955,828,20,17,15
955,825,21,14,4
955,835,22,15,4
956,1,1,1,131
956,3,2,4,131
956,807,3,19,10
956,20,4,21,6
956,18,5,6,1
956,8,6,3,6
956,817,7,5,9
956,822,8,9,3
956,830,9,2,9
956,13,10,20,3
956,821,11,11,210
956,836,12,10,209
956,154,13,7,210
956,4,14,18,1
956,832,15,8,5
956,815,16,17,10
956,825,17,14,4
956,835,18,12,4
956,837,19,16,209
956,826,20,22,5
956,828,21,15,15
956,831,22,13,15
957,1,1,1,131
957,3,2,3,131
957,830,3,2,9
957,817,4,4,9
957,8,5,5,6
957,20,6,9,6
957,822,7,14,3
957,832,8,8,5
957,807,9,7,10
957,4,10,13,1
957,815,11,6,10
957,13,12,11,3
957,154,13,20,210
957,821,14,16,210
957,826,15,10,5
957,825,16,17,4
957,18,17,12,1
957,835,18,18,4
957,837,19,19,209
957,836,20,22,209
957,831,21,15,15
958,3,1,2,131
958,1,2,1,131
958,817,3,3,9
958,830,4,5,9
958,20,5,4,6
958,832,6,8,5
958,4,7,7,1
958,18,8,22,1
958,807,9,10,10
958,822,10,9,3
958,154,11,14,210
958,826,12,16,5
958,815,13,11,10
958,8,14,6,6
958,821,15,13,210
958,831,16,17,15
958,835,17,12,4
958,13,18,18,3
958,825,19,15,4
958,828,20,20,15
958,836,21,19,209
958,837,22,21,209
959,3,1,4,131
959,1,2,1,131
959,817,3,2,9
959,830,4,3,9
959,8,5,6,6
959,20,6,5,6
959,807,7,7,10
959,822,8,9,3
959,815,9,10,10
959,13,10,22,3
959,821,11,11,210
959,18,12,8,1
959,832,13,14,5
959,4,14,12,1
959,154,15,13,210
959,835,16,19,4
959,825,17,16,4
959,836,18,17,209
959,826,19,15,5
959,837,20,20,209
959,831,21,21,15
959,828,22,18,15
960,3,1,1,131
960,830,2,11,9
960,8,3,9,6
960,20,4,6,6
960,817,5,2,9
960,815,6,5,10
960,807,7,4,10
960,822,8,8,3
960,18,9,21,1
960,13,10,10,3
960,154,11,13,210
960,825,12,18,4
960,821,13,12,210
960,835,14,15,4
960,832,15,20,5
960,836,16,22,209
960,831,17,17,15
960,839,18,16,209
960,826,19,14,5
960,828,20,19,15
960,1,21,3,131
961,1,1,2,131
961,3,2,1,131
961,20,3,3,6
961,8,4,4,6
961,822,5,6,3
961,817,6,5,9
961,830,7,7,9
961,815,8,8,10
961,807,9,10,10
961,821,10,13,210
961,13,11,9,3
961,154,12,11,210
961,4,13,14,1
961,836,14,20,209
961,18,15,12,1
961,832,16,15,5
961,826,17,19,5
961,831,18,22,15
961,828,19,16,15
961,835,20,21,4
961,825,21,17,4
962,3,1,1,131
962,817,2,2,9
962,1,3,3,131
962,830,4,6,9
962,8,5,4,6
962,832,6,14,5
962,826,7,9,5
962,807,8,21,10
962,4,9,7,1
962,815,10,8,10
962,822,11,20,3
962,13,12,12,3
962,18,13,19,1
962,821,14,11,210
962,154,15,22,210
962,828,16,17,15
962,825,17,10,4
962,831,18,13,15
962,835,19,15,4
962,836,20,16,209
962,839,21,18,209
962,20,22,5,6
963,1,1,18,131
963,3,2,3,131
963,830,3,2,9
963,817,4,1,9
963,20,5,22,6
963,8,6,4,6
963,815,7,6,10
963,807,8,8,10
963,18,9,9,1
963,13,10,13,3
963,822,11,5,3
963,154,12,21,210
963,821,13,19,210
963,825,14,20,4
963,826,15,14,5
963,832,16,11,5
963,828,17,12,15
963,831,18,17,15
963,835,19,10,4
963,839,20,16,209
963,836,21,15,209
963,4,22,7,1
964,3,1,1,131
964,1,2,3,131
964,8,3,5,6
964,20,4,4,6
964,830,5,2,9
964,817,6,6,9
964,815,7,7,10
964,154,8,11,210
964,807,9,8,10
964,821,10,20,210
964,822,11,10,3
964,13,12,9,3
964,826,13,13,5
964,832,14,17,5
964,4,15,16,1
964,835,16,12,4
964,18,17,18,1
964,825,18,14,4
964,828,19,15,15
964,831,20,19,15
964,839,21,21,209
964,836,22,22,209
965,1,1,1,131
965,3,2,2,131
965,817,3,3,9
965,830,4,20,9
965,8,5,19,6
965,20,6,4,6
965,807,7,22,10
965,822,8,16,3
965,13,9,7,3
965,832,10,6,5
965,815,11,8,10
965,4,12,5,1
965,826,13,11,5
965,821,14,21,210
965,835,15,13,4
965,828,16,14,15
965,154,17,10,210
965,825,18,12,4
965,18,19,9,1
965,836,20,17,209
965,831,21,15,15
965,839,22,18,209
966,1,1,1,131
966,3,2,2,131
966,830,3,4,9
966,817,4,3,9
966,807,5,7,10
966,8,6,6,6
966,20,7,5,6
966,822,8,8,3
966,13,9,9,3
966,832,10,16,5
966,4,11,13,1
966,815,12,10,10
966,18,13,12,1
966,825,14,17,4
966,828,15,11,15
966,836,16,22,209
966,821,17,19,210
966,826,18,18,5
966,831,19,15,15
966,839,20,21,209
966,154,21,20,210
967,1,1,1,131
967,3,2,2,131
967,8,3,20,6
967,830,4,3,9
967,20,5,5,6
967,817,6,8,9
967,154,7,22,210
967,807,8,7,10
967,815,9,4,10
967,4,10,10,1
967,822,11,11,3
967,821,12,17,210
967,13,13,18,3
967,826,14,13,5
967,832,15,6,5
967,835,16,19,4
967,18,17,16,1
967,825,18,14,4
967,836,19,15,209
967,839,20,12,209
967,828,21,21,15
967,831,22,9,15
968,1,1,1,131
968,3,2,2,131
968,817,3,5,9
968,8,4,6,6
968,20,5,3,6
968,830,6,4,9
968,807,7,7,10
968,815,8,8,10
968,4,9,10,1
968,13,10,9,3
968,822,11,21,3
968,18,12,20,1
968,821,13,12,210
968,154,14,11,210
968,835,15,17,4
968,836,16,14,209
968,826,17,19,5
968,825,18,22,4
968,831,19,16,15
968,839,20,13,209
968,832,21,18,5
968,828,22,15,15
969,1,1,2,131
969,20,2,1,6
969,822,3,3,131
969,8,4,4,6
969,830,5,5,9
969,154,6,20,210
969,13,7,6,3
969,832,8,8,5
969,826,9,9,5
969,817,10,17,9
969,815,11,7,10
969,807,12,11,4
969,4,13,14,1
969,839,14,10,10
969,828,15,18,15
969,841,16,12,15
969,825,17,15,210
969,838,18,13,1
969,840,19,16,3
969,835,20,19,4
970,1,1,1,131
970,20,2,2,6
970,822,3,6,131
970,8,4,5,6
970,817,5,4,9
970,13,6,14,3
970,807,7,12,4
970,815,8,9,10
970,826,9,17,5
970,840,10,20,3
970,832,11,7,5
970,825,12,8,210
970,4,13,16,1
970,828,14,15,15
970,841,15,19,15
970,838,16,18,1
970,154,17,11,210
970,835,18,13,4
970,830,19,3,9
970,839,20,10,10
971,822,1,3,131
971,1,2,2,131
971,20,3,1,6
971,817,4,5,9
971,8,5,4,6
971,830,6,18,9
971,807,7,9,4
971,13,8,6,3
971,154,9,8,210
971,835,10,13,4
971,826,11,12,5
971,840,12,17,3
971,836,13,11,15
971,839,14,10,10
971,4,15,14,1
971,832,16,16,5
971,838,17,20,1
971,815,18,7,10
971,828,19,15,15
971,825,20,19,210
972,20,1,2,6
972,8,2,3,6
972,822,3,1,131
972,1,4,4,131
972,817,5,17,9
972,13,6,9,3
972,830,7,5,9
972,807,8,8,4
972,815,9,6,10
972,839,10,7,10
972,832,11,10,5
972,840,12,11,3
972,826,13,12,5
972,825,14,13,210
972,4,15,20,1
972,835,16,18,4
972,838,17,14,1
972,836,18,16,15
972,828,19,15,15
972,154,20,19,210
973,1,1,1,131
973,20,2,2,6
973,822,3,17,131
973,8,4,20,6
973,830,5,19,9
973,817,6,3,9
973,4,7,12,1
973,815,8,4,10
973,13,9,13,3
973,839,10,5,10
973,825,11,14,210
973,832,12,7,5
973,807,13,6,4
973,154,14,10,210
973,836,15,8,15
973,828,16,11,15
973,835,17,15,4
973,840,18,16,3
973,838,19,18,1
973,826,20,9,5
974,8,1,2,6
974,20,2,1,6
974,822,3,4,131
974,830,4,5,9
974,817,5,3,9
974,832,6,6,5
974,815,7,13,10
974,154,8,8,210
974,18,9,18,1
974,838,10,16,1
974,826,11,14,5
974,807,12,20,4
974,825,13,10,210
974,1,14,7,131
974,13,15,9,3
974,839,16,12,10
974,835,17,11,4
974,840,18,15,3
974,836,19,19,15
974,828,20,17,15
975,1,1,1,131
975,20,2,4,6
975,822,3,2,131
975,8,4,7,6
975,830,5,18,9
975,817,6,3,9
975,13,7,19,3
975,815,8,5,10
975,839,9,6,10
975,807,10,8,4
975,826,11,17,5
975,4,12,16,1
975,832,13,20,5
975,154,14,10,210
975,835,15,11,4
975,838,16,14,1
975,840,17,9,3
975,825,18,12,210
975,828,19,13,15
975,836,20,15,15
976,1,1,5,131
976,822,2,2,131
976,8,3,14,6
976,20,4,4,6
976,830,5,18,9
976,815,6,15,10
976,839,7,6,10
976,840,8,3,3
976,13,9,16,3
976,817,10,1,9
976,826,11,19,5
976,832,12,8,5
976,825,13,7,210
976,807,14,17,4
976,836,15,10,15
976,4,16,9,1
976,154,17,13,210
976,828,18,11,15
976,838,19,12,1
114,18,20,20,16
977,822,1,1,131
977,20,2,2,6
977,1,3,4,131
977,8,4,5,6
977,817,5,3,9
977,830,6,20,9
977,154,7,6,210
977,815,8,7,10
977,839,9,8,10
977,832,10,17,5
977,807,11,13,4
977,4,12,19,1
977,838,13,12,1
977,826,14,16,5
977,825,15,18,210
977,835,16,11,4
977,13,17,9,3
977,840,18,10,3
977,828,19,15,15
977,836,20,14,15
978,1,1,1,131
978,8,2,3,6
978,20,3,7,6
978,822,4,2,131
978,830,5,4,9
978,807,6,6,4
978,815,7,9,10
978,839,8,8,10
978,838,9,11,1
978,154,10,13,210
978,835,11,20,4
978,826,12,15,5
978,4,13,18,1
978,832,14,19,5
978,13,15,10,3
978,840,16,16,3
978,825,17,12,210
978,836,18,17,15
978,828,19,14,15
978,817,20,5,9
979,20,1,1,6
979,8,2,2,6
979,822,3,3,131
979,1,4,4,131
979,830,5,5,9
979,817,6,20,9
979,807,7,17,4
979,4,8,6,1
979,838,9,10,1
979,832,10,7,5
979,835,11,12,4
979,839,12,9,10
979,826,13,11,5
979,815,14,8,10
979,154,15,19,210
979,825,16,13,210
979,840,17,14,3
979,836,18,15,15
979,814,19,18,3
979,828,20,16,15
980,1,1,1,131
980,20,2,2,6
980,822,3,5,131
980,8,4,4,6
980,830,5,19,9
980,817,6,3,9
980,807,7,6,4
980,815,8,17,10
980,839,9,9,10
980,835,10,13,4
980,4,11,18,1
980,154,12,7,210
980,825,13,15,210
980,832,14,10,5
980,838,15,14,1
980,13,16,8,3
980,826,17,12,5
980,840,18,11,3
980,828,19,16,15
980,836,20,20,15
981,1,1,1,131
981,830,2,10,9
981,817,3,4,9
981,840,4,7,3
981,839,5,6,10
981,822,6,2,131
981,8,7,5,6
981,20,8,3,6
981,13,9,8,3
981,838,10,19,1
981,815,11,9,10
981,807,12,13,4
981,4,13,17,1
981,826,14,12,5
981,832,15,14,5
981,825,16,11,210
981,835,17,20,4
981,828,18,18,15
981,836,19,16,15
981,154,20,15,210
982,20,1,18,6
982,830,2,19,9
982,817,3,2,9
982,8,4,20,6
982,1,5,1,131
982,822,6,3,131
982,807,7,14,4
982,4,8,17,1
982,838,9,7,1
982,832,10,4,5
982,835,11,6,4
982,815,12,5,10
982,826,13,16,5
982,839,14,10,10
982,154,15,9,210
982,825,16,13,210
982,13,17,11,3
982,840,18,8,3
982,836,19,12,15
982,828,20,15,15
983,1,1,2,131
983,8,2,20,6
983,830,3,1,9
983,817,4,3,9
983,20,20,4,6
983,839,6,10,10
983,838,7,7,1
983,807,8,16,4
983,815,9,6,10
983,4,10,11,1
983,13,11,9,3
983,835,12,15,4
983,840,13,8,3
983,832,14,19,5
983,842,15,14,5
983,154,16,13,210
983,825,17,12,210
983,836,18,17,15
983,828,19,18,15
983,822,5,5,131
984,1,1,1,131
984,822,2,4,131
984,20,3,19,6
984,817,4,3,9
984,830,5,2,9
984,8,6,5,6
984,839,7,6,10
984,815,8,7,10
984,13,9,10,3
984,4,10,11,1
984,838,11,14,1
984,807,12,17,4
984,825,13,8,210
984,835,14,12,4
984,832,15,20,5
984,154,16,9,210
984,842,17,13,5
984,840,18,16,3
984,828,19,18,15
984,836,20,15,15
985,1,1,1,131
985,20,2,2,6
985,822,3,5,131
985,817,4,18,9
985,8,5,3,6
985,830,6,4,9
985,839,7,6,10
985,832,8,7,4
985,4,9,17,1
985,815,10,8,10
985,13,11,9,3
985,826,12,10,5
985,838,13,12,1
985,154,14,14,210
985,807,15,20,4
985,828,16,15,15
985,840,17,11,3
985,843,18,13,5
985,836,19,19,15
985,825,20,16,210
986,20,1,4,6
986,830,2,1,9
986,1,3,9,131
986,822,4,2,131
986,8,5,3,6
986,839,6,5,10
986,817,7,20,9
986,807,8,19,4
986,832,9,16,4
986,815,10,7,10
986,13,11,11,3
986,840,12,6,3
986,843,13,18,5
986,4,14,10,1
986,838,15,12,1
986,828,16,17,15
986,836,17,14,15
986,825,18,8,210
986,154,19,15,210
987,822,1,2,131
987,20,2,1,6
987,8,3,3,6
987,830,4,5,9
987,817,5,6,9
987,815,6,9,10
987,4,7,8,1
987,807,8,10,4
987,832,9,11,4
987,13,10,7,3
987,839,11,18,10
987,154,12,15,210
987,838,13,19,1
987,825,14,20,210
987,843,15,17,5
987,836,16,14,15
987,842,17,12,5
987,840,18,16,3
987,828,19,13,15
988,822,1,1,131
987,1,20,4,131
988,1,2,2,131
988,20,3,3,6
988,817,4,20,9
988,8,5,4,6
988,830,6,5,9
988,807,7,6,4
988,815,8,7,10
988,839,9,8,10
988,13,10,10,3
988,4,11,9,1
988,832,12,19,4
988,838,13,12,1
988,825,14,13,210
988,840,15,18,3
988,154,16,11,210
988,842,17,16,5
988,836,18,14,15
988,828,19,17,15
988,843,20,15,5
989,1,1,2,131
989,8,2,3,6
989,20,3,1,6
989,830,4,6,9
989,817,5,4,9
989,825,6,17,210
989,154,7,16,210
989,807,8,7,4
989,832,9,10,4
989,822,10,8,131
989,4,11,5,1
989,838,12,9,1
989,815,13,11,10
989,840,14,14,3
989,839,15,12,10
989,843,16,15,5
989,828,17,19,15
989,844,18,13,15
989,845,19,20,3
989,842,20,18,5
990,20,1,1,6
990,8,2,18,6
990,822,3,2,131
990,1,4,3,131
990,817,5,20,9
990,842,6,4,5
990,825,7,5,210
990,807,8,6,4
990,839,9,10,10
990,832,10,11,4
990,843,11,17,5
990,815,12,16,10
990,4,13,7,1
990,838,14,8,1
990,830,15,19,9
990,154,16,13,210
990,828,17,9,15
990,845,18,15,3
990,844,19,12,15
990,840,20,14,3
991,20,1,8,6
991,8,2,3,6
991,822,3,2,131
991,1,4,4,131
991,830,5,5,9
991,817,6,1,9
991,807,7,6,4
991,815,8,12,10
991,832,9,9,4
991,154,10,17,210
991,825,11,10,210
991,839,12,11,10
991,4,13,7,1
991,838,14,13,1
991,843,15,20,5
991,845,16,15,3
991,842,17,18,5
991,840,18,14,3
991,844,19,19,15
991,828,20,16,15
992,20,1,4,6
992,1,2,1,131
992,822,3,14,131
992,817,4,17,9
992,830,5,16,9
992,8,6,2,6
992,839,7,19,10
992,815,8,3,10
992,807,9,18,4
992,832,10,5,4
992,840,11,8,3
992,845,12,20,3
992,4,13,7,1
992,844,14,6,15
992,825,15,13,210
992,838,16,9,1
992,842,17,12,5
992,828,18,11,15
992,843,19,10,5
992,154,20,15,210
993,1,1,1,131
993,822,2,2,131
993,20,3,4,6
993,8,4,17,6
993,830,5,3,9
993,817,6,5,9
993,825,7,6,210
993,4,8,8,1
993,832,9,7,4
993,154,10,18,210
993,838,11,15,1
993,842,12,19,5
993,839,13,16,10
993,844,14,10,15
993,815,15,9,10
993,807,16,20,4
993,828,17,13,15
993,845,18,14,3
993,840,19,11,3
993,843,20,12,5
994,817,1,1,9
994,20,2,2,6
994,1,3,3,131
994,8,4,4,6
994,4,7,20,1
994,832,8,10,4
994,815,9,12,10
994,842,10,7,5
994,838,12,14,1
994,845,13,16,3
994,844,14,18,15
994,154,15,15,210
994,843,16,19,5
994,828,17,11,15
994,840,18,17,3
994,825,19,13,210
994,830,20,9,9
994,822,5,5,131
994,839,6,6,10
994,807,11,8,4
995,20,1,1,6
995,822,2,2,131
995,830,3,3,9
995,1,4,5,131
995,8,5,6,6
995,817,6,4,9
995,807,7,7,4
995,839,8,9,10
995,832,9,8,4
995,815,10,14,10
995,843,12,19,5
995,4,14,18,1
995,838,15,16,1
995,842,16,11,5
995,840,17,20,3
995,845,18,17,3
995,828,19,15,15
995,154,20,12,210
995,825,11,13,210
995,844,13,10,15
996,1,1,1,131
996,822,2,7,131
996,20,3,5,6
996,830,4,2,9
996,817,5,4,9
996,8,6,3,6
996,832,7,8,4
996,844,8,10,15
996,825,9,6,210
996,154,10,11,210
996,839,11,19,10
996,807,12,9,4
996,815,13,18,10
996,842,14,20,5
996,828,15,13,15
996,4,16,16,1
996,843,17,14,5
996,838,18,12,1
996,845,19,15,3
996,840,20,17,3
997,822,1,19,131
997,1,2,16,131
997,20,3,3,6
997,8,4,2,6
997,830,5,1,9
997,154,6,4,210
997,817,7,18,9
997,825,8,5,210
997,832,9,12,4
997,807,10,20,4
997,839,11,6,10
997,842,12,11,5
997,844,13,9,15
997,4,14,8,1
997,840,15,14,3
997,838,16,15,1
997,815,17,7,10
997,845,18,13,3
997,843,19,17,5
997,828,20,10,15
998,1,1,2,131
998,20,2,1,6
998,8,3,3,6
998,822,4,4,131
998,830,5,15,9
998,817,6,5,9
998,825,7,9,210
998,154,8,16,210
998,844,9,19,15
998,839,10,7,10
998,807,11,6,4
998,815,12,10,10
998,4,13,8,1
998,842,14,13,5
998,828,15,18,15
998,832,16,17,4
998,838,17,11,1
998,845,18,14,3
998,840,19,12,3
998,843,20,20,5
999,20,1,18,6
999,822,2,2,131
999,8,3,3,6
999,830,4,4,9
999,825,5,11,210
999,154,6,6,210
999,807,7,5,4
999,832,8,12,4
999,844,9,15,15
999,815,10,7,10
999,4,11,16,1
999,845,12,19,3
999,828,13,9,15
999,1,14,1,131
999,817,15,20,9
999,839,16,8,10
999,842,17,14,5
999,843,18,10,5
999,840,19,17,3
999,838,20,13,1
1000,8,3,3,6
1000,20,4,2,6
1000,832,5,9,4
1000,842,6,6,5
1000,830,7,19,9
1000,843,8,11,5
1000,825,9,7,210
1000,154,10,10,210
1000,4,11,8,1
1000,817,12,4,9
1000,807,13,12,4
1000,828,14,15,15
1000,840,15,17,3
1000,838,16,18,1
1000,844,17,20,15
1000,839,18,13,10
1000,815,19,14,10
1000,845,20,16,3
1000,1,1,1,131
1000,822,2,5,131
1001,1,1,2,131
1001,20,2,1,6
1001,839,3,6,10
1001,815,4,5,10
1001,154,5,7,210
1001,8,6,17,6
1001,830,7,3,9
1001,817,8,16,9
1001,825,9,8,210
1001,822,10,4,131
1001,842,11,9,5
1001,843,12,14,5
1001,844,13,18,15
1001,828,14,10,15
1001,807,15,20,4
1001,832,16,11,4
1001,4,17,19,1
1001,845,18,12,3
1001,840,19,13,3
1001,838,20,15,1
1002,8,1,2,6
1002,20,2,4,6
1002,1,3,1,131
1002,822,4,3,131
1002,830,5,5,9
1002,154,6,20,210
1002,832,7,8,4
1002,839,8,6,10
1002,842,9,14,5
1002,840,10,9,3
1002,825,11,16,210
1002,845,12,10,3
1002,4,13,18,1
1002,807,14,13,4
1002,817,15,17,9
1002,815,16,7,10
1002,844,17,11,15
1002,843,18,19,5
1002,828,19,15,15
1002,838,20,12,1
1003,1,1,1,131
1003,830,2,2,9
1003,20,3,3,6
1003,822,4,4,131
1003,8,5,5,6
1003,817,6,6,9
1003,815,7,16,10
1003,154,8,15,210
1003,839,9,20,10
1003,807,10,10,4
1003,4,11,7,1
1003,832,12,8,4
1003,844,13,9,15
1003,828,14,11,15
1003,842,15,13,5
1003,825,16,18,210
1003,843,17,17,5
1003,838,18,12,1
1003,845,19,19,3
1003,840,20,14,3
1004,822,1,2,131
1004,1,2,1,131
1004,20,3,3,6
1004,8,4,4,6
1004,825,5,8,210
1004,839,6,9,10
1004,844,7,7,15
1004,815,8,10,10
1004,154,9,11,210
1004,828,10,13,15
1004,830,11,5,9
1004,817,12,6,9
1004,842,13,19,5
1004,832,14,17,4
1004,807,15,12,4
1004,843,16,20,5
1004,4,17,14,1
1004,845,18,18,3
1004,838,19,16,1
1004,840,20,15,3
1005,1,1,1,131
1005,822,2,2,131
1005,830,3,3,9
1005,8,4,5,6
1005,154,5,8,210
1005,843,6,13,5
1005,842,7,11,5
1005,839,8,9,10
1005,20,9,6,6
1005,815,10,7,10
1005,844,11,18,15
1005,825,12,20,210
1005,832,13,10,4
1005,840,14,17,3
1005,817,15,4,9
1005,807,16,19,4
1005,845,17,16,3
1005,4,18,14,1
1005,838,19,15,1
1005,828,20,12,15
1006,1,1,3,131
1006,20,2,4,6
1006,8,3,1,6
1006,822,4,5,131
1006,817,5,16,9
1006,839,6,19,10
1006,807,7,6,4
1006,154,8,17,210
1006,844,9,15,15
1006,815,10,8,10
1006,832,11,7,4
1006,825,12,20,210
1006,842,13,12,5
1006,843,14,9,5
1006,830,15,2,9
1006,4,16,18,1
1006,845,17,13,3
1006,840,18,14,3
1006,828,19,10,15
1006,838,20,11,1
1007,817,1,17,9
1007,830,2,1,9
1007,1,3,4,131
1007,20,4,2,6
1007,822,5,5,131
1007,8,6,3,6
1007,807,7,6,4
1007,832,8,19,4
1007,844,9,7,15
1007,828,10,9,15
1007,839,11,11,10
1007,815,13,18,10
1007,843,14,14,5
1007,842,15,10,5
1007,154,16,16,210
1007,838,17,8,1
1007,825,18,15,210
1007,840,19,12,3
1007,845,20,13,3
1007,4,12,20,1
1008,1,1,1,131
1008,20,2,6,6
1008,822,3,5,131
1008,8,4,3,6
1008,830,5,2,9
1008,817,6,4,9
1008,828,7,20,15
1008,844,8,7,15
1008,154,9,8,210
1008,842,10,13,5
1008,825,11,9,210
1008,815,12,10,10
1008,839,13,15,10
1008,807,14,19,4
1008,845,15,16,3
1008,832,16,12,4
1008,843,17,11,5
1008,4,18,17,1
1008,840,19,18,3
1008,838,20,14,1
1009,1,1,1,131
1009,822,2,5,131
1009,20,3,2,6
1009,8,4,19,6
1009,817,5,4,9
1009,830,6,3,9
1009,154,7,9,210
1009,844,8,7,15
1009,839,9,17,10
1009,807,10,20,4
1009,832,11,6,4
1009,828,12,18,15
1009,825,13,10,210
1009,815,14,8,10
1009,4,15,11,1
1009,843,16,12,5
1009,842,17,16,5
1009,838,18,14,1
1009,845,19,15,3
1009,840,20,13,3
1010,1,1,2,131
1010,822,2,1,131
1010,20,3,4,6
1010,830,4,3,9
1010,844,5,5,6
1010,154,6,18,210
1010,825,7,6,210
1010,846,8,12,1
1010,8,9,8,51
1010,815,10,13,211
1010,807,11,7,4
1010,817,12,19,4
1010,848,13,14,5
1010,841,14,15,51
1010,826,15,10,5
1010,840,16,9,211
1010,842,17,11,9
1010,832,18,20,1
1010,847,19,16,3
1010,9,20,17,3
1011,844,1,3,6
1011,20,2,5,6
1011,1,3,1,131
1011,822,4,2,131
1011,830,5,4,9
1011,825,6,13,210
1011,832,7,19,1
1011,154,8,20,210
1011,8,9,7,51
1011,846,10,6,1
1011,817,11,18,4
1011,848,12,9,5
1011,842,13,8,9
1011,815,14,10,211
1011,826,15,12,5
1011,841,16,11,51
1011,807,17,17,4
1011,840,18,14,211
1011,847,19,15,3
1011,9,20,16,3
1012,822,1,2,131
1012,1,2,1,131
1012,20,3,3,6
1012,844,4,5,6
1012,830,5,4,9
1012,842,6,6,9
1012,817,7,7,4
1012,807,8,20,4
1012,825,9,13,210
1012,154,10,11,210
1012,826,11,19,5
1012,815,12,8,211
1012,8,13,9,51
1012,832,14,14,1
1012,846,15,18,1
1012,840,16,12,211
1012,847,17,16,3
1012,9,18,17,3
1013,822,1,1,131
1013,1,2,2,131
1013,20,3,3,6
1013,830,4,4,9
1013,815,5,6,211
1013,826,6,19,5
1013,846,7,8,1
1013,841,8,12,51
1013,844,9,5,6
1013,832,10,7,1
1013,817,11,20,4
1013,848,12,11,5
1013,825,13,13,210
1013,840,14,9,211
1013,154,15,18,210
1013,807,16,14,4
1013,847,17,15,3
1013,9,18,16,3
1013,8,19,10,51
1013,842,20,17,9
1014,822,1,2,131
1014,1,2,1,131
1014,20,3,4,6
1014,830,4,3,9
1014,844,5,5,6
1014,842,6,6,9
1014,154,7,10,210
1014,825,8,7,210
1014,826,9,9,5
1014,817,10,12,4
1014,846,11,20,1
1014,848,12,11,5
1014,832,13,8,1
1014,8,14,14,51
1014,815,15,15,211
1014,807,16,13,4
1014,840,17,19,211
1014,841,18,16,51
1014,847,19,17,3
1014,9,20,18,3
1015,1,1,1,131
1015,822,2,3,131
1015,830,3,4,9
1015,20,4,2,6
1015,842,5,5,9
1015,825,6,14,210
1015,817,7,9,4
1015,826,8,7,5
1015,832,9,6,1
1015,848,10,8,5
1015,807,11,13,4
1015,846,12,11,1
1015,154,13,10,210
1015,8,14,17,51
1015,841,15,19,51
1015,844,16,20,6
1015,815,17,12,211
1015,840,18,16,211
1015,847,19,15,3
1015,9,20,18,3
1016,20,1,2,6
1016,1,2,1,131
1016,844,3,3,6
1016,817,4,6,4
1016,842,5,8,9
1016,822,6,4,131
1016,807,7,7,4
1016,846,8,20,1
1016,832,9,11,1
1016,825,10,17,210
1016,830,11,5,9
1016,826,12,10,5
1016,841,13,13,51
1016,848,14,19,5
1016,154,15,14,210
1016,815,16,12,211
1016,8,17,15,51
1016,840,18,9,211
1016,847,19,16,3
1016,9,20,18,3
1017,1,1,1,131
1017,822,2,2,131
1017,844,3,3,6
1017,830,4,4,9
1017,846,5,9,1
1017,832,6,6,1
1017,20,7,5,6
1017,817,8,11,4
1017,842,9,10,9
1017,841,10,16,51
1017,848,11,15,5
1017,8,12,7,51
1017,807,13,8,4
1017,815,14,12,211
1017,825,15,17,210
1017,826,16,14,5
1017,154,17,20,210
1017,840,18,13,211
1017,847,19,19,3
1017,9,20,18,3
1018,844,1,2,6
1018,1,2,5,131
1018,830,3,1,9
1018,822,4,3,131
1018,825,5,19,210
1018,846,6,6,1
1018,8,7,9,51
1018,841,8,10,51
1018,842,9,7,9
1018,20,10,4,6
1018,154,11,16,210
1018,807,12,13,4
1018,848,13,15,5
1018,817,14,12,4
1018,832,15,8,1
1018,815,16,11,211
1018,840,17,14,211
1018,826,18,17,5
1018,847,19,18,3
1018,9,20,20,3
1019,822,1,2,131
1019,1,2,1,131
1019,844,3,3,6
1019,830,4,5,9
1019,842,5,4,9
1019,20,6,16,6
1019,817,7,7,4
1019,846,8,11,1
1019,848,9,12,5
1019,807,10,10,4
1019,841,11,18,51
1019,8,12,8,51
1019,832,13,6,1
1019,154,14,19,210
1019,815,15,17,211
1019,825,16,20,210
1019,826,17,9,5
1019,840,18,13,211
1019,847,19,14,3
1019,9,20,15,3
1020,1,1,9,131
1020,830,2,1,9
1020,822,3,15,131
1020,842,4,14,9
1020,8,5,12,51
1020,154,6,7,210
1020,832,7,5,1
1020,815,8,20,211
1020,807,9,16,4
1020,844,10,17,6
1020,841,11,13,51
1020,825,12,8,210
1020,817,13,19,4
1020,826,14,3,5
1020,840,15,4,211
1020,846,16,18,1
1020,848,17,6,5
1020,847,18,11,3
1020,9,19,10,3
1020,20,20,2,6
1021,830,1,2,9
1021,822,2,8,131
1021,1,3,1,131
1021,844,4,4,6
1021,20,5,3,6
1021,842,6,6,9
1021,846,7,9,1
1021,832,8,5,1
1021,154,9,20,210
1021,8,10,7,51
1021,807,11,12,4
1021,848,12,10,5
1021,826,13,15,5
1021,841,14,18,51
1021,825,15,13,210
1021,847,16,16,3
1021,815,17,11,211
1021,817,18,14,4
1021,840,19,17,211
1021,9,20,19,3
1022,844,1,1,6
1022,20,2,4,6
1022,1,3,2,131
1022,822,4,3,131
1022,830,5,20,9
1022,817,6,14,4
1022,807,7,8,4
1022,8,8,16,51
1022,815,9,6,211
1022,825,10,12,210
1022,154,11,13,210
1022,846,12,11,1
1022,840,13,10,211
1022,848,14,5,9
1022,841,15,18,51
1022,842,16,9,5
1022,832,17,19,1
1022,826,18,7,5
1022,847,19,15,3
1022,9,20,17,3
1023,844,1,1,6
1023,1,2,3,131
1023,822,3,2,131
1023,20,4,13,6
1023,817,5,4,4
1023,807,6,5,4
1023,832,7,20,1
1023,848,8,6,9
1023,840,9,12,211
1023,8,10,15,51
1023,841,11,9,51
1023,825,12,18,210
1023,826,13,19,5
1023,846,14,10,1
1023,842,15,11,5
1023,154,16,16,210
1023,815,17,7,211
1023,847,18,14,3
1023,9,19,17,3
1023,830,20,8,9
1024,844,1,2,6
1024,1,2,4,131
1024,20,3,1,6
1024,830,4,3,9
1024,822,5,5,131
1024,848,6,6,9
1024,832,7,12,1
1024,807,8,9,4
1024,846,9,7,1
1024,815,10,19,211
1024,841,11,10,51
1024,842,12,8,5
1024,8,13,18,51
1024,825,14,17,210
1024,826,15,15,5
1024,840,16,13,211
1024,154,17,11,210
1024,847,18,20,3
1024,9,19,16,3
1024,817,20,14,4
1025,844,1,3,6
1025,1,2,1,131
1025,20,3,18,6
1025,830,4,4,9
1025,822,5,2,131
1025,832,6,6,1
1025,807,7,10,4
1025,846,8,8,1
1025,154,9,20,210
1025,817,10,19,4
1025,842,11,14,5
1025,815,12,7,211
1025,841,13,15,51
1025,825,14,9,210
1025,840,15,11,211
1025,8,16,13,51
1025,847,17,17,3
1025,9,18,16,3
1025,848,19,5,9
1025,826,20,12,5
1026,20,1,2,6
1026,844,2,6,6
1026,822,3,1,131
1026,1,4,3,131
1026,830,5,18,9
1026,848,6,4,9
1026,832,7,5,1
1026,846,8,11,1
1026,842,9,7,5
1026,154,10,13,210
1026,841,11,14,51
1026,840,12,9,211
1026,8,13,12,51
1026,826,14,10,5
1026,807,15,20,4
1026,817,16,19,4
1026,815,17,8,211
1026,847,18,16,3
1026,825,19,15,210
1026,9,20,17,3
1027,830,1,6,9
1027,844,2,4,6
1027,20,3,2,6
1027,1,4,1,131
1027,848,5,5,9
1027,822,6,3,131
1027,832,7,13,1
1027,846,8,20,1
1027,826,9,11,5
1027,842,10,9,5
1027,815,11,7,211
1027,807,12,10,4
1027,817,13,8,4
1027,8,14,19,51
1027,841,15,14,51
1027,840,16,12,211
1027,825,17,15,210
1027,154,18,17,210
1027,847,19,16,3
1027,9,20,18,3
1028,822,1,1,131
1028,20,2,20,6
1028,830,3,3,9
1028,844,4,4,6
1028,1,5,2,131
1028,848,6,5,9
1028,832,7,8,1
1028,846,8,7,1
1028,817,9,6,4
1028,842,10,16,5
1028,807,11,9,4
1028,825,12,18,210
1028,826,13,12,5
1028,840,14,13,211
1028,154,15,15,210
1028,841,16,14,51
1028,8,17,11,51
1028,847,18,17,3
1028,815,19,10,211
1028,9,20,19,3
1029,830,1,1,9
1029,20,2,17,6
1029,1,3,7,131
1029,844,4,18,6
1029,822,5,20,131
1029,848,6,14,9
1029,842,7,2,5
1029,154,8,13,210
1029,8,9,4,51
1029,825,10,11,210
1029,846,11,8,1
1029,817,12,6,4
1029,841,13,5,51
1029,807,14,15,4
1029,815,15,9,211
1029,826,16,10,5
1029,840,17,19,211
1029,847,18,12,3
1029,9,19,16,3
1029,832,20,3,1
1030,1,1,1,131
1030,822,2,4,131
1030,830,3,2,9
1030,844,4,3,6
1030,20,5,5,6
1030,848,6,6,9
1030,846,7,8,1
1030,817,8,11,4
1030,832,9,10,1
1030,807,10,12,4
1030,815,11,7,211
1030,842,12,18,5
1030,840,13,20,211
1030,826,14,9,5
1030,825,15,14,210
1030,154,16,15,210
1030,841,17,16,51
1030,8,18,13,51
1030,847,19,17,3
1030,9,20,19,3
1031,822,1,1,131
1031,1,2,4,131
1031,830,3,20,9
1031,846,4,3,1
1031,848,5,13,9
1031,815,6,6,211
1031,844,7,2,6
1031,832,8,5,1
1031,840,9,18,211
1031,817,10,19,4
1031,20,11,10,6
1031,842,12,7,213
1031,826,13,12,213
1031,839,14,8,4
1031,154,15,16,210
1031,825,16,17,210
1031,847,17,15,3
1031,841,18,9,51
1031,8,19,14,51
1031,849,20,11,3
1032,1,1,1,131
1032,830,2,3,9
1032,832,3,9,1
1032,822,4,2,131
1032,839,5,18,4
1032,846,6,5,1
1032,848,7,4,9
1032,842,8,15,213
1032,817,9,8,4
1032,20,10,20,6
1032,844,11,19,6
1032,847,12,16,3
1032,840,13,7,211
1032,826,14,10,213
1032,825,15,12,210
1032,8,16,11,51
1032,815,17,6,211
1032,849,18,17,3
1032,841,19,14,51
1032,154,20,13,210
1033,822,2,3,131
1033,840,3,4,211
1033,815,4,7,211
1033,20,5,6,6
1033,844,6,11,6
1033,830,7,2,9
1033,846,8,13,1
1033,832,9,9,1
1033,842,10,20,213
1033,817,11,8,4
1033,847,12,18,3
1033,848,13,5,9
1033,839,14,14,4
1033,849,15,19,3
1033,825,16,10,210
1033,826,17,12,213
1033,154,18,16,210
1033,841,19,17,51
1033,8,20,15,51
1033,1,1,1,131
1034,1,1,1,131
1034,822,2,11,131
1034,830,3,2,9
1034,844,4,3,6
1034,846,5,5,1
1034,840,6,9,211
1034,832,7,13,1
1034,817,8,4,4
1034,839,9,6,4
1034,20,10,10,6
1034,842,11,7,213
1034,848,12,8,9
1034,807,13,20,211
1034,826,14,18,213
1034,847,15,12,3
1034,825,16,19,210
1034,841,17,14,51
1034,8,18,17,51
1034,154,19,16,210
1034,849,20,15,3
1035,822,1,3,131
1035,1,2,2,131
1035,807,3,7,211
1035,830,4,1,9
1035,817,5,14,4
1035,840,6,6,211
1035,842,7,11,213
1035,844,8,4,6
1035,848,9,5,9
1035,846,10,9,1
1035,839,11,8,4
1035,20,12,12,6
1035,832,13,13,1
1035,154,14,16,210
1035,847,15,18,3
1035,826,16,10,213
1035,825,17,20,210
1035,849,18,19,3
1035,841,19,17,51
1035,8,20,15,51
1036,1,1,1,131
1036,822,2,3,131
1036,830,3,2,9
1036,815,4,5,211
1036,840,5,4,211
1036,848,6,8,9
1036,832,7,6,1
1036,846,8,10,1
1036,844,9,20,6
1036,842,10,9,213
1036,20,11,7,6
1036,826,12,12,213
1036,817,13,11,4
1036,8,14,14,51
1036,839,15,13,4
1036,825,16,15,210
1036,154,17,19,210
1036,847,18,17,3
1036,849,19,18,3
1036,841,20,16,51
1037,1,1,1,131
1037,822,2,2,131
1037,830,3,3,9
1037,817,4,4,4
1037,848,5,6,9
1037,839,6,5,4
1037,832,7,20,1
1037,815,8,10,211
1037,840,9,9,211
1037,846,10,7,1
1037,826,11,11,213
1037,842,12,8,213
1037,844,13,14,6
1037,20,14,13,6
1037,847,15,19,3
1037,8,16,12,51
1037,154,17,15,210
1037,841,18,18,51
1037,849,19,16,3
1037,825,20,17,210
1038,1,1,7,131
1038,822,2,5,131
1038,832,3,2,1
1038,815,4,10,211
1038,830,5,17,9
1038,846,6,4,1
1038,817,7,6,4
1038,840,8,3,211
1038,848,9,15,9
1038,842,10,1,213
1038,826,11,9,213
1038,839,12,8,4
1038,844,13,18,6
1038,8,14,13,51
1038,825,15,19,210
1038,154,16,12,210
1038,20,17,20,6
1038,841,18,16,51
1038,847,19,14,3
1038,849,20,11,3
1039,1,1,1,131
1039,822,2,2,131
1039,830,3,19,9
1039,848,4,3,9
1039,844,5,8,6
1039,815,6,5,211
1039,840,7,13,211
1039,817,8,4,4
1039,832,9,18,1
1039,839,10,14,4
1039,846,11,6,1
1039,826,12,7,213
1039,8,13,9,51
1039,20,14,10,6
1039,154,15,12,210
1039,842,16,20,213
1039,841,17,17,51
1039,847,18,11,3
1039,849,19,15,3
1039,825,20,16,210
1040,1,1,3,131
1040,830,2,2,9
1040,822,3,1,131
1040,815,4,4,211
1040,817,5,5,4
1040,832,6,19,1
1040,839,7,7,4
1040,846,8,15,1
1040,842,9,9,213
1040,848,10,10,9
1040,844,11,6,6
1040,826,12,8,213
1040,840,13,20,211
1040,847,14,18,3
1040,20,15,13,6
1040,154,16,17,210
1040,841,17,11,51
1040,825,18,12,210
1040,849,19,16,3
1040,8,20,14,51
1041,822,1,19,131
1041,1,2,1,131
1041,830,3,2,9
1041,844,4,7,6
1041,848,5,17,9
1041,817,6,3,4
1041,839,7,18,4
1041,846,8,16,1
1041,815,9,4,211
1041,832,10,5,1
1041,20,11,11,6
1041,842,12,6,213
1041,826,13,15,213
1041,841,14,10,51
1041,825,15,13,210
1041,154,16,9,210
1041,847,17,20,3
1041,849,18,14,3
1041,8,19,12,51
1041,807,20,8,211
1042,840,12,20,211
1042,839,11,8,4
1042,817,10,9,4
1042,842,9,5,213
1042,846,8,13,1
1042,832,7,6,1
1042,848,6,12,9
1042,815,5,7,211
1042,844,4,4,6
1042,830,3,3,9
1042,822,2,2,131
1042,1,1,1,131
1042,826,13,19,213
1042,847,14,14,3
1042,20,15,10,6
1042,8,16,11,51
1042,841,17,15,51
1042,154,18,17,210
1042,825,19,16,210
1042,849,20,18,3
1043,822,1,2,131
1043,1,2,1,131
1043,830,3,17,9
1043,842,4,20,213
1043,817,5,3,4
1043,848,6,15,9
1043,844,7,5,6
1043,826,8,4,213
1043,846,9,8,1
1043,832,10,7,1
1043,815,11,6,211
1043,839,12,19,4
1043,847,13,16,3
1043,20,14,12,6
1043,840,15,13,211
1043,154,16,14,210
1043,825,17,18,210
1043,8,18,9,51
1043,849,19,11,3
1043,841,20,10,51
1044,840,1,9,211
1044,830,2,6,9
1044,815,3,2,211
1044,848,4,7,9
1044,817,5,10,4
1044,1,6,1,131
1044,839,7,11,4
1044,8,8,15,51
1044,822,9,14,131
1044,841,10,20,51
1044,846,11,8,1
1044,20,12,3,6
1044,832,13,5,1
1044,844,14,4,6
1044,842,15,13,213
1044,825,16,17,210
1044,826,17,12,213
1044,847,18,16,3
1044,154,19,18,210
1044,849,20,19,3
1045,1,1,1,131
1045,822,2,8,131
1045,830,3,2,9
1045,848,4,3,9
1045,815,5,18,211
1045,817,6,7,4
1045,839,7,9,4
1045,842,8,6,213
1045,846,9,4,1
1045,826,10,11,213
1045,20,11,13,6
1045,844,12,10,6
1045,840,13,19,211
1045,847,14,12,3
1045,832,15,5,1
1045,841,16,16,51
1045,8,17,15,51
1045,825,18,17,210
1045,154,19,20,210
1045,849,20,14,3
1046,822,1,8,131
1046,847,2,9,131
1046,830,3,19,9
1046,844,4,20,6
1046,815,5,1,211
1046,826,6,7,213
1046,817,7,5,4
1046,832,8,4,1
1046,842,9,11,213
1046,840,10,3,211
1046,839,11,2,4
1046,848,12,6,9
1046,20,13,12,6
1046,841,14,13,51
1046,846,15,10,1
1046,825,16,15,210
1046,849,17,18,3
1046,851,18,16,3
1046,8,19,14,51
1046,850,20,17,210
1047,830,1,1,9
1047,822,2,2,131
1047,1,3,3,131
1047,846,4,5,1
1047,848,5,4,9
1047,832,6,6,1
1047,826,7,11,213
1047,840,8,10,211
1047,844,9,13,6
1047,842,10,8,213
1047,839,11,9,4
1047,817,12,7,4
1047,20,13,14,6
1047,841,14,16,51
1047,815,15,20,211
1047,8,16,12,51
1047,825,17,18,210
1047,847,18,15,3
1047,850,19,19,210
1047,849,20,17,3
1052,830,1,2,9
1052,1,2,1,131
1052,822,3,3,131
1052,844,4,6,6
1052,842,5,17,213
1052,817,6,7,1
1052,846,7,4,1
1052,832,8,8,6
1052,4,9,19,214
1052,840,10,10,117
1052,815,11,5,9
1052,841,12,12,51
1052,852,13,9,213
1052,8,14,11,51
1052,847,15,14,3
1052,839,16,13,214
1052,849,17,18,3
1052,20,18,15,117
1052,854,19,16,210
1052,853,20,20,210
1053,1,1,2,131
1053,815,2,11,9
1053,830,3,1,9
1053,844,4,4,6
1053,842,5,7,213
1053,817,6,6,1
1053,846,7,3,1
1053,822,8,18,131
1053,839,9,9,214
1053,840,10,8,117
1053,832,11,5,6
1053,847,12,19,3
1053,20,13,15,117
1053,849,14,20,3
1053,4,15,10,214
1053,8,16,13,51
1053,841,17,14,51
1053,854,18,16,210
1053,853,19,17,210
1053,852,20,12,213
1054,822,1,3,131
1054,1,2,1,131
1054,830,3,2,9
1054,815,4,4,9
1054,832,5,11,6
1054,839,6,7,214
1054,846,7,5,1
1054,844,8,6,6
1054,842,9,10,213
1054,20,10,13,117
1054,847,11,16,3
1054,841,12,12,51
1054,4,13,8,214
1054,852,14,15,213
1054,8,15,20,51
1054,817,16,9,1
1054,840,17,14,117
1054,849,18,18,3
1054,854,19,17,210
1054,853,20,19,210
1055,1,1,1,131
1055,830,2,2,9
1055,822,3,3,131
1055,844,4,4,6
1055,839,5,9,214
1055,832,6,7,6
1055,817,7,6,1
1055,815,8,5,9
1055,846,9,8,1
1055,4,10,17,214
1055,840,11,11,117
1055,842,12,10,213
1055,20,13,13,117
1055,841,14,15,51
1055,847,15,14,3
1055,852,16,20,213
1055,8,17,12,51
1055,854,18,18,210
1055,849,19,16,3
1055,853,20,19,210
1056,844,1,20,6
1056,830,2,1,9
1056,822,3,19,131
1056,832,4,2,6
1056,846,5,3,1
1056,842,6,6,213
1056,1,7,7,131
1056,20,8,5,117
1056,815,9,4,9
1056,841,10,10,51
1056,839,11,9,214
1056,817,12,12,1
1056,840,13,8,117
1056,8,14,11,51
1056,847,15,14,3
1056,852,16,16,213
1056,4,17,13,214
1056,849,18,15,3
1056,853,19,17,210
1057,844,1,4,6
1057,1,2,15,131
1057,830,3,18,9
1057,842,4,3,213
1057,832,5,8,6
1057,846,6,5,1
1057,815,7,1,9
1057,852,8,7,213
1057,4,9,6,214
1057,822,10,12,131
1057,20,11,2,117
1057,839,12,20,214
1057,817,13,9,1
1057,8,14,10,51
1057,847,15,17,3
1057,849,16,16,3
1057,854,17,13,210
1057,853,18,14,210
1057,840,19,19,117
1057,841,20,11,51
1059,830,1,1,9
1059,1,2,2,131
1059,822,3,4,131
1059,815,4,3,9
1059,832,5,11,6
1059,842,6,7,213
1059,844,7,16,6
1059,846,8,5,1
1059,4,9,8,214
1059,817,10,6,1
1059,839,11,14,214
1059,20,12,9,117
1059,841,13,15,51
1059,847,14,12,3
1059,854,15,19,210
1059,849,16,18,3
1059,8,17,17,51
1059,853,18,20,210
1059,840,19,10,117
1059,852,20,13,213
1058,830,1,1,9
1058,822,2,3,131
1058,1,3,2,131
1058,846,4,5,1
1058,815,5,4,9
1058,842,6,20,213
1058,844,7,7,6
1058,852,8,10,213
1058,4,9,9,214
1058,840,10,8,117
1058,847,11,19,3
1058,832,12,6,6
1058,817,13,13,1
1058,20,14,12,117
1058,841,15,15,51
1058,849,16,17,3
1058,839,17,14,214
1058,8,18,11,51
1058,854,19,16,210
1058,853,20,18,210
1060,830,1,1,9
1060,846,2,3,1
1060,815,3,6,9
1060,1,4,4,131
1060,822,5,2,131
1060,842,6,9,213
1060,852,7,12,213
1060,20,8,17,117
1060,847,9,11,3
1060,840,10,13,117
1060,832,11,5,6
1060,844,12,8,6
1060,817,13,7,1
1060,4,14,10,214
1060,841,15,14,51
1060,8,16,15,51
1060,839,17,20,214
1060,849,18,16,3
1060,854,19,18,210
1060,853,20,19,210
1061,1,1,1,131
1061,830,2,20,9
1061,822,3,3,131
1061,844,4,2,6
1061,815,5,16,9
1061,846,6,4,1
1061,817,7,5,1
1061,847,8,12,3
1061,832,9,6,6
1061,20,10,19,117
1061,4,11,7,214
1061,842,12,11,213
1061,839,13,9,214
1061,841,14,13,51
1061,840,15,8,117
1061,852,16,10,213
1061,8,17,15,51
1061,849,18,14,3
1061,854,19,18,210
1061,853,20,17,210
1062,1,1,2,131
1062,822,2,16,131
1062,830,3,9,9
1062,815,4,17,9
1062,842,5,5,213
1062,846,6,15,1
1062,844,7,18,6
1062,839,8,1,214
1062,4,9,4,214
1062,20,10,20,117
1062,817,11,11,1
1062,840,12,19,117
1062,8,13,10,51
1062,841,14,13,51
1062,832,15,3,6
1062,852,16,6,213
1062,847,17,8,3
1062,849,18,7,3
1062,853,19,14,210
1062,854,20,12,210
1063,830,1,1,9
1063,847,2,2,3
1063,1,3,3,131
1063,817,4,4,1
1063,20,5,5,117
1063,842,6,6,213
1063,815,7,19,9
1063,822,8,12,131
1063,839,9,7,214
1063,846,10,14,1
1063,844,11,8,6
1063,849,12,9,3
1063,832,13,10,6
1063,4,14,11,214
1063,840,15,20,117
1063,841,16,13,51
1063,852,17,15,213
1063,854,18,16,210
1063,8,19,18,51
1063,853,20,17,210
1064,830,1,1,9
1064,1,2,2,131
1064,822,3,3,131
1064,842,4,4,213
1064,844,5,5,6
1064,832,6,7,6
1064,841,7,14,51
1064,839,8,9,214
1064,4,9,6,214
1064,817,10,11,1
1064,847,11,17,3
1064,840,12,12,117
1064,846,13,10,1
1064,849,14,16,3
1064,852,15,19,213
1064,815,16,8,9
1064,20,17,13,117
1064,9,18,15,51
1064,854,19,18,210
1064,853,20,20,210
1065,822,1,3,131
1065,1,2,17,131
1065,830,3,18,9
1065,846,4,2,1
1065,817,5,1,1
1065,842,6,19,213
1065,832,7,6,6
1065,844,8,4,6
1065,815,9,5,9
1065,841,10,13,51
1065,20,11,12,117
1065,840,12,7,117
1065,4,13,8,214
1065,839,14,10,214
1065,847,15,9,3
1065,849,16,11,3
1065,852,17,20,213
1065,854,18,15,210
1065,9,19,14,51
1065,853,20,16,210
1066,846,1,7,1
1066,832,2,3,6
1066,847,3,10,3
1066,1,4,1,131
1066,817,5,4,1
1066,4,6,6,214
1066,822,7,5,131
1066,840,8,11,117
1066,815,9,9,9
1066,839,10,14,214
1066,20,11,12,117
1066,842,12,13,213
1066,852,13,17,213
1066,849,14,19,3
1066,844,15,15,6
1066,8,16,8,51
1066,854,17,20,210
1066,841,18,16,51
1066,853,19,18,210
1066,830,20,2,9
1067,1,1,5,131
1067,822,2,1,131
1067,830,3,2,9
1067,844,4,4,6
1067,842,5,6,213
1067,4,6,16,214
1067,815,7,3,9
1067,846,8,7,1
1067,840,9,9,117
1067,852,10,14,213
1067,20,11,18,117
1067,839,12,10,214
1067,847,13,15,3
1067,854,14,19,210
1067,832,15,8,6
1067,817,16,13,1
1067,849,17,17,3
1067,841,18,11,51
1067,8,19,12,51
1067,853,20,20,210
1069,830,1,1,9
1069,1,2,2,131
1069,815,3,3,9
1069,822,4,6,131
1069,844,5,4,6
1069,832,6,7,6
1069,817,7,5,1
1069,846,8,8,1
1069,842,9,20,213
1069,852,10,9,213
1069,839,11,19,214
1069,20,12,10,117
1069,841,13,11,51
1069,4,14,18,214
1069,847,15,14,3
1069,840,16,12,117
1069,849,17,15,3
1069,8,18,13,51
1069,854,19,16,210
1069,853,20,17,210
1070,822,1,15,131
1070,1,2,2,131
1070,830,3,1,9
1070,815,4,3,9
1070,842,5,4,213
1070,832,6,6,6
1070,817,7,12,1
1070,844,8,5,6
1070,852,9,20,213
1070,846,10,10,1
1070,20,11,7,117
1070,8,12,8,51
1070,847,13,16,3
1070,841,14,11,51
1070,839,15,13,214
1070,4,16,9,214
1070,849,17,17,3
1070,854,18,19,210
1070,853,19,18,210
1070,840,20,14,117
1071,1,1,1,131
1071,830,2,2,9
1071,822,3,3,131
1071,815,4,4,9
1071,842,5,7,213
1071,832,6,6,6
1071,844,7,5,6
1071,846,8,10,1
1071,817,9,19,1
1071,4,10,9,214
1071,839,11,8,214
1071,20,12,11,117
1071,852,13,15,213
1071,8,14,12,51
1071,841,15,14,51
1071,840,16,20,117
1071,849,17,16,3
1071,847,18,13,3
1071,854,19,18,210
1071,853,20,17,210
1051,1,1,1,131
1051,830,2,2,9
1051,822,3,20,131
1051,842,4,11,213
1051,4,5,3,214
1051,846,6,9,1
1051,832,7,7,6
1051,852,8,13,213
1051,839,9,5,214
1051,20,10,10,117
1051,815,11,4,9
1051,840,12,6,117
1051,844,13,8,6
1051,817,14,12,1
1051,847,15,17,3
1051,8,16,14,51
1051,849,17,19,3
1051,841,18,15,51
1051,854,19,16,210
1051,853,20,18,210
1072,1,1,1,131
1072,822,2,3,131
1072,830,3,2,9
1072,844,4,7,6
1072,815,5,17,9
1072,842,6,6,213
1072,846,7,10,1
1072,852,8,14,213
1072,839,9,4,214
1072,841,10,9,51
1072,817,11,5,1
1072,8,12,15,51
1072,4,13,13,214
1072,847,14,19,3
1072,832,15,8,6
1072,849,16,12,3
1072,20,17,16,117
1072,840,18,11,117
1072,854,19,20,210
1072,853,20,18,210
1073,830,1,1,9
1073,1,2,2,131
1073,846,3,7,1
1073,815,4,15,9
1073,832,5,3,6
1073,822,6,6,131
1073,844,7,10,6
1073,852,8,4,213
1073,839,9,9,214
1073,817,10,12,1
1073,4,11,8,214
1073,842,12,5,213
1073,840,13,13,117
1073,841,14,17,51
1073,20,15,11,117
1073,849,16,16,3
1073,847,17,18,3
1073,8,18,19,51
1073,854,19,14,210
1073,853,20,20,210
1074,844,1,1,6
1074,830,2,19,9
1074,832,3,2,6
1074,815,4,18,9
1074,1,5,3,131
1074,822,6,6,51
1074,825,7,5,210
1074,4,8,9,214
1074,847,9,4,131
1074,842,10,20,213
1074,839,11,7,214
1074,854,12,11,210
1074,846,13,15,1
1074,848,14,13,3
1074,855,15,10,51
1074,852,16,8,213
1074,807,17,17,117
1074,817,18,14,1
1074,840,19,12,117
1074,849,20,16,3
1075,855,13,11,51
1075,817,12,17,1
1075,846,11,7,1
1075,825,10,9,210
1075,842,9,8,213
1075,822,8,15,51
1075,4,7,16,214
1075,847,6,5,131
1075,839,5,6,214
1075,830,4,1,9
1075,832,3,3,6
1075,844,2,2,6
1075,815,1,4,9
1075,854,14,20,210
1075,840,15,13,117
1075,1,16,10,131
1075,848,17,14,3
1075,807,18,12,117
1075,849,19,18,3
1075,852,20,19,213
1076,844,1,1,6
1076,830,2,18,9
1076,815,3,2,9
1076,846,4,5,1
1076,1,5,4,131
1076,847,6,3,131
1076,817,7,6,1
1076,839,8,7,214
1076,832,9,20,6
1076,4,10,17,214
1076,842,11,9,213
1076,822,12,8,51
1076,852,13,15,213
1076,855,14,11,51
1076,854,15,13,210
1076,848,16,10,3
1076,825,17,14,210
1076,20,18,19,117
1076,849,19,16,3
1076,840,20,12,117
1077,830,1,1,9
1077,844,2,6,6
1077,846,3,3,1
1077,825,4,9,210
1077,4,5,19,214
1077,817,6,18,1
1077,815,7,2,9
1077,822,8,5,51
1077,20,9,8,117
1077,832,10,20,6
1077,847,11,4,131
1077,854,12,17,210
1077,1,13,13,131
1077,855,14,15,51
1077,840,15,10,117
1077,852,16,7,213
1077,842,17,12,213
1077,849,18,16,3
1077,839,19,14,214
1077,848,20,11,3
1078,844,1,2,6
1078,832,2,3,6
1078,830,3,1,9
1078,815,4,4,9
1078,822,5,7,51
1078,1,6,6,131
1078,842,7,18,213
1078,846,8,19,1
1078,852,9,12,213
1078,840,10,10,117
1078,4,11,11,214
1078,847,12,5,131
1078,20,13,17,117
1078,817,14,13,1
1078,854,15,15,210
1078,825,16,16,210
1078,855,17,20,51
1078,848,18,9,3
1078,849,19,14,3
1078,839,20,8,214
1079,844,1,20,6
1079,830,2,1,9
1079,832,3,4,6
1079,847,4,3,131
1079,815,5,2,9
1079,1,6,5,131
1079,822,7,6,51
1079,825,8,17,210
1079,817,9,12,1
1079,854,10,14,210
1079,846,11,8,1
1079,839,12,7,214
1079,852,13,10,213
1079,842,14,13,213
1079,855,15,19,51
1079,20,16,11,117
1079,4,17,9,214
1079,840,18,15,117
1079,848,19,18,3
1079,849,20,16,3
1080,844,1,4,6
1080,832,2,2,6
1080,815,3,1,9
1080,830,4,3,9
1080,846,5,6,1
1080,847,6,5,131
1080,4,7,7,214
1080,1,8,8,131
1080,20,9,10,117
1080,839,10,12,214
1080,852,11,17,213
1080,822,12,9,51
1080,825,13,20,210
1080,817,14,13,1
1080,854,15,19,210
1080,848,16,18,3
1080,842,17,11,213
1080,840,18,14,117
1080,849,19,15,3
1080,855,20,16,51
1081,844,1,19,6
1081,815,2,2,9
1081,830,3,1,9
1081,832,4,20,6
1081,847,5,3,131
1081,842,6,5,213
1081,1,7,4,131
1081,852,8,13,213
1081,20,9,6,117
1081,4,10,7,214
1081,846,11,9,1
1081,817,12,8,1
1081,839,13,10,214
1081,855,14,18,51
1081,822,15,11,51
1081,825,16,17,210
1081,848,17,12,3
1081,849,18,15,3
1081,840,19,16,117
1081,854,20,14,210
1082,830,1,1,9
1082,4,2,9,214
1082,832,3,2,6
1082,1,4,3,131
1082,825,5,17,210
1082,854,6,19,210
1082,839,7,6,214
1082,847,8,4,131
1082,817,9,11,1
1082,855,10,8,51
1082,822,11,7,51
1082,848,12,13,3
1082,815,13,20,9
1082,846,14,15,1
1082,844,15,5,6
1082,842,16,14,213
1082,20,17,12,117
1082,840,18,10,117
1082,849,19,16,3
1082,852,20,18,213
1083,832,1,1,6
1083,830,2,7,9
1083,844,3,4,6
1083,815,4,2,9
1083,1,5,3,131
1083,846,6,6,1
1083,4,7,5,214
1083,847,8,18,131
1083,855,9,19,51
1083,849,10,12,3
1083,842,11,16,213
1083,822,12,17,51
1083,852,13,14,213
1083,817,14,13,1
1083,839,15,15,214
1083,848,16,20,3
1083,825,17,10,210
1083,20,18,9,117
1083,854,19,8,210
1083,840,20,11,117
1084,830,1,2,9
1084,844,2,1,6
1084,832,3,18,6
1084,847,4,4,131
1084,839,5,5,214
1084,825,6,8,210
1084,854,7,6,210
1084,4,8,10,214
1084,1,9,3,131
1084,842,10,15,213
1084,848,11,12,3
1084,822,12,11,51
1084,815,13,20,9
1084,852,14,16,213
1084,846,15,7,1
1084,817,16,9,1
1084,840,17,13,117
1084,855,18,14,51
1084,849,19,19,3
1084,20,20,17,117
1085,844,1,19,6
1085,830,2,1,9
1085,815,3,4,9
1085,1,4,2,131
1085,846,5,7,1
1085,847,6,3,131
1085,4,7,6,214
1085,852,8,20,213
1085,832,9,5,6
1085,825,10,18,210
1085,817,11,9,1
1085,839,12,8,214
1085,822,13,14,51
1085,20,14,11,117
1085,848,15,13,3
1085,842,16,12,213
1085,840,17,10,117
1085,855,18,16,51
1085,854,19,15,210
1085,849,20,17,3
1086,847,1,3,131
1086,832,2,4,6
1086,844,3,6,6
1086,846,4,7,1
1086,839,5,9,214
1086,4,6,8,214
1086,1,7,2,131
1086,822,8,20,51
1086,817,9,15,1
1086,830,10,1,9
1086,815,11,5,9
1086,855,12,13,51
1086,825,13,16,210
1086,840,14,11,117
1086,854,15,14,210
1086,852,16,19,213
1086,848,17,17,3
1086,20,18,10,117
1086,842,19,12,213
1086,849,20,18,3
1087,830,1,1,9
1087,832,2,3,6
1087,815,3,2,9
1087,844,4,6,6
1087,839,5,7,214
1087,4,6,5,214
1087,1,7,20,131
1087,847,8,4,131
1087,848,9,10,3
1087,846,10,12,1
1087,817,11,15,1
1087,842,12,9,213
1087,855,13,14,51
1087,840,14,11,117
1087,854,15,17,210
1087,20,16,8,117
1087,849,17,18,3
1087,825,18,16,210
1087,852,19,13,213
1087,822,20,19,51
1088,830,1,1,9
1088,844,2,3,6
1088,832,3,8,6
1088,1,4,4,131
1088,815,5,5,9
1088,847,6,2,131
1088,846,7,7,1
1088,854,8,13,210
1088,852,9,20,213
1088,840,10,10,117
1088,842,11,11,213
1088,839,12,9,214
1088,4,13,6,214
1088,855,14,16,51
1088,848,15,12,3
1088,822,16,19,51
1088,817,17,17,1
1088,825,18,15,210
1088,20,19,14,117
1088,849,20,18,3
1089,844,1,2,6
1089,830,2,1,9
1089,832,3,4,6
1089,815,4,6,9
1089,1,5,5,131
1089,847,6,3,131
1089,846,7,7,1
1089,817,8,17,1
1089,842,9,8,213
1089,4,10,19,214
1089,839,11,11,214
1089,822,12,13,51
1089,856,13,9,3
1089,855,14,10,51
1089,852,15,14,213
1089,849,16,15,3
1089,20,17,20,117
1089,840,18,18,117
1089,825,19,16,210
1089,854,20,12,210
1091,844,1,2,6
1091,815,2,1,9
1091,1,3,9,131
1091,832,4,3,6
1091,4,5,18,214
1091,846,6,4,1
1091,842,7,10,213
1091,830,8,7,9
1091,825,9,12,210
1091,852,10,15,213
1091,847,11,14,131
1091,840,12,6,117
1091,854,13,13,210
1091,20,14,8,117
1091,855,15,20,51
1091,822,16,11,51
1091,817,17,5,1
1091,839,18,16,214
1091,848,19,17,3
1091,849,20,19,3
1092,830,1,1,9
1092,844,2,3,6
1092,832,3,19,6
1092,815,4,2,9
1092,839,5,4,214
1092,1,6,5,131
1092,4,7,7,214
1092,847,8,8,131
1092,20,9,6,117
1092,846,10,10,1
1092,817,11,11,1
1092,822,12,15,51
1092,852,13,13,213
1092,855,14,16,51
1092,854,15,17,210
1092,848,16,20,3
1092,842,17,18,213
1092,825,18,14,210
1092,840,19,12,117
1092,849,20,9,3
1093,832,1,20,6
1093,844,2,3,6
1093,830,3,1,9
1093,815,4,4,9
1093,1,5,2,131
1093,847,6,5,131
1093,840,7,18,117
1093,846,8,6,1
1093,4,9,7,214
1093,822,10,19,51
1093,848,11,13,3
1093,20,12,8,117
1093,842,13,14,213
1093,855,14,12,51
1093,852,15,10,213
1093,825,16,9,210
1093,817,17,16,1
1093,839,18,11,214
1093,854,19,15,210
1093,849,20,17,3
1094,830,1,1,9
1094,847,2,4,131
1094,1,3,2,131
1094,815,4,3,9
1094,832,5,5,6
1094,822,6,10,51
1094,844,7,6,6
1094,846,8,9,1
1094,4,9,19,214
1094,839,10,8,214
1094,817,11,7,1
1094,855,12,13,51
1094,852,13,20,213
1094,842,14,11,213
1094,825,15,17,210
1094,854,16,16,210
1094,20,17,14,117
1094,840,18,15,117
1094,848,19,12,3
1094,849,20,18,3
1095,825,1,19,210
1095,830,2,6,9
1095,847,3,1,131
1095,846,4,18,1
1095,832,5,3,6
1095,839,6,8,214
1095,4,7,5,214
1095,1,8,2,131
1095,815,9,7,9
1095,844,10,4,6
1095,848,11,15,3
1095,842,12,14,213
1095,20,13,11,117
1095,817,14,20,1
1095,849,16,16,3
1095,855,17,12,51
1095,822,18,9,51
1095,852,19,17,213
1095,854,20,13,210
1095,840,15,10,117
1096,830,1,1,9
1096,815,2,3,9
1096,844,3,2,6
1096,832,4,4,6
1096,1,5,18,131
1096,847,6,5,131
1096,846,7,6,1
1096,839,8,7,214
1096,20,9,10,117
1096,817,10,9,1
1096,4,11,20,214
1096,852,12,11,213
1096,854,13,16,210
1096,840,14,8,117
1096,855,15,12,51
1096,825,16,17,210
1096,842,17,14,213
1096,822,18,15,51
1096,848,19,13,3
1096,849,20,19,3
